order_id,customer_id,product_id,category,brand,price,quantity,order_date,city
ORD10001,CUST042,PRD017,Electronics,Boat,1299.00,1,2024-01-01,Mumbai
ORD10002,CUST119,PRD221,Fashion,Levis,2199.00,1,2024-01-01,Mumbai
ORD10003,CUST042,PRD088,Home & Kitchen,Milton,649.00,2,2024-01-02,Mumbai
ORD10004,CUST311,PRD500,Electronics,Samsung,18999.00,1,2024-01-02,Mumbai
ORD10005,CUST008,PRD156,Beauty,Lakme,399.00,3,2024-01-02,Bengaluru
ORD10006,CUST1450,PRD171,Beauty,Lakme,599.00,1,2024-01-03,Hyderabad
ORD10007,CUST1306,PRD522,Fashion,Woodland,302.00,1,2024-01-03,Delhi
ORD10008,CUST255,PRD506,Fashion,Allen Solly,745.00,1,2024-01-03,Mumbai
ORD10008,CUST255,PRD480,Sports,Nike,942.00,1,2024-01-03,Mumbai
ORD10008,CUST255,PRD522,Fashion,Woodland,302.00,4,2024-01-03,Mumbai
ORD10008,CUST255,PRD163,Electronics,Realme,1801.00,1,2024-01-03,Mumbai
ORD10009,CUST720,PRD381,Fashion,Peter England,406.00,3,2024-01-03,Mumbai
ORD10009,CUST720,PRD277,Electronics,Samsung,2013.00,1,2024-01-03,Mumbai
ORD10010,CUST924,PRD225,Electronics,Samsung,469.00,1,2024-01-03,Chennai
ORD10011,CUST084,PRD304,Sports,Campus,1385.00,1,2024-01-03,Delhi
ORD10012,CUST1271,PRD316,Home & Kitchen,Milton,458.00,2,2024-01-03,Mumbai
ORD10012,CUST1271,PRD141,Fashion,Puma,677.00,1,2024-01-03,Mumbai
ORD10013,CUST1461,PRD115,Fashion,Woodland,547.00,1,2024-01-03,Kolkata
ORD10014,CUST365,PRD215,Sports,Campus,638.00,2,2024-01-03,Delhi
ORD10015,CUST077,PRD154,Beauty,Lakme,404.00,1,2024-01-03,Pune
ORD10016,CUST066,PRD191,Fashion,Levis,651.00,1,2024-01-03,Bengaluru
ORD10017,CUST967,PRD192,Electronics,Mi,2555.00,1,2024-01-03,Pune
ORD10017,CUST967,PRD163,Electronics,Realme,1801.00,1,2024-01-03,Pune
ORD10018,CUST1212,PRD154,Beauty,Lakme,404.00,6,2024-01-03,Chennai
ORD10019,CUST589,PRD261,Fashion,,324.00,3,2024-01-03,Delhi
ORD10019,CUST589,PRD392,Home & Kitchen,Pigeon,1205.00,1,2024-01-03,Delhi
ORD10020,CUST775,PRD091,Home & Kitchen,Cello,349.00,2,2024-01-03,Delhi
ORD10021,CUST1112,PRD246,Sports,Decathlon,256.00,1,2024-01-03,Ahmedabad
ORD10022,CUST578,PRD491,Electronics,Boat,1154.00,2,2024-01-03,Bengaluru
ORD10023,CUST1136,PRD235,Electronics,Boult,1773.00,1,2024-01-03,Bengaluru
ORD10023,CUST1136,PRD197,Sports,Cosco,3499.00,1,2024-01-03,Bengaluru
ORD10023,CUST1136,PRD513,Sports,Decathlon,3680.00,1,2024-01-03,Bengaluru
ORD10024,CUST1078,PRD509,Electronics,Noise,1956.00,1,2024-01-03,Hyderabad
ORD10025,CUST425,PRD447,Fashion,Sparx,974.00,2,2024-01-03,Bengaluru
ORD10026,CUST1145,PRD015,Beauty,Plum,264.00,2,2024-01-03,Bengaluru
ORD10026,CUST1145,PRD173,Sports,Cosco,555.00,1,2024-01-03,Bengaluru
ORD10026,CUST1145,PRD434,Home & Kitchen,Cello,2260.00,1,2024-01-03,Bengaluru
ORD10027,CUST1317,PRD381,Fashion,Peter England,406.00,3,2024-01-03,Delhi
ORD10027,CUST1317,PRD521,Beauty,Plum,303.00,1,2024-01-03,Delhi
ORD10027,CUST1317,PRD279,Fashion,Peter England,462.00,5,2024-01-03,Delhi
ORD10028,CUST322,PRD559,Sports,Nivia,899.00,2,2024-01-03,Delhi
ORD10028,CUST322,PRD518,Electronics,Mi,4469.00,1,2024-01-03,Delhi
ORD10029,CUST1128,PRD133,Sports,Nike,1173.00,3,2024-01-03,Mumbai
ORD10029,CUST1128,PRD234,Fashion,Bata,484.00,5,2024-01-03,Mumbai
ORD10029,CUST1128,PRD163,Electronics,Realme,1801.00,3,2024-01-03,Mumbai
ORD10030,CUST268,PRD415,Fashion,Woodland,2499.00,1,2024-01-03,Chennai
ORD10030,CUST268,PRD067,Fashion,Woodland,1999.00,1,2024-01-03,Chennai
ORD10030,CUST268,PRD340,Fashion,,1499.00,2,2024-01-03,Chennai
ORD10030,CUST268,PRD521,Beauty,Plum,303.00,3,2024-01-03,Chennai
ORD10031,CUST1409,PRD297,Home & Kitchen,Pigeon,1081.00,1,2024-01-03,Mumbai
ORD10032,CUST117,PRD163,Electronics,Realme,1801.00,1,2024-01-03,Delhi
ORD10032,CUST117,PRD436,Sports,Nivia,2199.00,1,2024-01-03,Delhi
ORD10033,CUST1074,PRD247,Sports,Campus,1130.00,1,2024-01-03,Kolkata
ORD10033,CUST1074,PRD340,Fashion,Peter England,1499.00,1,2024-01-03,Kolkata
ORD10033,CUST1074,PRD140,Home & Kitchen,Prestige,2499.00,1,2024-01-03,Kolkata
ORD10034,CUST1291,PRD358,Electronics,Apple,205.00,1,2024-01-03,Chennai
ORD10035,CUST1010,PRD060,Books,HarperCollins,785.00,2,2024-01-03,Pune
ORD10035,CUST1010,PRD138,Beauty,Himalaya,390.00,8,2024-01-03,Pune
ORD10036,CUST837,PRD574,Electronics,Mi,318.00,1,2024-01-03,Mumbai
ORD10037,CUST1226,PRD508,Electronics,Sony,1978.00,2,2024-01-03,Bengaluru
ORD10038,CUST132,PRD228,Electronics,Realme,1737.00,1,2024-01-03,Chennai
ORD10039,CUST222,PRD129,Home & Kitchen,Pigeon,728.00,2,2024-01-03,Hyderabad
ORD10040,CUST788,PRD238,Home & Kitchen,Borosil,948.00,1,2024-01-03,Delhi
ORD10040,CUST788,PRD188,Fashion,Bata,799.00,2,2024-01-03,Delhi
ORD10041,CUST1062,PRD295,Books,Rupa,420.00,1,2024-01-03,Chennai
ORD10041,CUST1062,PRD444,Electronics,Samsung,346.00,2,2024-01-03,Chennai
ORD10041,CUST1062,PRD154,Beauty,Lakme,404.00,2,2024-01-03,Chennai
ORD10041,CUST1062,PRD204,Electronics,Boat,1299.00,1,2024-01-03,Chennai
ORD10042,CUST932,PRD428,Electronics,OnePlus,921.00,1,2024-01-03,Pune
ORD10043,CUST988,PRD163,Electronics,Realme,1801.00,1,2024-01-03,Bengaluru
ORD10043,CUST988,PRD468,Electronics,Mi,1890.00,3,2024-01-03,Bengaluru
ORD10044,CUST386,PRD500,Electronics,Samsung,18999.00,2,2024-01-04,Kolkata
ORD10044,CUST386,PRD416,Electronics,Boat,1236.00,1,2024-01-04,Kolkata
ORD10045,CUST1025,PRD174,Fashion,Bata,1462.00,1,2024-01-04,Kolkata
ORD10046,CUST119,PRD525,Books,Bloomsbury,699.00,2,2024-01-04,Mumbai
ORD10047,CUST258,PRD445,Electronics,Samsung,236.00,1,2024-01-04,Mumbai
ORD10048,CUST059,PRD163,Electronics,Realme,1801.00,1,2024-01-04,Bengaluru
ORD10048,CUST059,PRD373,Fashion,Peter England,527.00,1,2024-01-04,Bengaluru
ORD10048,CUST059,PRD252,Electronics,OnePlus,270.00,1,2024-01-04,Bengaluru
ORD10049,CUST751,PRD521,Beauty,Plum,303.00,2,2024-01-04,Delhi
ORD10050,CUST972,PRD444,Electronics,Samsung,346.00,5,2024-01-04,Mumbai
ORD10050,CUST972,PRD107,Electronics,JBL,844.00,1,2024-01-04,Mumbai
ORD10051,CUST170,PRD272,Electronics,JBL,188.00,3,2024-01-04,Mumbai
ORD10051,CUST170,PRD583,Fashion,Biba,735.00,1,2024-01-04,Mumbai
ORD10052,CUST387,PRD361,Fashion,Allen Solly,1073.00,1,2024-01-04,Delhi
ORD10053,CUST160,PRD367,Electronics,Realme,505.00,1,2024-01-04,Pune
ORD10054,CUST272,PRD168,Home & Kitchen,Prestige,1522.00,3,2024-01-04,Delhi
ORD10054,CUST272,PRD434,Home & Kitchen,Cello,2260.00,1,2024-01-04,Delhi
ORD10054,CUST272,PRD150,Beauty,Maybelline,726.00,1,2024-01-04,Delhi
ORD10055,CUST1044,PRD329,Electronics,OnePlus,1419.00,2,2024-01-04,Ahmedabad
ORD10056,CUST658,PRD526,Beauty,Plum,712.00,1,2024-01-04,Delhi
ORD10057,CUST1147,PRD245,Sports,Nike,3495.00,1,2024-01-04,Chennai
ORD10057,CUST1147,PRD494,Fashion,Sparx,605.00,1,2024-01-04,Chennai
ORD10057,CUST1147,PRD569,Fashion,Peter England,765.00,1,2024-01-04,Chennai
ORD10058,CUST795,PRD025,Beauty,Nivea,157.00,3,2024-01-04,Bengaluru
ORD10059,CUST113,PRD129,Home & Kitchen,Pigeon,728.00,1,2024-01-04,Bengaluru
ORD10060,CUST1145,PRD026,Home & Kitchen,Milton,781.00,2,2024-01-04,Bengaluru
ORD10061,CUST1462,PRD204,Electronics,Boat,1299.00,1,2024-01-04,Mumbai
ORD10061,CUST1462,PRD239,Fashion,Levis,644.00,1,2024-01-04,Mumbai
ORD10061,CUST1462,PRD295,Books,Rupa,420.00,4,2024-01-04,Mumbai
ORD10062,CUST275,PRD508,Electronics,Sony,1978.00,1,2024-01-04,Mumbai
ORD10063,CUST132,PRD140,Home & Kitchen,Prestige,2499.00,1,2024-01-04,Chennai
ORD10064,CUST571,PRD579,Beauty,Plum,661.00,1,2024-01-04,Delhi
ORD10065,CUST843,PRD295,Books,Rupa,420.00,2,2024-01-04,Mumbai
ORD10066,CUST1495,PRD540,Home & Kitchen,Cello,2999.00,1,2024-01-04,Mumbai
ORD10066,CUST1495,PRD307,Books,Rupa,1199.00,2,2024-01-04,Mumbai
ORD10066,CUST1495,PRD332,Fashion,Biba,597.00,1,2024-01-04,Mumbai
ORD10067,CUST712,PRD357,Home & Kitchen,Milton,918.00,1,2024-01-04,Kolkata
ORD10068,CUST002,PRD200,Beauty,Biotique,209.00,4,2024-01-04,Delhi
ORD10069,CUST689,PRD283,Beauty,Himalaya,318.00,1,2024-01-04,Delhi
ORD10070,CUST827,PRD242,Home & Kitchen,Cello,890.00,1,2024-01-04,Delhi
ORD10071,CUST1199,PRD140,Home & Kitchen,Prestige,2499.00,1,2024-01-04,Bengaluru
ORD10072,CUST129,PRD092,Beauty,Maybelline,184.00,2,2024-01-04,Hyderabad
ORD10073,CUST477,PRD307,Books,Rupa,1199.00,2,2024-01-04,Kolkata
ORD10073,CUST477,PRD275,Electronics,JBL,464.00,1,2024-01-04,Kolkata
ORD10074,CUST315,PRD278,Home & Kitchen,Cello,1899.00,1,2024-01-04,Chennai
ORD10074,CUST315,PRD032,Fashion,Levis,823.00,3,2024-01-04,Chennai
ORD10075,CUST1058,PRD231,Sports,Yonex,244.00,2,2024-01-04,Pune
ORD10076,CUST967,PRD558,Sports,Adidas,858.00,1,2024-01-04,Pune
ORD10077,CUST631,PRD452,Home & Kitchen,Wonderchef,462.00,5,2024-01-04,Hyderabad
ORD10078,CUST633,PRD410,Electronics,OnePlus,4071.00,1,2024-01-04,Hyderabad
ORD10078,CUST633,PRD337,Electronics,Boult,482.00,1,2024-01-04,Hyderabad
ORD10079,CUST884,PRD179,Electronics,Noise,1044.00,1,2024-01-04,Delhi
ORD10079,CUST884,PRD162,Beauty,Nivea,177.00,1,2024-01-04,Delhi
ORD10080,CUST1264,PRD461,Fashion,Peter England,1071.00,1,2024-01-04,Bengaluru
ORD10080,CUST1264,PRD006,Beauty,Lakme,160.00,2,2024-01-04,Bengaluru
ORD10080,CUST1264,PRD284,Electronics,OnePlus,1929.00,1,2024-01-04,Bengaluru
ORD10081,CUST671,PRD521,Beauty,Plum,303.00,2,2024-01-04,Kolkata
ORD10082,CUST1441,PRD244,Books,Westland,441.00,2,2024-01-04,Bengaluru
ORD10082,CUST1441,PRD163,Electronics,Realme,1801.00,1,2024-01-04,Bengaluru
ORD10083,CUST1360,PRD247,Sports,Campus,1130.00,1,2024-01-04,Bengaluru
ORD10084,CUST1259,PRD349,Books,Bloomsbury,864.00,1,2024-01-04,Mumbai
ORD10084,CUST1259,PRD522,Fashion,Woodland,302.00,2,2024-01-04,Mumbai
ORD10085,CUST1258,PRD577,Electronics,Mi,1502.00,3,2024-01-04,Delhi
ORD10086,CUST1332,PRD277,Electronics,Samsung,2013.00,1,2024-01-04,Chennai
ORD10087,CUST599,PRD548,Electronics,Boult,2691.00,1,2024-01-04,Bengaluru
ORD10088,CUST995,PRD356,Electronics,Samsung,211.00,3,2024-01-04,Hyderabad
ORD10088,CUST995,PRD422,Sports,Cosco,864.00,1,2024-01-04,Hyderabad
ORD10088,CUST995,PRD221,Fashion,Levis,2199.00,1,2024-01-04,Hyderabad
ORD10089,CUST098,PRD563,Electronics,Samsung,443.00,1,2024-01-04,Hyderabad
ORD10090,CUST1235,PRD045,Fashion,Sparx,959.00,1,2024-01-04,Kolkata
ORD10090,CUST1235,PRD274,Beauty,Himalaya,188.00,3,2024-01-04,Kolkata
ORD10090,CUST1235,PRD163,Electronics,Realme,1801.00,1,2024-01-04,Kolkata
ORD10090,CUST1235,PRD219,Beauty,Nivea,480.00,6,2024-01-04,Kolkata
ORD10091,CUST1370,PRD530,Home & Kitchen,Prestige,1101.00,2,2024-01-05,Mumbai
ORD10091,CUST1370,PRD146,Electronics,Mi,227.00,2,2024-01-05,Mumbai
ORD10092,CUST1144,PRD111,Beauty,Nivea,266.00,2,2024-01-05,Hyderabad
ORD10093,CUST013,PRD468,Electronics,Mi,1890.00,1,2024-01-05,Chennai
ORD10094,CUST317,PRD391,Fashion,Bata,1999.00,1,2024-01-05,Chennai
ORD10094,CUST317,PRD439,Electronics,Boat,394.00,1,2024-01-05,Chennai
ORD10095,CUST742,PRD222,Home & Kitchen,Cello,968.00,1,2024-01-05,Mumbai
ORD10095,CUST742,PRD354,Electronics,Apple,474.00,1,2024-01-05,Mumbai
ORD10095,CUST742,PRD252,Electronics,OnePlus,270.00,8,2024-01-05,Mumbai
ORD10096,CUST1123,PRD176,Home & Kitchen,Borosil,459.00,4,2024-01-05,Kolkata
ORD10096,CUST1123,PRD521,Beauty,Plum,303.00,4,2024-01-05,Kolkata
ORD10097,CUST472,PRD508,Electronics,Sony,1978.00,1,2024-01-05,Delhi
ORD10098,CUST374,PRD132,Home & Kitchen,Milton,455.00,1,2024-01-05,Chennai
ORD10099,CUST1186,PRD234,Fashion,Bata,484.00,1,2024-01-05,Delhi
ORD10100,CUST882,PRD246,Sports,Decathlon,256.00,3,2024-01-05,Bengaluru
ORD10100,CUST882,PRD112,Beauty,Lakme,628.00,1,2024-01-05,Bengaluru
ORD10100,CUST882,PRD163,Electronics,Realme,1801.00,1,2024-01-05,Bengaluru
ORD10101,CUST485,PRD401,Electronics,Realme,1790.00,1,2024-01-05,Hyderabad
ORD10101,CUST485,PRD443,Fashion,Puma,437.00,1,2024-01-05,Hyderabad
ORD10102,CUST1280,PRD065,Electronics,Sony,211.00,2,2024-01-05,Hyderabad
ORD10103,CUST623,PRD556,Fashion,Woodland,1340.00,3,2024-01-05,Pune
ORD10103,CUST623,PRD154,Beauty,Lakme,404.00,1,2024-01-05,Pune
ORD10103,CUST623,PRD285,Electronics,Sony,613.00,1,2024-01-05,Pune
ORD10104,CUST283,PRD128,Books,Rupa,218.00,2,2024-01-05,Delhi
ORD10104,CUST283,PRD129,Home & Kitchen,Pigeon,728.00,1,2024-01-05,Delhi
ORD10105,CUST883,PRD232,Fashion,Biba,822.00,1,2024-01-05,Delhi
ORD10106,CUST1461,PRD341,Electronics,Noise,196.00,8,2024-01-05,Kolkata
ORD10107,CUST1125,PRD118,Home & Kitchen,Hawkins,2389.00,1,2024-01-05,Delhi
ORD10108,CUST1000,PRD307,Books,Rupa,1199.00,1,2024-01-05,Mumbai
ORD10108,CUST1000,PRD204,Electronics,Boat,1299.00,1,2024-01-05,Mumbai
ORD10109,CUST049,PRD204,Electronics,Boat,1299.00,1,2024-01-05,Chennai
ORD10110,CUST843,PRD224,Sports,Nivia,634.00,1,2024-01-05,Mumbai
ORD10111,CUST379,PRD337,Electronics,Boult,482.00,1,2024-01-05,Bengaluru
ORD10111,CUST379,PRD584,Sports,Nike,202.00,2,2024-01-05,Bengaluru
ORD10111,CUST379,PRD443,Fashion,Puma,437.00,1,2024-01-05,Bengaluru
ORD10112,CUST338,PRD095,Home & Kitchen,Pigeon,449.00,3,2024-01-05,Pune
ORD10112,CUST338,PRD518,Electronics,Mi,4469.00,1,2024-01-05,Pune
ORD10112,CUST338,PRD413,Fashion,Woodland,304.00,3,2024-01-05,Pune
ORD10112,CUST338,PRD295,Books,Rupa,420.00,1,2024-01-05,Pune
ORD10113,CUST1347,PRD225,Electronics,Samsung,469.00,2,2024-01-05,Bengaluru
ORD10114,CUST1181,PRD086,Sports,Decathlon,1825.00,2,2024-01-05,Chennai
ORD10114,CUST1181,PRD140,Home & Kitchen,Prestige,2499.00,1,2024-01-05,Chennai
ORD10115,CUST794,PRD076,Sports,Nivia,579.00,1,2024-01-05,Bengaluru
ORD10116,CUST130,PRD086,Sports,Decathlon,1825.00,1,2024-01-05,Delhi
ORD10117,CUST199,PRD461,Fashion,Peter England,1071.00,3,2024-01-05,Mumbai
ORD10118,CUST491,PRD017,Electronics,Boat,1299.00,2,2024-01-06,Kolkata
ORD10118,CUST491,PRD312,Sports,Nike,3499.00,1,2024-01-06,Kolkata
ORD10119,CUST866,PRD184,Fashion,Sparx,745.00,3,2024-01-06,Pune
ORD10120,CUST766,PRD410,Electronics,OnePlus,4071.00,1,2024-01-06,Mumbai
ORD10121,CUST049,PRD595,Fashion,Sparx,934.00,2,2024-01-06,Chennai
ORD10121,CUST049,PRD600,Fashion,Allen Solly,763.00,1,2024-01-06,Chennai
ORD10122,CUST702,PRD576,Beauty,Plum,177.00,1,2024-01-06,Pune
ORD10123,CUST1480,PRD521,Beauty,,303.00,1,2024-01-06,Hyderabad
ORD10124,CUST1191,PRD414,Beauty,Mamaearth,733.00,1,2024-01-06,Delhi
ORD10125,CUST065,PRD157,Electronics,OnePlus,2785.00,1,2024-01-06,Bengaluru
ORD10125,CUST065,PRD195,Books,Bloomsbury,599.00,3,2024-01-06,Bengaluru
ORD10126,CUST1409,PRD407,Sports,Puma,235.00,1,2024-01-06,Mumbai
ORD10127,CUST198,PRD535,Fashion,Bata,670.00,3,2024-01-06,Ahmedabad
ORD10128,CUST1154,PRD332,Fashion,Biba,597.00,2,2024-01-06,Bengaluru
ORD10129,CUST1163,PRD016,Electronics,Sony,1624.00,1,2024-01-06,Delhi
ORD10129,CUST1163,PRD391,Fashion,Bata,1999.00,2,2024-01-06,Delhi
ORD10129,CUST1163,PRD264,Home & Kitchen,Prestige,518.00,1,2024-01-06,Delhi
ORD10130,CUST1499,PRD367,Electronics,Realme,505.00,1,2024-01-06,Ahmedabad
ORD10131,CUST1001,PRD003,Electronics,JBL,3498.00,1,2024-01-06,Chennai
ORD10132,CUST1000,PRD061,Home & Kitchen,Prestige,1999.00,1,2024-01-06,Mumbai
ORD10133,CUST975,PRD522,Fashion,Woodland,302.00,1,2024-01-06,Hyderabad
ORD10134,CUST507,PRD268,Fashion,Levis,360.00,4,2024-01-06,Pune
ORD10135,CUST907,PRD519,Sports,Adidas,826.00,1,2024-01-06,Mumbai
ORD10135,CUST907,PRD135,Books,Westland,243.00,4,2024-01-06,Mumbai
ORD10136,CUST865,PRD220,Books,Westland,415.00,3,2024-01-06,Ahmedabad
ORD10137,CUST1193,PRD200,Beauty,Biotique,209.00,3,2024-01-06,Mumbai
ORD10137,CUST1193,PRD596,Electronics,Sony,440.00,3,2024-01-06,Mumbai
ORD10138,CUST055,PRD167,Beauty,Biotique,522.00,1,2024-01-06,Hyderabad
ORD10139,CUST468,PRD140,Home & Kitchen,Prestige,2499.00,1,2024-01-06,Delhi
ORD10140,CUST204,PRD495,Fashion,Woodland,1999.00,2,2024-01-06,Delhi
ORD10141,CUST810,PRD460,Beauty,Lakme,252.00,1,2024-01-06,Mumbai
ORD10142,CUST581,PRD225,Electronics,Samsung,469.00,1,2024-01-06,Chennai
ORD10142,CUST581,PRD336,Electronics,Mi,185.00,2,2024-01-06,Chennai
ORD10142,CUST581,PRD166,Electronics,Boult,1527.00,1,2024-01-06,Chennai
ORD10142,CUST581,PRD222,Home & Kitchen,Cello,968.00,1,2024-01-06,Chennai
ORD10143,CUST757,PRD247,Sports,Campus,1130.00,3,2024-01-06,Mumbai
ORD10144,CUST220,PRD461,Fashion,Peter England,1071.00,1,2024-01-06,Pune
ORD10145,CUST843,PRD443,Fashion,Puma,437.00,5,2024-01-06,Mumbai
ORD10146,CUST428,PRD343,Home & Kitchen,Hawkins,805.00,2,2024-01-06,Bengaluru
ORD10146,CUST428,PRD214,Fashion,Bata,650.00,1,2024-01-06,Bengaluru
ORD10147,CUST967,PRD082,Home & Kitchen,Butterfly,614.00,2,2024-01-06,Pune
ORD10147,CUST967,PRD323,Fashion,Woodland,312.00,1,2024-01-06,Pune
ORD10148,CUST1143,PRD240,Home & Kitchen,Pigeon,1232.00,1,2024-01-06,Bengaluru
ORD10149,CUST1414,PRD577,Electronics,Mi,1502.00,1,2024-01-06,Bengaluru
ORD10150,CUST1016,PRD295,Books,Rupa,420.00,5,2024-01-06,Chennai
ORD10150,CUST1016,PRD556,Fashion,Woodland,1340.00,1,2024-01-06,Chennai
ORD10151,CUST606,PRD226,Electronics,Sony,413.00,2,2024-01-06,Kolkata
ORD10152,CUST1472,PRD439,Electronics,Boat,394.00,2,2024-01-06,Bengaluru
ORD10153,CUST030,PRD113,Fashion,Levis,2999.00,1,2024-01-06,Mumbai
ORD10154,CUST603,PRD041,Sports,Yonex,1121.00,1,2024-01-06,Mumbai
ORD10155,CUST815,PRD126,Sports,Decathlon,1107.00,1,2024-01-06,Mumbai
ORD10155,CUST815,PRD198,Electronics,Samsung,341.00,3,2024-01-06,Mumbai
ORD10156,CUST1152,PRD445,Electronics,Samsung,236.00,2,2024-01-06,Pune
ORD10156,CUST1152,PRD256,Fashion,Biba,546.00,1,2024-01-06,Pune
ORD10157,CUST213,PRD204,Electronics,Boat,1299.00,1,2024-01-06,Bengaluru
ORD10158,CUST1416,PRD261,Fashion,Sparx,324.00,4,2024-01-06,Hyderabad
ORD10159,CUST1094,PRD170,Home & Kitchen,Hawkins,493.00,2,2024-01-06,Ahmedabad
ORD10160,CUST1011,PRD596,Electronics,Sony,440.00,5,2024-01-06,Mumbai
ORD10161,CUST925,PRD225,Electronics,Samsung,469.00,1,2024-01-06,Delhi
ORD10162,CUST730,PRD127,Beauty,Biotique,208.00,4,2024-01-06,Pune
ORD10163,CUST092,PRD095,Home & Kitchen,Pigeon,449.00,4,2024-01-06,Mumbai
ORD10164,CUST741,PRD461,Fashion,Peter England,1071.00,1,2024-01-06,Hyderabad
ORD10165,CUST1452,PRD163,Electronics,Realme,1801.00,1,2024-01-06,Ahmedabad
ORD10165,CUST1452,PRD171,Beauty,Lakme,599.00,1,2024-01-06,Ahmedabad
ORD10165,CUST1452,PRD053,Sports,Cosco,2360.00,1,2024-01-06,Ahmedabad
ORD10166,CUST1489,PRD410,Electronics,OnePlus,4071.00,1,2024-01-07,Pune
ORD10166,CUST1489,PRD549,Fashion,Biba,767.00,1,2024-01-07,Pune
ORD10166,CUST1489,PRD401,Electronics,Realme,1790.00,1,2024-01-07,Pune
ORD10167,CUST014,PRD228,Electronics,Realme,1737.00,1,2024-01-07,Pune
ORD10167,CUST014,PRD283,Beauty,Himalaya,318.00,2,2024-01-07,Pune
ORD10168,CUST609,PRD584,Sports,,202.00,1,2024-01-07,Mumbai
ORD10169,CUST353,PRD197,Sports,Cosco,3499.00,1,2024-01-07,Mumbai
ORD10169,CUST353,PRD035,Home & Kitchen,Hawkins,438.00,1,2024-01-07,Mumbai
ORD10169,CUST353,PRD286,Electronics,Noise,437.00,2,2024-01-07,Mumbai
ORD10170,CUST810,PRD020,Beauty,Maybelline,169.00,3,2024-01-07,Mumbai
ORD10171,CUST533,PRD222,Home & Kitchen,Cello,968.00,2,2024-01-07,Delhi
ORD10172,CUST157,PRD369,Sports,Decathlon,237.00,1,2024-01-07,Delhi
ORD10173,CUST1226,PRD307,Books,Rupa,1199.00,2,2024-01-07,Bengaluru
ORD10173,CUST1226,PRD160,Home & Kitchen,Borosil,899.00,1,2024-01-07,Bengaluru
ORD10174,CUST1398,PRD250,Home & Kitchen,Pigeon,1541.00,2,2024-01-07,Bengaluru
ORD10174,CUST1398,PRD225,Electronics,Samsung,469.00,2,2024-01-07,Bengaluru
ORD10174,CUST1398,PRD323,Fashion,Woodland,312.00,2,2024-01-07,Bengaluru
ORD10175,CUST372,PRD081,Home & Kitchen,Hawkins,616.00,1,2024-01-07,Delhi
ORD10175,CUST372,PRD197,Sports,Cosco,3499.00,1,2024-01-07,Delhi
ORD10176,CUST974,PRD015,Beauty,Plum,264.00,1,2024-01-07,Ahmedabad
ORD10177,CUST1481,PRD204,Electronics,Boat,1299.00,1,2024-01-07,Kolkata
ORD10177,CUST1481,PRD215,Sports,Campus,638.00,2,2024-01-07,Kolkata
ORD10177,CUST1481,PRD418,Home & Kitchen,Borosil,473.00,2,2024-01-07,Kolkata
ORD10178,CUST387,PRD129,Home & Kitchen,Pigeon,728.00,1,2024-01-07,Delhi
ORD10179,CUST1191,PRD162,Beauty,Nivea,177.00,3,2024-01-07,Delhi
ORD10179,CUST1191,PRD452,Home & Kitchen,Wonderchef,462.00,3,2024-01-07,Delhi
ORD10180,CUST631,PRD057,Electronics,Sony,1157.00,2,2024-01-07,Hyderabad
ORD10181,CUST654,PRD229,Electronics,Boat,976.00,1,2024-01-07,Chennai
ORD10182,CUST700,PRD327,Electronics,OnePlus,457.00,2,2024-01-07,Bengaluru
ORD10183,CUST108,PRD434,Home & Kitchen,Cello,2260.00,1,2024-01-07,Hyderabad
ORD10184,CUST967,PRD197,Sports,Cosco,3499.00,1,2024-01-07,Pune
ORD10184,CUST967,PRD442,Electronics,Apple,1029.00,2,2024-01-07,Pune
ORD10185,CUST587,PRD410,Electronics,OnePlus,4071.00,1,2024-01-07,Chennai
ORD10185,CUST587,PRD289,Electronics,Boult,826.00,1,2024-01-07,Chennai
ORD10185,CUST587,PRD150,Beauty,Maybelline,726.00,2,2024-01-07,Chennai
ORD10186,CUST1047,PRD588,Electronics,JBL,3249.00,2,2024-01-07,Mumbai
ORD10187,CUST1442,PRD111,Beauty,Nivea,266.00,3,2024-01-07,Bengaluru
ORD10188,CUST1200,PRD421,Electronics,Realme,507.00,1,2024-01-07,Chennai
ORD10189,CUST106,PRD130,Electronics,Sony,897.00,1,2024-01-07,Bengaluru
ORD10190,CUST615,PRD471,Home & Kitchen,Pigeon,1156.00,1,2024-01-07,Ahmedabad
ORD10191,CUST1283,PRD410,Electronics,OnePlus,4071.00,1,2024-01-07,Chennai
ORD10192,CUST1369,PRD337,Electronics,Boult,482.00,1,2024-01-07,Mumbai
ORD10193,CUST794,PRD025,Beauty,Nivea,157.00,3,2024-01-07,Bengaluru
ORD10194,CUST495,PRD381,Fashion,Peter England,406.00,5,2024-01-07,Delhi
ORD10194,CUST495,PRD168,Home & Kitchen,Prestige,1522.00,2,2024-01-07,Delhi
ORD10195,CUST885,PRD218,Sports,Cosco,263.00,1,2024-01-07,Chennai
ORD10195,CUST885,PRD320,Electronics,Mi,313.00,4,2024-01-07,Chennai
ORD10196,CUST1462,PRD163,Electronics,Realme,1801.00,3,2024-01-07,Mumbai
ORD10197,CUST1429,PRD307,Books,Rupa,1199.00,1,2024-01-07,Chennai
ORD10197,CUST1429,PRD295,Books,Rupa,420.00,2,2024-01-07,Chennai
ORD10197,CUST1429,PRD163,Electronics,Realme,1801.00,1,2024-01-07,Chennai
ORD10197,CUST1429,PRD357,Home & Kitchen,Milton,918.00,2,2024-01-07,Chennai
ORD10198,CUST517,PRD079,Fashion,Biba,1249.00,2,2024-01-07,Bengaluru
ORD10198,CUST517,PRD010,Beauty,Maybelline,1040.00,1,2024-01-07,Bengaluru
ORD10198,CUST517,PRD126,Sports,Decathlon,1107.00,1,2024-01-07,Bengaluru
ORD10198,CUST517,PRD440,Beauty,Maybelline,250.00,1,2024-01-07,Bengaluru
ORD10199,CUST907,PRD089,Fashion,Peter England,652.00,1,2024-01-07,Mumbai
ORD10199,CUST907,PRD215,Sports,Campus,638.00,1,2024-01-07,Mumbai
ORD10199,CUST907,PRD092,Beauty,Maybelline,184.00,4,2024-01-07,Mumbai
ORD10200,CUST1298,PRD137,Home & Kitchen,Wonderchef,737.00,2,2024-01-07,Delhi
ORD10201,CUST252,PRD162,Beauty,Nivea,177.00,1,2024-01-07,Bengaluru
ORD10202,CUST1242,PRD094,Books,Rupa,415.00,1,2024-01-07,Hyderabad
ORD10203,CUST329,PRD163,Electronics,Realme,1801.00,1,2024-01-08,Chennai
ORD10203,CUST329,PRD470,Beauty,Plum,397.00,1,2024-01-08,Chennai
ORD10203,CUST329,PRD345,Home & Kitchen,Prestige,4499.00,1,2024-01-08,Chennai
ORD10204,CUST528,PRD439,Electronics,Boat,394.00,2,2024-01-08,Pune
ORD10204,CUST528,PRD106,Sports,Nike,1746.00,2,2024-01-08,Pune
ORD10205,CUST886,PRD508,Electronics,Sony,1978.00,2,2024-01-08,Pune
ORD10205,CUST886,PRD547,Electronics,JBL,812.00,1,2024-01-08,Pune
ORD10206,CUST390,PRD121,Beauty,Biotique,1199.00,2,2024-01-08,Bengaluru
ORD10207,CUST489,PRD295,Books,Rupa,420.00,3,2024-01-08,Mumbai
ORD10208,CUST435,PRD280,Electronics,Apple,4376.00,1,2024-01-08,Delhi
ORD10208,CUST435,PRD539,Electronics,Realme,956.00,1,2024-01-08,Delhi
ORD10209,CUST917,PRD539,Electronics,Realme,956.00,1,2024-01-08,Bengaluru
ORD10210,CUST1111,PRD238,Home & Kitchen,Borosil,948.00,1,2024-01-08,Delhi
ORD10211,CUST1442,PRD508,Electronics,Sony,1978.00,1,2024-01-08,Bengaluru
ORD10212,CUST787,PRD020,Beauty,Maybelline,169.00,1,2024-01-08,Mumbai
ORD10212,CUST787,PRD247,Sports,Campus,1130.00,1,2024-01-08,Mumbai
ORD10213,CUST1458,PRD340,Fashion,Peter England,1499.00,2,2024-01-08,Bengaluru
ORD10213,CUST1458,PRD120,Fashion,Biba,650.00,1,2024-01-08,Bengaluru
ORD10213,CUST1458,PRD076,Sports,Nivia,579.00,1,2024-01-08,Bengaluru
ORD10213,CUST1458,PRD548,Electronics,Boult,2691.00,1,2024-01-08,Bengaluru
ORD10214,CUST1199,PRD135,Books,Westland,243.00,1,2024-01-08,Bengaluru
ORD10215,CUST290,PRD381,Fashion,Peter England,406.00,1,2024-01-08,Bengaluru
ORD10216,CUST950,PRD252,Electronics,OnePlus,270.00,2,2024-01-08,Delhi
ORD10216,CUST950,PRD521,Beauty,Plum,303.00,2,2024-01-08,Delhi
ORD10217,CUST313,PRD400,Fashion,Sparx,1492.00,1,2024-01-08,Bengaluru
ORD10218,CUST789,PRD210,Fashion,Sparx,599.00,2,2024-01-08,Chennai
ORD10218,CUST789,PRD245,Sports,Nike,3495.00,1,2024-01-08,Chennai
ORD10218,CUST789,PRD521,Beauty,Plum,303.00,4,2024-01-08,Chennai
ORD10219,CUST1108,PRD356,Electronics,Samsung,211.00,2,2024-01-08,Delhi
ORD10220,CUST1004,PRD563,Electronics,Samsung,443.00,1,2024-01-08,Kolkata
ORD10221,CUST495,PRD521,Beauty,Plum,303.00,1,2024-01-08,Delhi
ORD10222,CUST683,PRD550,Fashion,Biba,2786.00,1,2024-01-08,Mumbai
ORD10223,CUST491,PRD324,Fashion,Allen Solly,843.00,1,2024-01-08,Kolkata
ORD10224,CUST863,PRD225,Electronics,Samsung,469.00,2,2024-01-08,Kolkata
ORD10224,CUST863,PRD134,Electronics,OnePlus,346.00,2,2024-01-08,Kolkata
ORD10225,CUST220,PRD197,Sports,Cosco,3499.00,1,2024-01-08,Pune
ORD10226,CUST440,PRD275,Electronics,JBL,464.00,1,2024-01-08,Hyderabad
ORD10226,CUST440,PRD250,Home & Kitchen,Pigeon,1541.00,1,2024-01-08,Hyderabad
ORD10226,CUST440,PRD227,Home & Kitchen,Hawkins,1799.00,2,2024-01-08,Hyderabad
ORD10227,CUST1471,PRD441,Electronics,Sony,8613.00,1,2024-01-08,Hyderabad
ORD10228,CUST353,PRD452,Home & Kitchen,Wonderchef,462.00,5,2024-01-08,Mumbai
ORD10228,CUST353,PRD170,Home & Kitchen,Hawkins,493.00,2,2024-01-08,Mumbai
ORD10229,CUST765,PRD439,Electronics,Boat,394.00,1,2024-01-08,Hyderabad
ORD10229,CUST765,PRD468,Electronics,Mi,1890.00,1,2024-01-08,Hyderabad
ORD10230,CUST002,PRD230,Electronics,Apple,1596.00,1,2024-01-08,Delhi
ORD10231,CUST955,PRD152,Electronics,Sony,699.00,3,2024-01-08,Chennai
ORD10232,CUST881,PRD443,Fashion,Puma,437.00,1,2024-01-08,Kolkata
ORD10232,CUST881,PRD379,Electronics,Realme,3493.00,1,2024-01-08,Kolkata
ORD10232,CUST881,PRD128,Books,Rupa,218.00,2,2024-01-08,Kolkata
ORD10233,CUST069,PRD572,Electronics,Apple,1534.00,1,2024-01-08,Mumbai
ORD10233,CUST069,PRD431,Home & Kitchen,Wonderchef,798.00,1,2024-01-08,Mumbai
ORD10233,CUST069,PRD532,Electronics,Noise,719.00,1,2024-01-08,Mumbai
ORD10233,CUST069,PRD214,Fashion,Bata,650.00,1,2024-01-08,Mumbai
ORD10234,CUST700,PRD440,Beauty,Maybelline,250.00,4,2024-01-08,Bengaluru
ORD10235,CUST1450,PRD377,Sports,Adidas,558.00,1,2024-01-08,Hyderabad
ORD10236,CUST221,PRD126,Sports,Decathlon,1107.00,1,2024-01-08,Bengaluru
ORD10236,CUST221,PRD381,Fashion,Peter England,406.00,3,2024-01-08,Bengaluru
ORD10236,CUST221,PRD440,Beauty,Maybelline,250.00,2,2024-01-08,Bengaluru
ORD10236,CUST221,PRD429,Electronics,Boult,577.00,1,2024-01-08,Bengaluru
ORD10237,CUST1036,PRD070,Home & Kitchen,Wonderchef,1246.00,1,2024-01-08,Delhi
ORD10237,CUST1036,PRD168,Home & Kitchen,Prestige,1522.00,1,2024-01-08,Delhi
ORD10238,CUST1226,PRD017,Electronics,Boat,1299.00,1,2024-01-08,Bengaluru
ORD10238,CUST1226,PRD126,Sports,Decathlon,1107.00,2,2024-01-08,Bengaluru
ORD10239,CUST999,PRD035,Home & Kitchen,Hawkins,438.00,3,2024-01-08,Kolkata
ORD10239,CUST999,PRD349,Books,Bloomsbury,864.00,1,2024-01-08,Kolkata
ORD10240,CUST1367,PRD149,Electronics,Noise,4288.00,1,2024-01-08,Bengaluru
ORD10241,CUST926,PRD336,Electronics,Mi,185.00,3,2024-01-08,Delhi
ORD10242,CUST1411,PRD127,Beauty,Biotique,208.00,5,2024-01-08,Mumbai
ORD10243,CUST365,PRD513,Sports,Decathlon,3680.00,1,2024-01-08,Delhi
ORD10244,CUST984,PRD030,Electronics,Mi,1686.00,1,2024-01-08,Pune
ORD10245,CUST254,PRD102,Sports,Cosco,569.00,3,2024-01-08,Hyderabad
ORD10246,CUST1089,PRD403,Books,Rupa,201.00,1,2024-01-09,Kolkata
ORD10246,CUST1089,PRD076,Sports,Nivia,579.00,2,2024-01-09,Kolkata
ORD10247,CUST244,PRD197,Sports,Cosco,3499.00,1,2024-01-09,Mumbai
ORD10248,CUST524,PRD343,Home & Kitchen,Hawkins,805.00,1,2024-01-09,Bengaluru
ORD10248,CUST524,PRD508,Electronics,Sony,1978.00,3,2024-01-09,Bengaluru
ORD10249,CUST1243,PRD252,Electronics,OnePlus,270.00,1,2024-01-09,Hyderabad
ORD10249,CUST1243,PRD018,Fashion,Puma,418.00,2,2024-01-09,Hyderabad
ORD10250,CUST1175,PRD310,Sports,Decathlon,2499.00,1,2024-01-09,Bengaluru
ORD10251,CUST999,PRD392,Home & Kitchen,Pigeon,1205.00,3,2024-01-09,Kolkata
ORD10252,CUST015,PRD522,Fashion,Woodland,302.00,1,2024-01-09,Delhi
ORD10253,CUST325,PRD028,Electronics,Mi,576.00,1,2024-01-09,Mumbai
ORD10254,CUST772,PRD596,Electronics,Sony,440.00,1,2024-01-09,Bengaluru
ORD10255,CUST494,PRD410,Electronics,OnePlus,4071.00,1,2024-01-09,Mumbai
ORD10256,CUST668,PRD518,Electronics,Mi,4469.00,1,2024-01-09,Delhi
ORD10257,CUST544,PRD316,Home & Kitchen,Milton,458.00,2,2024-01-09,Chennai
ORD10257,CUST544,PRD303,Electronics,Boult,392.00,2,2024-01-09,Chennai
ORD10257,CUST544,PRD163,Electronics,Realme,1801.00,1,2024-01-09,Chennai
ORD10258,CUST1047,PRD477,Fashion,Levis,678.00,3,2024-01-09,Mumbai
ORD10258,CUST1047,PRD115,Fashion,Woodland,547.00,1,2024-01-09,Mumbai
ORD10258,CUST1047,PRD012,Home & Kitchen,Cello,615.00,2,2024-01-09,Mumbai
ORD10259,CUST674,PRD550,Fashion,Biba,2786.00,1,2024-01-09,Mumbai
ORD10260,CUST250,PRD046,Home & Kitchen,Cello,2604.00,1,2024-01-09,Delhi
ORD10260,CUST250,PRD121,Beauty,Biotique,1199.00,1,2024-01-09,Delhi
ORD10260,CUST250,PRD225,Electronics,Samsung,469.00,1,2024-01-09,Delhi
ORD10261,CUST1302,PRD567,Electronics,Realme,5695.00,1,2024-01-09,Bengaluru
ORD10261,CUST1302,PRD093,Fashion,Woodland,562.00,2,2024-01-09,Bengaluru
ORD10261,CUST1302,PRD204,Electronics,Boat,1299.00,1,2024-01-09,Bengaluru
ORD10262,CUST1361,PRD234,Fashion,Bata,484.00,3,2024-01-09,Mumbai
ORD10263,CUST142,PRD012,Home & Kitchen,Cello,615.00,1,2024-01-09,Delhi
ORD10264,CUST1126,PRD521,Beauty,Plum,303.00,2,2024-01-09,Mumbai
ORD10264,CUST1126,PRD251,Fashion,Puma,761.00,3,2024-01-09,Mumbai
ORD10265,CUST1479,PRD177,Fashion,Allen Solly,640.00,1,2024-01-09,Delhi
ORD10265,CUST1479,PRD583,Fashion,Biba,735.00,1,2024-01-09,Delhi
ORD10266,CUST907,PRD224,Sports,Nivia,634.00,1,2024-01-09,Mumbai
ORD10267,CUST578,PRD246,Sports,Decathlon,256.00,3,2024-01-09,Bengaluru
ORD10268,CUST641,PRD353,Beauty,Nivea,228.00,1,2024-01-09,Hyderabad
ORD10269,CUST301,PRD163,Electronics,Realme,1801.00,1,2024-01-09,Mumbai
ORD10270,CUST522,PRD245,Sports,Nike,3495.00,1,2024-01-09,Chennai
ORD10271,CUST902,PRD070,Home & Kitchen,Wonderchef,1246.00,1,2024-01-09,Hyderabad
ORD10272,CUST104,PRD468,Electronics,Mi,1890.00,1,2024-01-09,Bengaluru
ORD10273,CUST859,PRD381,Fashion,Peter England,406.00,6,2024-01-09,Hyderabad
ORD10273,CUST859,PRD306,Home & Kitchen,Wonderchef,732.00,2,2024-01-09,Hyderabad
ORD10273,CUST859,PRD190,Home & Kitchen,Cello,701.00,2,2024-01-09,Hyderabad
ORD10274,CUST797,PRD521,Beauty,Plum,303.00,3,2024-01-09,Chennai
ORD10275,CUST1328,PRD165,Beauty,Nivea,321.00,1,2024-01-09,Bengaluru
ORD10275,CUST1328,PRD225,Electronics,Samsung,469.00,1,2024-01-09,Bengaluru
ORD10276,CUST1385,PRD381,Fashion,Peter England,406.00,4,2024-01-09,Hyderabad
ORD10277,CUST290,PRD321,Beauty,Himalaya,237.00,3,2024-01-09,Bengaluru
ORD10278,CUST363,PRD401,Electronics,Realme,1790.00,1,2024-01-09,Hyderabad
ORD10278,CUST363,PRD405,Beauty,Maybelline,227.00,4,2024-01-09,Hyderabad
ORD10278,CUST363,PRD500,Electronics,Samsung,18999.00,1,2024-01-09,Hyderabad
ORD10278,CUST363,PRD058,Electronics,Mi,2999.00,1,2024-01-09,Hyderabad
ORD10279,CUST013,PRD204,Electronics,Boat,1299.00,1,2024-01-09,Chennai
ORD10279,CUST013,PRD498,Fashion,Levis,2999.00,1,2024-01-09,Chennai
ORD10280,CUST394,PRD513,Sports,Decathlon,3680.00,1,2024-01-09,Delhi
ORD10281,CUST730,PRD078,Fashion,Woodland,513.00,1,2024-01-09,Pune
ORD10282,CUST1192,PRD588,Electronics,JBL,3249.00,1,2024-01-09,Delhi
ORD10282,CUST1192,PRD248,Home & Kitchen,Wonderchef,980.00,1,2024-01-09,Delhi
ORD10282,CUST1192,PRD439,Electronics,Boat,394.00,1,2024-01-09,Delhi
ORD10283,CUST1334,PRD395,Beauty,Maybelline,618.00,1,2024-01-09,Ahmedabad
ORD10283,CUST1334,PRD530,Home & Kitchen,Prestige,1101.00,1,2024-01-09,Ahmedabad
ORD10283,CUST1334,PRD092,Beauty,Maybelline,184.00,1,2024-01-09,Ahmedabad
ORD10284,CUST773,PRD381,Fashion,Peter England,406.00,3,2024-01-10,Mumbai
ORD10285,CUST944,PRD019,Fashion,Woodland,707.00,1,2024-01-10,Chennai
ORD10286,CUST469,PRD117,Electronics,Boult,831.00,1,2024-01-10,Pune
ORD10287,CUST828,PRD214,Fashion,Bata,650.00,1,2024-01-10,Ahmedabad
ORD10288,CUST252,PRD030,Electronics,Mi,1686.00,2,2024-01-10,Bengaluru
ORD10289,CUST1168,PRD545,Electronics,Sony,1990.00,2,2024-01-10,Chennai
ORD10290,CUST1241,PRD521,Beauty,Plum,303.00,1,2024-01-10,Delhi
ORD10290,CUST1241,PRD106,Sports,Nike,1746.00,1,2024-01-10,Delhi
ORD10291,CUST1301,PRD236,Home & Kitchen,Butterfly,1329.00,1,2024-01-10,Mumbai
ORD10291,CUST1301,PRD525,Books,Bloomsbury,699.00,1,2024-01-10,Mumbai
ORD10292,CUST121,PRD332,Fashion,Biba,597.00,1,2024-01-10,Delhi
ORD10292,CUST121,PRD014,Sports,Yonex,1280.00,1,2024-01-10,Delhi
ORD10293,CUST570,PRD555,Electronics,Boult,2277.00,1,2024-01-10,Hyderabad
ORD10294,CUST390,PRD522,Fashion,Woodland,302.00,1,2024-01-10,Bengaluru
ORD10295,CUST109,PRD410,Electronics,OnePlus,4071.00,1,2024-01-10,Delhi
ORD10295,CUST109,PRD522,Fashion,Woodland,302.00,1,2024-01-10,Delhi
ORD10296,CUST147,PRD506,Fashion,Allen Solly,745.00,1,2024-01-10,Bengaluru
ORD10297,CUST1462,PRD401,Electronics,Realme,1790.00,1,2024-01-10,Mumbai
ORD10298,CUST159,PRD589,Fashion,Allen Solly,661.00,1,2024-01-10,Bengaluru
ORD10298,CUST159,PRD010,Beauty,Maybelline,1040.00,1,2024-01-10,Bengaluru
ORD10298,CUST159,PRD341,Electronics,Noise,196.00,6,2024-01-10,Bengaluru
ORD10299,CUST223,PRD140,Home & Kitchen,Prestige,2499.00,1,2024-01-10,Mumbai
ORD10300,CUST062,PRD312,Sports,Nike,3499.00,1,2024-01-10,Mumbai
ORD10301,CUST1448,PRD538,Sports,Nivia,347.00,1,2024-01-10,Pune
ORD10301,CUST1448,PRD132,Home & Kitchen,Milton,455.00,2,2024-01-10,Pune
ORD10302,CUST153,PRD204,Electronics,Boat,1299.00,1,2024-01-10,Delhi
ORD10303,CUST331,PRD381,Fashion,Peter England,406.00,3,2024-01-10,Mumbai
ORD10303,CUST331,PRD094,Books,Rupa,415.00,1,2024-01-10,Mumbai
ORD10304,CUST672,PRD456,Fashion,Sparx,519.00,1,2024-01-10,Bengaluru
ORD10304,CUST672,PRD247,Sports,Campus,1130.00,1,2024-01-10,Bengaluru
ORD10304,CUST672,PRD245,Sports,Nike,3495.00,1,2024-01-10,Bengaluru
ORD10305,CUST1088,PRD470,Beauty,Plum,397.00,3,2024-01-10,Pune
ORD10306,CUST824,PRD195,Books,Bloomsbury,599.00,2,2024-01-10,Bengaluru
ORD10306,CUST824,PRD163,Electronics,Realme,1801.00,1,2024-01-10,Bengaluru
ORD10306,CUST824,PRD188,Fashion,Bata,799.00,1,2024-01-10,Bengaluru
ORD10307,CUST1334,PRD203,Sports,Campus,720.00,2,2024-01-10,Ahmedabad
ORD10308,CUST659,PRD394,Home & Kitchen,Butterfly,1799.00,3,2024-01-10,Ahmedabad
ORD10308,CUST659,PRD026,Home & Kitchen,Milton,781.00,1,2024-01-10,Ahmedabad
ORD10309,CUST261,PRD551,Beauty,Nivea,535.00,1,2024-01-10,Pune
ORD10310,CUST1255,PRD174,Fashion,Bata,1462.00,1,2024-01-10,Hyderabad
ORD10311,CUST336,PRD426,Beauty,Biotique,492.00,2,2024-01-10,Bengaluru
ORD10311,CUST336,PRD035,Home & Kitchen,Hawkins,438.00,1,2024-01-10,Bengaluru
ORD10311,CUST336,PRD163,Electronics,Realme,1801.00,1,2024-01-10,Bengaluru
ORD10311,CUST336,PRD306,Home & Kitchen,Wonderchef,732.00,1,2024-01-10,Bengaluru
ORD10312,CUST136,PRD529,Beauty,Biotique,234.00,1,2024-01-10,Delhi
ORD10312,CUST136,PRD163,Electronics,Realme,1801.00,2,2024-01-10,Delhi
ORD10313,CUST1316,PRD350,Home & Kitchen,Borosil,4499.00,1,2024-01-10,Bengaluru
ORD10314,CUST1442,PRD403,Books,Rupa,201.00,2,2024-01-10,Bengaluru
ORD10315,CUST249,PRD041,Sports,Yonex,1121.00,1,2024-01-10,Hyderabad
ORD10316,CUST973,PRD393,Fashion,Allen Solly,521.00,1,2024-01-10,Delhi
ORD10317,CUST1281,PRD445,Electronics,Samsung,236.00,5,2024-01-10,Mumbai
ORD10317,CUST1281,PRD555,Electronics,Boult,2277.00,1,2024-01-10,Mumbai
ORD10317,CUST1281,PRD307,Books,Rupa,1199.00,1,2024-01-10,Mumbai
ORD10317,CUST1281,PRD255,Books,Rupa,223.00,3,2024-01-10,Mumbai
ORD10318,CUST708,PRD174,Fashion,Bata,1462.00,2,2024-01-10,Delhi
ORD10319,CUST1121,PRD281,Fashion,Levis,604.00,2,2024-01-10,Kolkata
ORD10319,CUST1121,PRD413,Fashion,Woodland,304.00,4,2024-01-10,Kolkata
ORD10319,CUST1121,PRD093,Fashion,Woodland,562.00,1,2024-01-10,Kolkata
ORD10319,CUST1121,PRD417,Electronics,Boult,467.00,3,2024-01-10,Kolkata
ORD10320,CUST1220,PRD480,Sports,Nike,942.00,1,2024-01-10,Delhi
ORD10321,CUST247,PRD069,Fashion,Woodland,1644.00,1,2024-01-10,Pune
ORD10321,CUST247,PRD414,Beauty,Mamaearth,733.00,3,2024-01-10,Pune
ORD10321,CUST247,PRD278,Home & Kitchen,Cello,1899.00,1,2024-01-10,Pune
ORD10322,CUST754,PRD441,Electronics,Sony,8613.00,1,2024-01-10,Delhi
ORD10322,CUST754,PRD379,Electronics,Realme,3493.00,1,2024-01-10,Delhi
ORD10322,CUST754,PRD461,Fashion,Peter England,1071.00,2,2024-01-10,Delhi
ORD10323,CUST715,PRD383,Electronics,Apple,199.00,2,2024-01-11,Chennai
ORD10324,CUST857,PRD391,Fashion,Bata,1999.00,1,2024-01-11,Mumbai
ORD10325,CUST904,PRD537,Beauty,Biotique,235.00,4,2024-01-11,Ahmedabad
ORD10325,CUST904,PRD111,Beauty,Nivea,266.00,6,2024-01-11,Ahmedabad
ORD10325,CUST904,PRD350,Home & Kitchen,Borosil,4499.00,1,2024-01-11,Ahmedabad
ORD10325,CUST904,PRD518,Electronics,Mi,4469.00,1,2024-01-11,Ahmedabad
ORD10326,CUST787,PRD129,Home & Kitchen,Pigeon,728.00,3,2024-01-11,Mumbai
ORD10326,CUST787,PRD470,Beauty,Plum,397.00,2,2024-01-11,Mumbai
ORD10326,CUST787,PRD508,Electronics,Sony,1978.00,1,2024-01-11,Mumbai
ORD10326,CUST787,PRD204,Electronics,Boat,1299.00,1,2024-01-11,Mumbai
ORD10327,CUST1333,PRD410,Electronics,OnePlus,4071.00,1,2024-01-11,Bengaluru
ORD10328,CUST1229,PRD508,Electronics,Sony,1978.00,2,2024-01-11,Pune
ORD10328,CUST1229,PRD471,Home & Kitchen,Pigeon,1156.00,1,2024-01-11,Pune
ORD10329,CUST534,PRD032,Fashion,Levis,823.00,1,2024-01-11,Ahmedabad
ORD10329,CUST534,PRD447,Fashion,Sparx,974.00,1,2024-01-11,Ahmedabad
ORD10330,CUST767,PRD227,Home & Kitchen,Hawkins,1799.00,1,2024-01-11,Delhi
ORD10331,CUST858,PRD164,Fashion,Biba,1226.00,2,2024-01-11,Chennai
ORD10331,CUST858,PRD185,Fashion,Woodland,444.00,1,2024-01-11,Chennai
ORD10332,CUST765,PRD140,Home & Kitchen,Prestige,2499.00,1,2024-01-11,Hyderabad
ORD10332,CUST765,PRD471,Home & Kitchen,Pigeon,1156.00,3,2024-01-11,Hyderabad
ORD10333,CUST157,PRD506,Fashion,Allen Solly,745.00,2,2024-01-11,Delhi
ORD10334,CUST623,PRD225,Electronics,Samsung,469.00,1,2024-01-11,Pune
ORD10335,CUST1267,PRD033,Electronics,Mi,160.00,1,2024-01-11,Mumbai
ORD10336,CUST246,PRD129,Home & Kitchen,Pigeon,728.00,3,2024-01-11,Mumbai
ORD10337,CUST775,PRD451,Home & Kitchen,Hawkins,1999.00,1,2024-01-11,Delhi
ORD10338,CUST763,PRD310,Sports,Decathlon,2499.00,1,2024-01-11,Bengaluru
ORD10338,CUST763,PRD307,Books,Rupa,1199.00,2,2024-01-11,Bengaluru
ORD10339,CUST652,PRD575,Sports,Cosco,2199.00,1,2024-01-11,Kolkata
ORD10340,CUST1341,PRD221,Fashion,Levis,2199.00,1,2024-01-11,Bengaluru
ORD10341,CUST1214,PRD274,Beauty,Himalaya,188.00,4,2024-01-11,Kolkata
ORD10342,CUST1314,PRD144,Fashion,Allen Solly,315.00,1,2024-01-11,Delhi
ORD10342,CUST1314,PRD483,Beauty,Lakme,162.00,2,2024-01-11,Delhi
ORD10343,CUST1131,PRD129,Home & Kitchen,Pigeon,728.00,1,2024-01-11,Chennai
ORD10344,CUST1485,PRD357,Home & Kitchen,Milton,918.00,2,2024-01-11,Chennai
ORD10344,CUST1485,PRD085,Beauty,Biotique,666.00,1,2024-01-11,Chennai
ORD10345,CUST1212,PRD353,Beauty,Nivea,228.00,1,2024-01-11,Chennai
ORD10346,CUST778,PRD244,Books,Westland,441.00,3,2024-01-11,Chennai
ORD10347,CUST284,PRD197,Sports,Cosco,3499.00,1,2024-01-11,Delhi
ORD10347,CUST284,PRD195,Books,Bloomsbury,599.00,1,2024-01-11,Delhi
ORD10348,CUST440,PRD006,Beauty,Lakme,160.00,2,2024-01-11,Hyderabad
ORD10349,CUST705,PRD398,Fashion,Biba,591.00,2,2024-01-11,Bengaluru
ORD10350,CUST1063,PRD307,Books,Rupa,1199.00,1,2024-01-11,Bengaluru
ORD10350,CUST1063,PRD106,Sports,Nike,1746.00,1,2024-01-11,Bengaluru
ORD10351,CUST1235,PRD592,Fashion,Levis,555.00,2,2024-01-11,Kolkata
ORD10351,CUST1235,PRD225,Electronics,Samsung,469.00,1,2024-01-11,Kolkata
ORD10352,CUST472,PRD366,Electronics,Sony,1638.00,1,2024-01-11,Delhi
ORD10353,CUST797,PRD468,Electronics,Mi,1890.00,1,2024-01-11,Chennai
ORD10354,CUST1179,PRD095,Home & Kitchen,Pigeon,449.00,1,2024-01-11,Chennai
ORD10355,CUST881,PRD471,Home & Kitchen,Pigeon,1156.00,1,2024-01-11,Kolkata
ORD10356,CUST1356,PRD177,Fashion,Allen Solly,640.00,2,2024-01-11,Chennai
ORD10356,CUST1356,PRD477,Fashion,Levis,678.00,1,2024-01-11,Chennai
ORD10356,CUST1356,PRD461,Fashion,Peter England,1071.00,1,2024-01-11,Chennai
ORD10356,CUST1356,PRD265,Books,HarperCollins,599.00,2,2024-01-11,Chennai
ORD10357,CUST260,PRD555,Electronics,Boult,2277.00,2,2024-01-11,Delhi
ORD10357,CUST260,PRD225,Electronics,Samsung,469.00,4,2024-01-11,Delhi
ORD10358,CUST504,PRD201,Fashion,Puma,841.00,1,2024-01-11,Hyderabad
ORD10359,CUST255,PRD352,Home & Kitchen,Prestige,460.00,4,2024-01-12,Mumbai
ORD10359,CUST255,PRD519,Sports,Adidas,826.00,1,2024-01-12,Mumbai
ORD10360,CUST161,PRD126,Sports,Decathlon,1107.00,1,2024-01-12,Pune
ORD10361,CUST1382,PRD129,Home & Kitchen,Pigeon,728.00,2,2024-01-12,Bengaluru
ORD10362,CUST1403,PRD468,Electronics,Mi,1890.00,3,2024-01-12,Kolkata
ORD10363,CUST1300,PRD093,Fashion,Woodland,562.00,2,2024-01-12,Mumbai
ORD10364,CUST1474,PRD298,Home & Kitchen,Borosil,4499.00,1,2024-01-12,Bengaluru
ORD10365,CUST115,PRD156,Beauty,Lakme,399.00,6,2024-01-12,Pune
ORD10366,CUST519,PRD225,Electronics,Samsung,469.00,3,2024-01-12,Hyderabad
ORD10367,CUST1071,PRD163,Electronics,Realme,1801.00,3,2024-01-12,Hyderabad
ORD10368,CUST976,PRD126,Sports,Decathlon,1107.00,3,2024-01-12,Mumbai
ORD10368,CUST976,PRD163,Electronics,Realme,1801.00,1,2024-01-12,Mumbai
ORD10369,CUST1272,PRD078,Fashion,Woodland,513.00,3,2024-01-12,Mumbai
ORD10370,CUST109,PRD162,Beauty,Nivea,177.00,4,2024-01-12,Delhi
ORD10371,CUST765,PRD151,Electronics,Realme,620.00,1,2024-01-12,Hyderabad
ORD10372,CUST169,PRD325,Sports,Puma,827.00,1,2024-01-12,Hyderabad
ORD10373,CUST571,PRD313,Home & Kitchen,Milton,2090.00,1,2024-01-12,Delhi
ORD10374,CUST666,PRD176,Home & Kitchen,Borosil,459.00,1,2024-01-12,Chennai
ORD10375,CUST786,PRD225,Electronics,Samsung,469.00,1,2024-01-12,Kolkata
ORD10375,CUST786,PRD304,Sports,Campus,1385.00,1,2024-01-12,Kolkata
ORD10376,CUST721,PRD410,Electronics,OnePlus,4071.00,1,2024-01-12,Mumbai
ORD10376,CUST721,PRD180,Home & Kitchen,Cello,835.00,2,2024-01-12,Mumbai
ORD10377,CUST393,PRD508,Electronics,Sony,1978.00,1,2024-01-12,Hyderabad
ORD10378,CUST1344,PRD174,Fashion,Bata,1462.00,1,2024-01-12,Bengaluru
ORD10379,CUST449,PRD070,Home & Kitchen,Wonderchef,1246.00,2,2024-01-12,Delhi
ORD10379,CUST449,PRD594,Electronics,JBL,3866.00,2,2024-01-12,Delhi
ORD10379,CUST449,PRD373,Fashion,Peter England,527.00,1,2024-01-12,Delhi
ORD10379,CUST449,PRD585,Beauty,Nivea,192.00,3,2024-01-12,Delhi
ORD10380,CUST892,PRD132,Home & Kitchen,Milton,455.00,1,2024-01-12,Pune
ORD10381,CUST902,PRD594,Electronics,JBL,3866.00,1,2024-01-12,Hyderabad
ORD10382,CUST1487,PRD072,Books,Aleph,226.00,2,2024-01-12,Ahmedabad
ORD10382,CUST1487,PRD381,Fashion,Peter England,406.00,2,2024-01-12,Ahmedabad
ORD10383,CUST477,PRD307,Books,Rupa,1199.00,1,2024-01-12,Kolkata
ORD10384,CUST140,PRD522,Fashion,Woodland,302.00,4,2024-01-12,Mumbai
ORD10384,CUST140,PRD353,Beauty,Nivea,228.00,4,2024-01-12,Mumbai
ORD10385,CUST353,PRD295,Books,Rupa,420.00,3,2024-01-12,Mumbai
ORD10385,CUST353,PRD221,Fashion,Levis,2199.00,1,2024-01-12,Mumbai
ORD10385,CUST353,PRD446,Beauty,Plum,155.00,3,2024-01-12,Mumbai
ORD10385,CUST353,PRD309,Electronics,Boult,1127.00,1,2024-01-12,Mumbai
ORD10386,CUST212,PRD434,Home & Kitchen,Cello,2260.00,1,2024-01-12,Bengaluru
ORD10386,CUST212,PRD573,Fashion,Peter England,652.00,1,2024-01-12,Bengaluru
ORD10386,CUST212,PRD076,Sports,Nivia,579.00,1,2024-01-12,Bengaluru
ORD10387,CUST1246,PRD401,Electronics,Realme,1790.00,1,2024-01-12,Mumbai
ORD10387,CUST1246,PRD477,Fashion,Levis,678.00,1,2024-01-12,Mumbai
ORD10388,CUST503,PRD226,Electronics,Sony,413.00,2,2024-01-12,Mumbai
ORD10389,CUST1103,PRD523,Electronics,Apple,1042.00,1,2024-01-12,Delhi
ORD10389,CUST1103,PRD177,Fashion,Allen Solly,640.00,2,2024-01-12,Delhi
ORD10390,CUST865,PRD538,Sports,Nivia,347.00,1,2024-01-12,Ahmedabad
ORD10391,CUST1143,PRD430,Fashion,Biba,527.00,1,2024-01-12,Bengaluru
ORD10392,CUST065,PRD083,Fashion,Sparx,627.00,2,2024-01-12,Bengaluru
ORD10392,CUST065,PRD550,Fashion,Biba,2786.00,1,2024-01-12,Bengaluru
ORD10393,CUST599,PRD182,Books,Westland,197.00,1,2024-01-12,Bengaluru
ORD10394,CUST1249,PRD521,Beauty,Plum,303.00,2,2024-01-12,Delhi
ORD10395,CUST1223,PRD381,Fashion,Peter England,406.00,3,2024-01-12,Ahmedabad
ORD10396,CUST243,PRD029,Beauty,Lakme,431.00,1,2024-01-12,Mumbai
ORD10397,CUST428,PRD081,Home & Kitchen,Hawkins,616.00,1,2024-01-12,Bengaluru
ORD10397,CUST428,PRD308,Sports,Decathlon,1488.00,1,2024-01-12,Bengaluru
ORD10397,CUST428,PRD046,Home & Kitchen,Cello,2604.00,1,2024-01-12,Bengaluru
ORD10398,CUST329,PRD180,Home & Kitchen,Cello,835.00,1,2024-01-12,Chennai
ORD10399,CUST1108,PRD410,Electronics,OnePlus,4071.00,1,2024-01-12,Delhi
ORD10400,CUST201,PRD254,Electronics,Mi,1014.00,1,2024-01-12,Ahmedabad
ORD10401,CUST965,PRD494,Fashion,Sparx,605.00,1,2024-01-12,Mumbai
ORD10402,CUST138,PRD058,Electronics,Mi,2999.00,1,2024-01-12,Hyderabad
ORD10402,CUST138,PRD221,Fashion,Levis,2199.00,2,2024-01-12,Hyderabad
ORD10403,CUST775,PRD471,Home & Kitchen,Pigeon,1156.00,1,2024-01-12,Delhi
ORD10404,CUST943,PRD348,Electronics,Apple,2298.00,1,2024-01-12,Pune
ORD10405,CUST223,PRD077,Electronics,Samsung,3801.00,1,2024-01-12,Mumbai
ORD10406,CUST158,PRD566,Electronics,Boat,2710.00,1,2024-01-12,Bengaluru
ORD10406,CUST158,PRD441,Electronics,Sony,8613.00,1,2024-01-12,Bengaluru
ORD10407,CUST159,PRD275,Electronics,JBL,464.00,1,2024-01-12,Bengaluru
ORD10407,CUST159,PRD200,Beauty,Biotique,209.00,2,2024-01-12,Bengaluru
ORD10408,CUST009,PRD240,Home & Kitchen,Pigeon,1232.00,1,2024-01-12,Ahmedabad
ORD10408,CUST009,PRD398,Fashion,Biba,591.00,1,2024-01-12,Ahmedabad
ORD10409,CUST315,PRD567,Electronics,Realme,5695.00,1,2024-01-12,Chennai
ORD10410,CUST826,PRD225,Electronics,Samsung,469.00,2,2024-01-12,Kolkata
ORD10410,CUST826,PRD433,Home & Kitchen,Pigeon,755.00,1,2024-01-12,Kolkata
ORD10411,CUST596,PRD118,Home & Kitchen,Hawkins,2389.00,1,2024-01-12,Chennai
ORD10412,CUST554,PRD564,Fashion,Peter England,647.00,1,2024-01-12,Bengaluru
ORD10412,CUST554,PRD252,Electronics,OnePlus,270.00,3,2024-01-12,Bengaluru
ORD10413,CUST1128,PRD595,Fashion,Sparx,934.00,2,2024-01-12,Mumbai
ORD10413,CUST1128,PRD437,Beauty,Himalaya,333.00,2,2024-01-12,Mumbai
ORD10414,CUST729,PRD592,Fashion,Levis,555.00,1,2024-01-12,Mumbai
ORD10414,CUST729,PRD163,Electronics,Realme,1801.00,2,2024-01-12,Mumbai
ORD10415,CUST1076,PRD107,Electronics,JBL,844.00,1,2024-01-12,Delhi
ORD10415,CUST1076,PRD468,Electronics,Mi,1890.00,1,2024-01-12,Delhi
ORD10416,CUST876,PRD593,Beauty,Himalaya,289.00,1,2024-01-12,Kolkata
ORD10417,CUST744,PRD080,Electronics,Realme,1211.00,1,2024-01-13,Pune
ORD10417,CUST744,PRD220,Books,Westland,415.00,5,2024-01-13,Pune
ORD10418,CUST360,PRD019,Fashion,Woodland,707.00,1,2024-01-13,Pune
ORD10418,CUST360,PRD162,Beauty,Nivea,177.00,3,2024-01-13,Pune
ORD10419,CUST493,PRD365,Home & Kitchen,Butterfly,960.00,1,2024-01-13,Mumbai
ORD10420,CUST105,PRD004,Home & Kitchen,Pigeon,874.00,2,2024-01-13,Mumbai
ORD10420,CUST105,PRD030,Electronics,Mi,1686.00,1,2024-01-13,Mumbai
ORD10420,CUST105,PRD443,Fashion,Puma,437.00,2,2024-01-13,Mumbai
ORD10420,CUST105,PRD570,Books,HarperCollins,310.00,5,2024-01-13,Mumbai
ORD10421,CUST1089,PRD494,Fashion,Sparx,605.00,1,2024-01-13,Kolkata
ORD10421,CUST1089,PRD163,Electronics,Realme,1801.00,1,2024-01-13,Kolkata
ORD10422,CUST587,PRD095,Home & Kitchen,Pigeon,449.00,3,2024-01-13,Chennai
ORD10422,CUST587,PRD163,Electronics,Realme,1801.00,1,2024-01-13,Chennai
ORD10423,CUST978,PRD500,Electronics,,18999.00,2,2024-01-13,Mumbai
ORD10423,CUST978,PRD265,Books,HarperCollins,599.00,3,2024-01-13,Mumbai
ORD10424,CUST1294,PRD588,Electronics,JBL,3249.00,1,2024-01-13,Kolkata
ORD10425,CUST1300,PRD180,Home & Kitchen,Cello,835.00,3,2024-01-13,Mumbai
ORD10426,CUST847,PRD378,Sports,Campus,2214.00,1,2024-01-13,Ahmedabad
ORD10427,CUST439,PRD555,Electronics,Boult,2277.00,1,2024-01-13,Mumbai
ORD10428,CUST100,PRD577,Electronics,Mi,1502.00,1,2024-01-13,Mumbai
ORD10429,CUST983,PRD174,Fashion,Bata,1462.00,2,2024-01-13,Kolkata
ORD10430,CUST303,PRD600,Fashion,Allen Solly,763.00,1,2024-01-13,Ahmedabad
ORD10431,CUST417,PRD521,Beauty,Plum,303.00,1,2024-01-13,Mumbai
ORD10432,CUST1127,PRD156,Beauty,Lakme,399.00,3,2024-01-13,Pune
ORD10432,CUST1127,PRD042,Home & Kitchen,Prestige,2999.00,1,2024-01-13,Pune
ORD10433,CUST529,PRD103,Fashion,Woodland,1106.00,1,2024-01-13,Mumbai
ORD10434,CUST860,PRD381,Fashion,Peter England,406.00,4,2024-01-13,Pune
ORD10435,CUST973,PRD525,Books,Bloomsbury,699.00,2,2024-01-13,Delhi
ORD10436,CUST647,PRD223,Electronics,Samsung,450.00,3,2024-01-13,Bengaluru
ORD10436,CUST647,PRD215,Sports,Campus,638.00,1,2024-01-13,Bengaluru
ORD10437,CUST1449,PRD322,Sports,Puma,1255.00,1,2024-01-13,Mumbai
ORD10438,CUST797,PRD022,Home & Kitchen,Hawkins,1213.00,1,2024-01-13,Chennai
ORD10438,CUST797,PRD535,Fashion,Bata,670.00,1,2024-01-13,Chennai
ORD10439,CUST062,PRD167,Beauty,Biotique,522.00,3,2024-01-13,Mumbai
ORD10440,CUST295,PRD253,Home & Kitchen,Milton,1106.00,3,2024-01-13,Mumbai
ORD10441,CUST1416,PRD593,Beauty,Himalaya,289.00,2,2024-01-13,Hyderabad
ORD10441,CUST1416,PRD444,Electronics,Samsung,346.00,4,2024-01-13,Hyderabad
ORD10442,CUST781,PRD315,Home & Kitchen,Prestige,668.00,2,2024-01-13,Mumbai
ORD10442,CUST781,PRD563,Electronics,Samsung,443.00,2,2024-01-13,Mumbai
ORD10443,CUST1481,PRD369,Sports,Decathlon,237.00,3,2024-01-13,Kolkata
ORD10444,CUST1056,PRD457,Beauty,Himalaya,385.00,3,2024-01-13,Ahmedabad
ORD10445,CUST014,PRD250,Home & Kitchen,Pigeon,1541.00,1,2024-01-13,Pune
ORD10446,CUST158,PRD513,Sports,Decathlon,3680.00,1,2024-01-13,Bengaluru
ORD10447,CUST247,PRD354,Electronics,,474.00,1,2024-01-13,Pune
ORD10447,CUST247,PRD213,Home & Kitchen,Butterfly,482.00,2,2024-01-13,Pune
ORD10447,CUST247,PRD563,Electronics,Samsung,443.00,5,2024-01-13,Pune
ORD10448,CUST1489,PRD441,Electronics,Sony,8613.00,1,2024-01-13,Pune
ORD10448,CUST1489,PRD078,Fashion,Woodland,513.00,1,2024-01-13,Pune
ORD10449,CUST673,PRD583,Fashion,Biba,735.00,1,2024-01-13,Chennai
ORD10449,CUST673,PRD035,Home & Kitchen,Hawkins,438.00,4,2024-01-13,Chennai
ORD10450,CUST1069,PRD508,Electronics,Sony,1978.00,1,2024-01-13,Bengaluru
ORD10451,CUST1415,PRD204,Electronics,Boat,1299.00,1,2024-01-13,Bengaluru
ORD10452,CUST504,PRD441,Electronics,Sony,8613.00,1,2024-01-14,Hyderabad
ORD10452,CUST504,PRD174,Fashion,Bata,1462.00,1,2024-01-14,Hyderabad
ORD10453,CUST512,PRD133,Sports,Nike,1173.00,1,2024-01-14,Bengaluru
ORD10454,CUST239,PRD225,Electronics,Samsung,469.00,1,2024-01-14,Hyderabad
ORD10454,CUST239,PRD307,Books,Rupa,1199.00,1,2024-01-14,Hyderabad
ORD10454,CUST239,PRD140,Home & Kitchen,Prestige,2499.00,1,2024-01-14,Hyderabad
ORD10455,CUST1128,PRD417,Electronics,Boult,467.00,4,2024-01-14,Mumbai
ORD10456,CUST1085,PRD140,Home & Kitchen,Prestige,2499.00,1,2024-01-14,Bengaluru
ORD10457,CUST747,PRD512,Books,Westland,374.00,1,2024-01-14,Mumbai
ORD10457,CUST747,PRD324,Fashion,Allen Solly,843.00,2,2024-01-14,Mumbai
ORD10458,CUST1236,PRD381,Fashion,Peter England,406.00,1,2024-01-14,Delhi
ORD10459,CUST1226,PRD422,Sports,Cosco,864.00,1,2024-01-14,Bengaluru
ORD10460,CUST425,PRD475,Fashion,Peter England,1447.00,1,2024-01-14,Bengaluru
ORD10460,CUST425,PRD238,Home & Kitchen,Borosil,948.00,1,2024-01-14,Bengaluru
ORD10460,CUST425,PRD522,Fashion,Woodland,302.00,2,2024-01-14,Bengaluru
ORD10461,CUST683,PRD325,Sports,Puma,827.00,1,2024-01-14,Mumbai
ORD10461,CUST683,PRD225,Electronics,Samsung,469.00,2,2024-01-14,Mumbai
ORD10462,CUST665,PRD039,Beauty,Himalaya,936.00,2,2024-01-14,Hyderabad
ORD10462,CUST665,PRD323,Fashion,Woodland,312.00,1,2024-01-14,Hyderabad
ORD10463,CUST055,PRD357,Home & Kitchen,Milton,918.00,3,2024-01-14,Hyderabad
ORD10463,CUST055,PRD107,Electronics,JBL,844.00,2,2024-01-14,Hyderabad
ORD10464,CUST009,PRD419,Electronics,Boat,849.00,1,2024-01-14,Ahmedabad
ORD10465,CUST951,PRD522,Fashion,Woodland,302.00,3,2024-01-14,Kolkata
ORD10466,CUST440,PRD197,Sports,Cosco,3499.00,1,2024-01-14,Hyderabad
ORD10467,CUST502,PRD070,Home & Kitchen,Wonderchef,1246.00,1,2024-01-14,Ahmedabad
ORD10468,CUST825,PRD524,Beauty,Himalaya,249.00,1,2024-01-14,Pune
ORD10469,CUST109,PRD097,Beauty,Plum,617.00,1,2024-01-14,Delhi
ORD10470,CUST612,PRD323,Fashion,Woodland,312.00,1,2024-01-14,Kolkata
ORD10471,CUST638,PRD274,Beauty,Himalaya,188.00,1,2024-01-14,Bengaluru
ORD10472,CUST628,PRD428,Electronics,OnePlus,921.00,1,2024-01-14,Mumbai
ORD10473,CUST1396,PRD586,Fashion,Biba,738.00,1,2024-01-14,Mumbai
ORD10474,CUST1461,PRD441,Electronics,Sony,8613.00,1,2024-01-14,Kolkata
ORD10475,CUST1029,PRD271,Home & Kitchen,Cello,404.00,1,2024-01-14,Delhi
ORD10476,CUST641,PRD225,Electronics,Samsung,469.00,2,2024-01-14,Hyderabad
ORD10477,CUST1078,PRD497,Home & Kitchen,Borosil,776.00,1,2024-01-14,Hyderabad
ORD10478,CUST1378,PRD266,Beauty,Himalaya,637.00,1,2024-01-14,Mumbai
ORD10478,CUST1378,PRD381,Fashion,Peter England,406.00,3,2024-01-14,Mumbai
ORD10478,CUST1378,PRD554,Home & Kitchen,Borosil,403.00,1,2024-01-14,Mumbai
ORD10478,CUST1378,PRD053,Sports,Cosco,2360.00,1,2024-01-14,Mumbai
ORD10479,CUST749,PRD197,Sports,Cosco,3499.00,1,2024-01-14,Hyderabad
ORD10480,CUST917,PRD237,Electronics,Mi,1210.00,1,2024-01-14,Bengaluru
ORD10480,CUST917,PRD225,Electronics,Samsung,469.00,8,2024-01-14,Bengaluru
ORD10481,CUST1031,PRD385,Electronics,OnePlus,2378.00,1,2024-01-14,Hyderabad
ORD10481,CUST1031,PRD234,Fashion,Bata,484.00,2,2024-01-14,Hyderabad
ORD10482,CUST1010,PRD475,Fashion,Peter England,1447.00,1,2024-01-14,Pune
ORD10482,CUST1010,PRD232,Fashion,Biba,822.00,1,2024-01-14,Pune
ORD10482,CUST1010,PRD204,Electronics,Boat,1299.00,1,2024-01-14,Pune
ORD10482,CUST1010,PRD522,Fashion,Woodland,302.00,1,2024-01-14,Pune
ORD10483,CUST1047,PRD238,Home & Kitchen,Borosil,948.00,1,2024-01-14,Mumbai
ORD10484,CUST341,PRD204,Electronics,Boat,1299.00,1,2024-01-14,Delhi
ORD10485,CUST1313,PRD536,Home & Kitchen,Butterfly,4499.00,2,2024-01-14,Mumbai
ORD10485,CUST1313,PRD447,Fashion,Sparx,974.00,1,2024-01-14,Mumbai
ORD10485,CUST1313,PRD163,Electronics,Realme,1801.00,3,2024-01-14,Mumbai
ORD10486,CUST1163,PRD553,Books,Rupa,163.00,2,2024-01-14,Delhi
ORD10486,CUST1163,PRD132,Home & Kitchen,Milton,455.00,5,2024-01-14,Delhi
ORD10486,CUST1163,PRD529,Beauty,Biotique,234.00,3,2024-01-14,Delhi
ORD10487,CUST686,PRD536,Home & Kitchen,Butterfly,4499.00,1,2024-01-14,Pune
ORD10487,CUST686,PRD163,Electronics,Realme,1801.00,1,2024-01-14,Pune
ORD10487,CUST686,PRD314,Electronics,Boult,422.00,1,2024-01-14,Pune
ORD10487,CUST686,PRD592,Fashion,Levis,555.00,1,2024-01-14,Pune
ORD10488,CUST721,PRD248,Home & Kitchen,Wonderchef,980.00,3,2024-01-14,Mumbai
ORD10489,CUST1416,PRD225,Electronics,Samsung,469.00,1,2024-01-14,Hyderabad
ORD10489,CUST1416,PRD126,Sports,Decathlon,1107.00,2,2024-01-14,Hyderabad
ORD10490,CUST1220,PRD460,Beauty,Lakme,252.00,3,2024-01-14,Delhi
ORD10491,CUST940,PRD233,Sports,Campus,1499.00,1,2024-01-14,Delhi
ORD10492,CUST449,PRD140,Home & Kitchen,Prestige,2499.00,2,2024-01-14,Delhi
ORD10493,CUST1333,PRD327,Electronics,OnePlus,457.00,4,2024-01-14,Bengaluru
ORD10494,CUST1130,PRD116,Electronics,JBL,1323.00,1,2024-01-14,Pune
ORD10495,CUST162,PRD508,Electronics,Sony,1978.00,2,2024-01-14,Delhi
ORD10496,CUST935,PRD119,Fashion,Allen Solly,969.00,2,2024-01-14,Pune
ORD10497,CUST688,PRD144,Fashion,Allen Solly,315.00,1,2024-01-14,Mumbai
ORD10498,CUST145,PRD162,Beauty,Nivea,177.00,1,2024-01-14,Mumbai
ORD10499,CUST969,PRD215,Sports,Campus,638.00,2,2024-01-14,Delhi
ORD10500,CUST397,PRD391,Fashion,Bata,1999.00,1,2024-01-15,Pune
ORD10500,CUST397,PRD600,Fashion,Allen Solly,763.00,1,2024-01-15,Pune
ORD10501,CUST255,PRD129,Home & Kitchen,Pigeon,728.00,1,2024-01-15,Mumbai
ORD10502,CUST1094,PRD163,Electronics,Realme,1801.00,1,2024-01-15,Ahmedabad
ORD10503,CUST078,PRD091,Home & Kitchen,Cello,349.00,3,2024-01-15,Mumbai
ORD10503,CUST078,PRD204,Electronics,Boat,1299.00,1,2024-01-15,Mumbai
ORD10503,CUST078,PRD180,Home & Kitchen,Cello,835.00,2,2024-01-15,Mumbai
ORD10504,CUST657,PRD204,Electronics,Boat,1299.00,1,2024-01-15,Ahmedabad
ORD10505,CUST1075,PRD258,Books,Aleph,364.00,4,2024-01-15,Delhi
ORD10506,CUST425,PRD324,Fashion,Allen Solly,843.00,1,2024-01-15,Bengaluru
ORD10507,CUST1486,PRD280,Electronics,Apple,4376.00,1,2024-01-15,Chennai
ORD10508,CUST814,PRD295,Books,Rupa,420.00,2,2024-01-15,Bengaluru
ORD10508,CUST814,PRD179,Electronics,Noise,1044.00,1,2024-01-15,Bengaluru
ORD10509,CUST934,PRD282,Fashion,Levis,846.00,1,2024-01-15,Kolkata
ORD10509,CUST934,PRD321,Beauty,Himalaya,237.00,3,2024-01-15,Kolkata
ORD10510,CUST838,PRD100,Electronics,Boat,413.00,2,2024-01-15,Mumbai
ORD10511,CUST892,PRD136,Sports,Adidas,3499.00,1,2024-01-15,Pune
ORD10511,CUST892,PRD575,Sports,Cosco,2199.00,1,2024-01-15,Pune
ORD10512,CUST263,PRD177,Fashion,Allen Solly,640.00,1,2024-01-15,Delhi
ORD10513,CUST1115,PRD471,Home & Kitchen,Pigeon,1156.00,1,2024-01-15,Mumbai
ORD10513,CUST1115,PRD559,Sports,Nivia,899.00,1,2024-01-15,Mumbai
ORD10514,CUST035,PRD258,Books,Aleph,364.00,2,2024-01-15,Hyderabad
ORD10515,CUST289,PRD086,Sports,Decathlon,1825.00,2,2024-01-15,Chennai
ORD10516,CUST955,PRD513,Sports,Decathlon,3680.00,1,2024-01-15,Chennai
ORD10516,CUST955,PRD401,Electronics,Realme,1790.00,1,2024-01-15,Chennai
ORD10516,CUST955,PRD379,Electronics,Realme,3493.00,1,2024-01-15,Chennai
ORD10517,CUST1362,PRD030,Electronics,Mi,1686.00,1,2024-01-15,Delhi
ORD10518,CUST999,PRD574,Electronics,Mi,318.00,2,2024-01-15,Kolkata
ORD10519,CUST792,PRD475,Fashion,Peter England,1447.00,1,2024-01-15,Pune
ORD10519,CUST792,PRD569,Fashion,Peter England,765.00,1,2024-01-15,Pune
ORD10520,CUST914,PRD578,Books,Aleph,974.00,1,2024-01-15,Hyderabad
ORD10521,CUST514,PRD007,Books,HarperCollins,336.00,1,2024-01-15,Bengaluru
ORD10522,CUST1206,PRD328,Books,Westland,163.00,1,2024-01-15,Bengaluru
ORD10522,CUST1206,PRD577,Electronics,Mi,1502.00,1,2024-01-15,Bengaluru
ORD10522,CUST1206,PRD180,Home & Kitchen,Cello,835.00,1,2024-01-15,Bengaluru
ORD10523,CUST291,PRD480,Sports,Nike,942.00,2,2024-01-15,Mumbai
ORD10524,CUST198,PRD599,Electronics,Samsung,1030.00,1,2024-01-15,Ahmedabad
ORD10525,CUST166,PRD245,Sports,Nike,3495.00,1,2024-01-15,Mumbai
ORD10526,CUST660,PRD121,Beauty,Biotique,1199.00,2,2024-01-15,Mumbai
ORD10527,CUST341,PRD025,Beauty,Nivea,157.00,1,2024-01-15,Delhi
ORD10528,CUST1430,PRD044,Fashion,Woodland,1002.00,1,2024-01-15,Mumbai
ORD10528,CUST1430,PRD508,Electronics,Sony,1978.00,1,2024-01-15,Mumbai
ORD10529,CUST1186,PRD554,Home & Kitchen,Borosil,403.00,1,2024-01-15,Delhi
ORD10530,CUST603,PRD466,Books,Westland,1261.00,2,2024-01-15,Mumbai
ORD10530,CUST603,PRD439,Electronics,Boat,394.00,5,2024-01-15,Mumbai
ORD10531,CUST1040,PRD523,Electronics,Apple,1042.00,2,2024-01-15,Delhi
ORD10532,CUST082,PRD076,Sports,Nivia,579.00,2,2024-01-15,Delhi
ORD10533,CUST219,PRD439,Electronics,Boat,394.00,3,2024-01-15,Delhi
ORD10534,CUST854,PRD158,Fashion,Bata,668.00,1,2024-01-15,Bengaluru
ORD10534,CUST854,PRD219,Beauty,Nivea,480.00,6,2024-01-15,Bengaluru
ORD10535,CUST701,PRD385,Electronics,OnePlus,2378.00,1,2024-01-15,Hyderabad
ORD10536,CUST736,PRD108,Sports,Yonex,899.00,2,2024-01-15,Pune
ORD10536,CUST736,PRD536,Home & Kitchen,Butterfly,4499.00,1,2024-01-15,Pune
ORD10537,CUST247,PRD508,Electronics,Sony,1978.00,1,2024-01-15,Pune
ORD10538,CUST417,PRD464,Books,Bloomsbury,502.00,1,2024-01-15,Mumbai
ORD10538,CUST417,PRD011,Electronics,Noise,1933.00,2,2024-01-15,Mumbai
ORD10538,CUST417,PRD012,Home & Kitchen,Cello,615.00,1,2024-01-15,Mumbai
ORD10538,CUST417,PRD225,Electronics,Samsung,469.00,2,2024-01-15,Mumbai
ORD10539,CUST534,PRD003,Electronics,JBL,3498.00,1,2024-01-15,Ahmedabad
ORD10540,CUST827,PRD585,Beauty,Nivea,192.00,3,2024-01-15,Delhi
ORD10540,CUST827,PRD526,Beauty,Plum,712.00,1,2024-01-15,Delhi
ORD10540,CUST827,PRD444,Electronics,Samsung,346.00,3,2024-01-15,Delhi
ORD10540,CUST827,PRD128,Books,Rupa,218.00,2,2024-01-15,Delhi
ORD10541,CUST107,PRD020,Beauty,Maybelline,169.00,2,2024-01-15,Mumbai
ORD10542,CUST1024,PRD416,Electronics,Boat,1236.00,1,2024-01-15,Bengaluru
ORD10543,CUST380,PRD044,Fashion,Woodland,1002.00,2,2024-01-15,Pune
ORD10543,CUST380,PRD017,Electronics,Boat,1299.00,3,2024-01-15,Pune
ORD10543,CUST380,PRD295,Books,Rupa,420.00,2,2024-01-15,Pune
ORD10544,CUST391,PRD521,Beauty,Plum,303.00,1,2024-01-15,Pune
ORD10545,CUST014,PRD332,Fashion,Biba,597.00,1,2024-01-15,Pune
ORD10545,CUST014,PRD127,Beauty,Biotique,208.00,5,2024-01-15,Pune
ORD10546,CUST549,PRD431,Home & Kitchen,Wonderchef,798.00,1,2024-01-15,Delhi
ORD10546,CUST549,PRD571,Home & Kitchen,Hawkins,1757.00,1,2024-01-15,Delhi
ORD10547,CUST844,PRD342,Books,Westland,462.00,1,2024-01-15,Bengaluru
ORD10548,CUST782,PRD574,Electronics,Mi,318.00,1,2024-01-15,Mumbai
ORD10548,CUST782,PRD180,Home & Kitchen,Cello,835.00,2,2024-01-15,Mumbai
ORD10548,CUST782,PRD204,Electronics,Boat,1299.00,1,2024-01-15,Mumbai
ORD10549,CUST660,PRD521,Beauty,Plum,303.00,5,2024-01-16,Mumbai
ORD10549,CUST660,PRD076,Sports,Nivia,579.00,1,2024-01-16,Mumbai
ORD10549,CUST660,PRD125,Fashion,Allen Solly,852.00,1,2024-01-16,Mumbai
ORD10550,CUST243,PRD504,Electronics,Mi,155.00,4,2024-01-16,Mumbai
ORD10550,CUST243,PRD154,Beauty,Lakme,404.00,2,2024-01-16,Mumbai
ORD10550,CUST243,PRD522,Fashion,Woodland,302.00,1,2024-01-16,Mumbai
ORD10551,CUST084,PRD187,Home & Kitchen,Butterfly,438.00,1,2024-01-16,Delhi
ORD10552,CUST562,PRD410,Electronics,OnePlus,4071.00,1,2024-01-16,Bengaluru
ORD10553,CUST1430,PRD389,Fashion,Biba,1746.00,2,2024-01-16,Mumbai
ORD10554,CUST355,PRD212,Electronics,Boult,149.00,4,2024-01-16,Ahmedabad
ORD10555,CUST440,PRD443,Fashion,Puma,437.00,1,2024-01-16,Hyderabad
ORD10556,CUST955,PRD392,Home & Kitchen,Pigeon,1205.00,1,2024-01-16,Chennai
ORD10557,CUST1388,PRD373,Fashion,Peter England,527.00,2,2024-01-16,Bengaluru
ORD10558,CUST620,PRD526,Beauty,Plum,712.00,1,2024-01-16,Hyderabad
ORD10559,CUST914,PRD340,Fashion,Peter England,1499.00,1,2024-01-16,Hyderabad
ORD10560,CUST136,PRD397,Sports,Decathlon,1292.00,2,2024-01-16,Delhi
ORD10560,CUST136,PRD532,Electronics,Noise,719.00,2,2024-01-16,Delhi
ORD10560,CUST136,PRD197,Sports,Cosco,3499.00,2,2024-01-16,Delhi
ORD10560,CUST136,PRD326,Fashion,Bata,547.00,2,2024-01-16,Delhi
ORD10561,CUST616,PRD222,Home & Kitchen,Cello,968.00,1,2024-01-16,Bengaluru
ORD10562,CUST1064,PRD548,Electronics,Boult,2691.00,1,2024-01-16,Hyderabad
ORD10563,CUST1313,PRD475,Fashion,Peter England,1447.00,1,2024-01-16,Mumbai
ORD10564,CUST1054,PRD540,Home & Kitchen,Cello,2999.00,1,2024-01-16,Bengaluru
ORD10564,CUST1054,PRD532,Electronics,Noise,719.00,1,2024-01-16,Bengaluru
ORD10565,CUST603,PRD026,Home & Kitchen,Milton,781.00,2,2024-01-16,Mumbai
ORD10566,CUST520,PRD126,Sports,Decathlon,1107.00,3,2024-01-16,Pune
ORD10566,CUST520,PRD515,Fashion,Allen Solly,589.00,1,2024-01-16,Pune
ORD10566,CUST520,PRD158,Fashion,Bata,668.00,1,2024-01-16,Pune
ORD10567,CUST519,PRD577,Electronics,Mi,1502.00,1,2024-01-16,Hyderabad
ORD10567,CUST519,PRD399,Electronics,Noise,1564.00,3,2024-01-16,Hyderabad
ORD10568,CUST626,PRD521,Beauty,Plum,303.00,4,2024-01-16,Mumbai
ORD10568,CUST626,PRD025,Beauty,Nivea,157.00,1,2024-01-16,Mumbai
ORD10569,CUST544,PRD253,Home & Kitchen,Milton,1106.00,1,2024-01-16,Chennai
ORD10569,CUST544,PRD068,Fashion,Peter England,1019.00,1,2024-01-16,Chennai
ORD10570,CUST454,PRD513,Sports,Decathlon,3680.00,1,2024-01-16,Chennai
ORD10570,CUST454,PRD334,Beauty,Maybelline,599.00,1,2024-01-16,Chennai
ORD10571,CUST668,PRD469,Fashion,Puma,616.00,1,2024-01-16,Delhi
ORD10572,CUST494,PRD508,Electronics,Sony,1978.00,2,2024-01-16,Mumbai
ORD10573,CUST683,PRD407,Sports,Puma,235.00,1,2024-01-16,Mumbai
ORD10573,CUST683,PRD466,Books,Westland,1261.00,1,2024-01-16,Mumbai
ORD10574,CUST843,PRD008,Beauty,Nivea,983.00,1,2024-01-16,Mumbai
ORD10575,CUST319,PRD203,Sports,Campus,720.00,1,2024-01-16,Delhi
ORD10576,CUST082,PRD063,Electronics,JBL,1768.00,1,2024-01-16,Delhi
ORD10576,CUST082,PRD537,Beauty,Biotique,235.00,2,2024-01-16,Delhi
ORD10577,CUST1013,PRD075,Fashion,Sparx,1008.00,1,2024-01-16,Bengaluru
ORD10577,CUST1013,PRD180,Home & Kitchen,Cello,835.00,3,2024-01-16,Bengaluru
ORD10578,CUST1316,PRD264,Home & Kitchen,Prestige,518.00,1,2024-01-16,Bengaluru
ORD10578,CUST1316,PRD583,Fashion,Biba,735.00,1,2024-01-16,Bengaluru
ORD10578,CUST1316,PRD308,Sports,Decathlon,1488.00,1,2024-01-16,Bengaluru
ORD10578,CUST1316,PRD200,Beauty,Biotique,209.00,6,2024-01-16,Bengaluru
ORD10579,CUST138,PRD379,Electronics,Realme,3493.00,1,2024-01-16,Hyderabad
ORD10579,CUST138,PRD174,Fashion,Bata,1462.00,1,2024-01-16,Hyderabad
ORD10580,CUST985,PRD070,Home & Kitchen,Wonderchef,1246.00,1,2024-01-16,Bengaluru
ORD10580,CUST985,PRD076,Sports,Nivia,579.00,2,2024-01-16,Bengaluru
ORD10581,CUST1449,PRD471,Home & Kitchen,Pigeon,1156.00,1,2024-01-16,Mumbai
ORD10582,CUST192,PRD417,Electronics,Boult,467.00,1,2024-01-16,Hyderabad
ORD10582,CUST192,PRD110,Home & Kitchen,Cello,1832.00,1,2024-01-16,Hyderabad
ORD10583,CUST1191,PRD094,Books,Rupa,415.00,1,2024-01-16,Delhi
ORD10584,CUST877,PRD059,Home & Kitchen,Wonderchef,592.00,1,2024-01-16,Ahmedabad
ORD10585,CUST401,PRD410,Electronics,OnePlus,4071.00,1,2024-01-16,Mumbai
ORD10585,CUST401,PRD503,Fashion,Sparx,561.00,3,2024-01-16,Mumbai
ORD10585,CUST401,PRD439,Electronics,Boat,394.00,2,2024-01-16,Mumbai
ORD10586,CUST861,PRD262,Electronics,Apple,3501.00,2,2024-01-16,Hyderabad
ORD10586,CUST861,PRD536,Home & Kitchen,Butterfly,4499.00,1,2024-01-16,Hyderabad
ORD10586,CUST861,PRD555,Electronics,Boult,2277.00,1,2024-01-16,Hyderabad
ORD10587,CUST622,PRD444,Electronics,Samsung,346.00,6,2024-01-16,Delhi
ORD10587,CUST622,PRD399,Electronics,Noise,1564.00,2,2024-01-16,Delhi
ORD10588,CUST218,PRD325,Sports,Puma,827.00,1,2024-01-16,Bengaluru
ORD10589,CUST1469,PRD523,Electronics,Apple,1042.00,1,2024-01-16,Delhi
ORD10590,CUST1284,PRD333,Home & Kitchen,Wonderchef,422.00,1,2024-01-16,Kolkata
ORD10591,CUST647,PRD107,Electronics,JBL,844.00,1,2024-01-17,Bengaluru
ORD10592,CUST353,PRD377,Sports,Adidas,558.00,2,2024-01-17,Mumbai
ORD10593,CUST618,PRD584,Sports,Nike,202.00,3,2024-01-17,Mumbai
ORD10593,CUST618,PRD232,Fashion,Biba,822.00,1,2024-01-17,Mumbai
ORD10594,CUST274,PRD297,Home & Kitchen,Pigeon,1081.00,1,2024-01-17,Mumbai
ORD10595,CUST325,PRD508,Electronics,Sony,1978.00,1,2024-01-17,Mumbai
ORD10595,CUST325,PRD205,Beauty,Plum,497.00,1,2024-01-17,Mumbai
ORD10596,CUST279,PRD384,Fashion,Puma,701.00,1,2024-01-17,Mumbai
ORD10597,CUST1161,PRD344,Beauty,Lakme,222.00,1,2024-01-17,Bengaluru
ORD10597,CUST1161,PRD285,Electronics,Sony,613.00,1,2024-01-17,Bengaluru
ORD10598,CUST435,PRD022,Home & Kitchen,Hawkins,1213.00,3,2024-01-17,Delhi
ORD10598,CUST435,PRD514,Electronics,Samsung,170.00,1,2024-01-17,Delhi
ORD10598,CUST435,PRD462,Electronics,Noise,2358.00,1,2024-01-17,Delhi
ORD10599,CUST309,PRD554,Home & Kitchen,Borosil,403.00,2,2024-01-17,Chennai
ORD10599,CUST309,PRD508,Electronics,Sony,1978.00,3,2024-01-17,Chennai
ORD10599,CUST309,PRD407,Sports,Puma,235.00,2,2024-01-17,Chennai
ORD10599,CUST309,PRD267,Sports,Campus,1579.00,1,2024-01-17,Chennai
ORD10600,CUST797,PRD114,Fashion,Bata,1028.00,1,2024-01-17,Chennai
ORD10601,CUST1418,PRD565,Electronics,Samsung,941.00,1,2024-01-17,Delhi
ORD10601,CUST1418,PRD068,Fashion,Peter England,1019.00,1,2024-01-17,Delhi
ORD10601,CUST1418,PRD265,Books,HarperCollins,599.00,2,2024-01-17,Delhi
ORD10602,CUST609,PRD217,Beauty,Maybelline,1099.00,1,2024-01-17,Mumbai
ORD10603,CUST705,PRD243,Home & Kitchen,Borosil,658.00,2,2024-01-17,Bengaluru
ORD10603,CUST705,PRD488,Beauty,Maybelline,409.00,2,2024-01-17,Bengaluru
ORD10604,CUST448,PRD444,Electronics,Samsung,346.00,1,2024-01-17,Hyderabad
ORD10605,CUST115,PRD089,Fashion,Peter England,652.00,2,2024-01-17,Pune
ORD10605,CUST115,PRD351,Electronics,Noise,344.00,2,2024-01-17,Pune
ORD10605,CUST115,PRD299,Home & Kitchen,Borosil,457.00,1,2024-01-17,Pune
ORD10606,CUST030,PRD370,Fashion,Biba,1058.00,1,2024-01-17,Mumbai
ORD10606,CUST030,PRD326,Fashion,Bata,547.00,1,2024-01-17,Mumbai
ORD10606,CUST030,PRD566,Electronics,Boat,2710.00,1,2024-01-17,Mumbai
ORD10607,CUST121,PRD282,Fashion,Levis,846.00,1,2024-01-17,Delhi
ORD10608,CUST1027,PRD356,Electronics,Samsung,211.00,1,2024-01-17,Ahmedabad
ORD10609,CUST373,PRD529,Beauty,Biotique,234.00,1,2024-01-17,Mumbai
ORD10609,CUST373,PRD134,Electronics,OnePlus,346.00,4,2024-01-17,Mumbai
ORD10610,CUST177,PRD473,Electronics,Realme,6236.00,1,2024-01-17,Mumbai
ORD10611,CUST1088,PRD591,Books,Bloomsbury,258.00,6,2024-01-17,Pune
ORD10612,CUST533,PRD197,Sports,Cosco,3499.00,1,2024-01-17,Delhi
ORD10613,CUST254,PRD197,Sports,Cosco,3499.00,1,2024-01-17,Hyderabad
ORD10613,CUST254,PRD490,Electronics,Mi,1499.00,1,2024-01-17,Hyderabad
ORD10614,CUST732,PRD079,Fashion,Biba,1249.00,1,2024-01-17,Delhi
ORD10614,CUST732,PRD289,Electronics,Boult,826.00,2,2024-01-17,Delhi
ORD10615,CUST1092,PRD211,Sports,Adidas,1428.00,1,2024-01-17,Mumbai
ORD10616,CUST224,PRD035,Home & Kitchen,Hawkins,438.00,2,2024-01-17,Delhi
ORD10616,CUST224,PRD491,Electronics,Boat,1154.00,1,2024-01-17,Delhi
ORD10617,CUST885,PRD041,Sports,Yonex,1121.00,1,2024-01-17,Chennai
ORD10617,CUST885,PRD476,Home & Kitchen,Wonderchef,1186.00,1,2024-01-17,Chennai
ORD10618,CUST070,PRD172,Electronics,Realme,318.00,2,2024-01-17,Chennai
ORD10619,CUST444,PRD332,Fashion,Biba,597.00,1,2024-01-17,Mumbai
ORD10619,CUST444,PRD407,Sports,Puma,235.00,1,2024-01-17,Mumbai
ORD10620,CUST787,PRD489,Electronics,Apple,9999.00,1,2024-01-17,Mumbai
ORD10621,CUST1029,PRD005,Electronics,JBL,3912.00,1,2024-01-17,Delhi
ORD10622,CUST1241,PRD197,Sports,Cosco,3499.00,1,2024-01-17,Delhi
ORD10622,CUST1241,PRD063,Electronics,JBL,1768.00,1,2024-01-17,Delhi
ORD10623,CUST369,PRD246,Sports,Decathlon,256.00,4,2024-01-17,Chennai
ORD10623,CUST369,PRD153,Electronics,Apple,1631.00,1,2024-01-17,Chennai
ORD10624,CUST828,PRD163,Electronics,Realme,1801.00,1,2024-01-17,Ahmedabad
ORD10625,CUST811,PRD584,Sports,Nike,202.00,1,2024-01-17,Kolkata
ORD10626,CUST670,PRD511,Electronics,Boult,1972.00,2,2024-01-17,Mumbai
ORD10626,CUST670,PRD129,Home & Kitchen,Pigeon,728.00,1,2024-01-17,Mumbai
ORD10627,CUST647,PRD238,Home & Kitchen,Borosil,948.00,3,2024-01-18,Bengaluru
ORD10627,CUST647,PRD184,Fashion,Sparx,745.00,2,2024-01-18,Bengaluru
ORD10628,CUST157,PRD266,Beauty,Himalaya,637.00,1,2024-01-18,Delhi
ORD10629,CUST770,PRD508,Electronics,Sony,1978.00,1,2024-01-18,Bengaluru
ORD10630,CUST1029,PRD295,Books,Rupa,420.00,3,2024-01-18,Delhi
ORD10631,CUST1197,PRD237,Electronics,Mi,1210.00,1,2024-01-18,Mumbai
ORD10632,CUST1181,PRD197,Sports,Cosco,3499.00,1,2024-01-18,Chennai
ORD10632,CUST1181,PRD163,Electronics,Realme,1801.00,1,2024-01-18,Chennai
ORD10632,CUST1181,PRD424,Beauty,Himalaya,526.00,1,2024-01-18,Chennai
ORD10633,CUST1362,PRD461,Fashion,Peter England,1071.00,1,2024-01-18,Delhi
ORD10633,CUST1362,PRD019,Fashion,Woodland,707.00,1,2024-01-18,Delhi
ORD10634,CUST1158,PRD114,Fashion,Bata,1028.00,1,2024-01-18,Kolkata
ORD10634,CUST1158,PRD488,Beauty,Maybelline,409.00,5,2024-01-18,Kolkata
ORD10635,CUST1266,PRD525,Books,Bloomsbury,699.00,2,2024-01-18,Mumbai
ORD10635,CUST1266,PRD461,Fashion,Peter England,1071.00,1,2024-01-18,Mumbai
ORD10635,CUST1266,PRD140,Home & Kitchen,Prestige,2499.00,1,2024-01-18,Mumbai
ORD10636,CUST1376,PRD307,Books,Rupa,1199.00,2,2024-01-18,Hyderabad
ORD10637,CUST1113,PRD484,Beauty,Himalaya,150.00,2,2024-01-18,Kolkata
ORD10637,CUST1113,PRD215,Sports,Campus,638.00,1,2024-01-18,Kolkata
ORD10638,CUST403,PRD174,Fashion,Bata,1462.00,2,2024-01-18,Pune
ORD10639,CUST1314,PRD401,Electronics,Realme,1790.00,1,2024-01-18,Delhi
ORD10640,CUST1167,PRD342,Books,Westland,462.00,1,2024-01-18,Ahmedabad
ORD10641,CUST162,PRD531,Electronics,Boat,2084.00,1,2024-01-18,Delhi
ORD10642,CUST1450,PRD521,Beauty,Plum,303.00,3,2024-01-18,Hyderabad
ORD10642,CUST1450,PRD166,Electronics,Boult,1527.00,2,2024-01-18,Hyderabad
ORD10642,CUST1450,PRD563,Electronics,Samsung,443.00,1,2024-01-18,Hyderabad
ORD10643,CUST797,PRD150,Beauty,Maybelline,726.00,1,2024-01-18,Chennai
ORD10643,CUST797,PRD053,Sports,Cosco,2360.00,1,2024-01-18,Chennai
ORD10644,CUST231,PRD230,Electronics,Apple,1596.00,3,2024-01-18,Bengaluru
ORD10644,CUST231,PRD280,Electronics,Apple,4376.00,1,2024-01-18,Bengaluru
ORD10644,CUST231,PRD262,Electronics,Apple,3501.00,1,2024-01-18,Bengaluru
ORD10645,CUST422,PRD022,Home & Kitchen,Hawkins,1213.00,1,2024-01-18,Delhi
ORD10645,CUST422,PRD381,Fashion,Peter England,406.00,1,2024-01-18,Delhi
ORD10646,CUST768,PRD369,Sports,Decathlon,237.00,2,2024-01-18,Kolkata
ORD10647,CUST1370,PRD163,Electronics,Realme,1801.00,1,2024-01-18,Mumbai
ORD10647,CUST1370,PRD259,Electronics,Realme,1941.00,2,2024-01-18,Mumbai
ORD10648,CUST638,PRD509,Electronics,Noise,1956.00,2,2024-01-18,Bengaluru
ORD10649,CUST1316,PRD269,Electronics,Apple,2092.00,1,2024-01-18,Bengaluru
ORD10649,CUST1316,PRD513,Sports,Decathlon,3680.00,1,2024-01-18,Bengaluru
ORD10650,CUST1075,PRD452,Home & Kitchen,Wonderchef,462.00,1,2024-01-18,Delhi
ORD10651,CUST257,PRD499,Home & Kitchen,Milton,1157.00,1,2024-01-18,Delhi
ORD10652,CUST631,PRD263,Electronics,JBL,1847.00,1,2024-01-18,Hyderabad
ORD10653,CUST719,PRD228,Electronics,Realme,1737.00,1,2024-01-18,Delhi
ORD10653,CUST719,PRD247,Sports,Campus,1130.00,1,2024-01-18,Delhi
ORD10654,CUST428,PRD163,Electronics,Realme,1801.00,1,2024-01-18,Bengaluru
ORD10655,CUST1130,PRD564,Fashion,Peter England,647.00,2,2024-01-18,Pune
ORD10656,CUST978,PRD539,Electronics,Realme,956.00,1,2024-01-18,Mumbai
ORD10657,CUST1171,PRD457,Beauty,Himalaya,385.00,3,2024-01-18,Pune
ORD10658,CUST1471,PRD086,Sports,Decathlon,1825.00,2,2024-01-18,Hyderabad
ORD10659,CUST1089,PRD140,Home & Kitchen,Prestige,2499.00,1,2024-01-18,Kolkata
ORD10659,CUST1089,PRD350,Home & Kitchen,Borosil,4499.00,1,2024-01-18,Kolkata
ORD10659,CUST1089,PRD508,Electronics,Sony,1978.00,1,2024-01-18,Kolkata
ORD10659,CUST1089,PRD522,Fashion,,302.00,3,2024-01-18,Kolkata
ORD10660,CUST529,PRD401,Electronics,Realme,1790.00,1,2024-01-18,Mumbai
ORD10660,CUST529,PRD452,Home & Kitchen,Wonderchef,462.00,1,2024-01-18,Mumbai
ORD10660,CUST529,PRD337,Electronics,Boult,482.00,1,2024-01-18,Mumbai
ORD10660,CUST529,PRD591,Books,Bloomsbury,258.00,3,2024-01-18,Mumbai
ORD10661,CUST364,PRD190,Home & Kitchen,Cello,701.00,2,2024-01-18,Chennai
ORD10662,CUST306,PRD268,Fashion,Levis,360.00,4,2024-01-18,Delhi
ORD10663,CUST1180,PRD225,Electronics,Samsung,469.00,2,2024-01-18,Mumbai
ORD10663,CUST1180,PRD223,Electronics,Samsung,450.00,1,2024-01-18,Mumbai
ORD10663,CUST1180,PRD588,Electronics,JBL,3249.00,1,2024-01-18,Mumbai
ORD10664,CUST250,PRD208,Electronics,Boult,7315.00,1,2024-01-19,Delhi
ORD10664,CUST250,PRD498,Fashion,Levis,2999.00,1,2024-01-19,Delhi
ORD10665,CUST360,PRD295,Books,Rupa,420.00,1,2024-01-19,Pune
ORD10666,CUST967,PRD404,Beauty,Nivea,493.00,3,2024-01-19,Pune
ORD10666,CUST967,PRD069,Fashion,Woodland,1644.00,1,2024-01-19,Pune
ORD10667,CUST1010,PRD107,Electronics,JBL,844.00,1,2024-01-19,Pune
ORD10667,CUST1010,PRD221,Fashion,Levis,2199.00,1,2024-01-19,Pune
ORD10667,CUST1010,PRD473,Electronics,Realme,6236.00,1,2024-01-19,Pune
ORD10667,CUST1010,PRD498,Fashion,Levis,2999.00,1,2024-01-19,Pune
ORD10668,CUST705,PRD022,Home & Kitchen,Hawkins,1213.00,1,2024-01-19,Bengaluru
ORD10668,CUST705,PRD094,Books,Rupa,415.00,4,2024-01-19,Bengaluru
ORD10669,CUST1314,PRD328,Books,Westland,163.00,5,2024-01-19,Delhi
ORD10670,CUST1442,PRD141,Fashion,Puma,677.00,2,2024-01-19,Bengaluru
ORD10671,CUST1258,PRD197,Sports,,3499.00,2,2024-01-19,Delhi
ORD10671,CUST1258,PRD157,Electronics,OnePlus,2785.00,2,2024-01-19,Delhi
ORD10672,CUST401,PRD528,Books,Bloomsbury,1299.00,1,2024-01-19,Mumbai
ORD10672,CUST401,PRD521,Beauty,Plum,303.00,1,2024-01-19,Mumbai
ORD10673,CUST982,PRD471,Home & Kitchen,Pigeon,1156.00,1,2024-01-19,Hyderabad
ORD10673,CUST982,PRD113,Fashion,Levis,2999.00,1,2024-01-19,Hyderabad
ORD10674,CUST1168,PRD225,Electronics,Samsung,469.00,4,2024-01-19,Chennai
ORD10675,CUST1306,PRD228,Electronics,Realme,1737.00,2,2024-01-19,Delhi
ORD10676,CUST862,PRD466,Books,Westland,1261.00,1,2024-01-19,Chennai
ORD10677,CUST311,PRD524,Beauty,Himalaya,249.00,2,2024-01-19,Mumbai
ORD10677,CUST311,PRD452,Home & Kitchen,Wonderchef,462.00,3,2024-01-19,Mumbai
ORD10678,CUST783,PRD381,Fashion,Peter England,406.00,2,2024-01-19,Bengaluru
ORD10678,CUST783,PRD521,Beauty,Plum,303.00,3,2024-01-19,Bengaluru
ORD10679,CUST533,PRD509,Electronics,Noise,1956.00,2,2024-01-19,Delhi
ORD10680,CUST722,PRD153,Electronics,Apple,1631.00,2,2024-01-19,Bengaluru
ORD10681,CUST554,PRD508,Electronics,Sony,1978.00,1,2024-01-19,Bengaluru
ORD10682,CUST381,PRD476,Home & Kitchen,Wonderchef,1186.00,1,2024-01-19,Delhi
ORD10683,CUST1430,PRD163,Electronics,Realme,1801.00,1,2024-01-19,Mumbai
ORD10683,CUST1430,PRD201,Fashion,Puma,841.00,1,2024-01-19,Mumbai
ORD10683,CUST1430,PRD332,Fashion,Biba,597.00,1,2024-01-19,Mumbai
ORD10683,CUST1430,PRD197,Sports,Cosco,3499.00,1,2024-01-19,Mumbai
ORD10684,CUST1193,PRD443,Fashion,Puma,437.00,5,2024-01-19,Mumbai
ORD10685,CUST169,PRD562,Books,Westland,999.00,1,2024-01-19,Hyderabad
ORD10686,CUST1402,PRD572,Electronics,Apple,1534.00,2,2024-01-19,Delhi
ORD10686,CUST1402,PRD427,Beauty,Biotique,217.00,1,2024-01-19,Delhi
ORD10687,CUST977,PRD508,Electronics,Sony,1978.00,1,2024-01-19,Mumbai
ORD10688,CUST1111,PRD577,Electronics,Mi,1502.00,2,2024-01-19,Delhi
ORD10689,CUST526,PRD061,Home & Kitchen,Prestige,1999.00,2,2024-01-19,Mumbai
ORD10690,CUST911,PRD476,Home & Kitchen,Wonderchef,1186.00,1,2024-01-19,Mumbai
ORD10691,CUST795,PRD072,Books,Aleph,226.00,3,2024-01-19,Bengaluru
ORD10691,CUST795,PRD197,Sports,Cosco,3499.00,1,2024-01-19,Bengaluru
ORD10692,CUST1443,PRD104,Home & Kitchen,Butterfly,875.00,3,2024-01-19,Hyderabad
ORD10692,CUST1443,PRD520,Books,Bloomsbury,739.00,1,2024-01-19,Hyderabad
ORD10692,CUST1443,PRD126,Sports,Decathlon,1107.00,2,2024-01-19,Hyderabad
ORD10692,CUST1443,PRD500,Electronics,Samsung,18999.00,1,2024-01-19,Hyderabad
ORD10693,CUST442,PRD591,Books,Bloomsbury,258.00,2,2024-01-19,Mumbai
ORD10693,CUST442,PRD083,Fashion,Sparx,627.00,3,2024-01-19,Mumbai
ORD10693,CUST442,PRD443,Fashion,Puma,437.00,1,2024-01-19,Mumbai
ORD10693,CUST442,PRD548,Electronics,Boult,2691.00,1,2024-01-19,Mumbai
ORD10694,CUST1000,PRD376,Fashion,Sparx,1189.00,1,2024-01-19,Mumbai
ORD10695,CUST667,PRD270,Home & Kitchen,Prestige,1377.00,1,2024-01-19,Kolkata
ORD10696,CUST1275,PRD595,Fashion,Sparx,934.00,1,2024-01-19,Delhi
ORD10696,CUST1275,PRD407,Sports,Puma,235.00,4,2024-01-19,Delhi
ORD10697,CUST721,PRD163,Electronics,Realme,1801.00,1,2024-01-19,Mumbai
ORD10697,CUST721,PRD177,Fashion,Allen Solly,640.00,1,2024-01-19,Mumbai
ORD10698,CUST680,PRD480,Sports,Nike,942.00,3,2024-01-19,Bengaluru
ORD10698,CUST680,PRD575,Sports,Cosco,2199.00,1,2024-01-19,Bengaluru
ORD10699,CUST142,PRD587,Sports,Yonex,1709.00,2,2024-01-19,Delhi
ORD10699,CUST142,PRD410,Electronics,OnePlus,4071.00,1,2024-01-19,Delhi
ORD10699,CUST142,PRD512,Books,Westland,374.00,1,2024-01-19,Delhi
ORD10700,CUST1031,PRD314,Electronics,Boult,422.00,2,2024-01-19,Hyderabad
ORD10701,CUST055,PRD443,Fashion,Puma,437.00,4,2024-01-19,Hyderabad
ORD10701,CUST055,PRD444,Electronics,Samsung,346.00,2,2024-01-19,Hyderabad
ORD10702,CUST1267,PRD290,Electronics,Apple,504.00,1,2024-01-19,Mumbai
ORD10703,CUST678,PRD163,Electronics,Realme,1801.00,1,2024-01-19,Pune
ORD10703,CUST678,PRD564,Fashion,Peter England,647.00,1,2024-01-19,Pune
ORD10704,CUST811,PRD422,Sports,Cosco,864.00,2,2024-01-19,Kolkata
ORD10704,CUST811,PRD573,Fashion,Peter England,652.00,2,2024-01-19,Kolkata
ORD10705,CUST1448,PRD522,Fashion,Woodland,302.00,2,2024-01-20,Pune
ORD10705,CUST1448,PRD577,Electronics,Mi,1502.00,2,2024-01-20,Pune
ORD10706,CUST038,PRD432,Home & Kitchen,Pigeon,1110.00,1,2024-01-20,Mumbai
ORD10707,CUST1061,PRD225,Electronics,Samsung,469.00,1,2024-01-20,Bengaluru
ORD10707,CUST1061,PRD438,Electronics,Realme,1087.00,2,2024-01-20,Bengaluru
ORD10707,CUST1061,PRD033,Electronics,Mi,160.00,2,2024-01-20,Bengaluru
ORD10708,CUST324,PRD481,Home & Kitchen,Butterfly,1864.00,2,2024-01-20,Pune
ORD10709,CUST507,PRD238,Home & Kitchen,Borosil,948.00,3,2024-01-20,Pune
ORD10710,CUST360,PRD458,Fashion,Woodland,614.00,2,2024-01-20,Pune
ORD10710,CUST360,PRD339,Electronics,OnePlus,1061.00,1,2024-01-20,Pune
ORD10710,CUST360,PRD381,Fashion,Peter England,406.00,3,2024-01-20,Pune
ORD10711,CUST102,PRD385,Electronics,OnePlus,2378.00,1,2024-01-20,Bengaluru
ORD10712,CUST1219,PRD019,Fashion,Woodland,707.00,1,2024-01-20,Pune
ORD10712,CUST1219,PRD442,Electronics,Apple,1029.00,1,2024-01-20,Pune
ORD10712,CUST1219,PRD168,Home & Kitchen,Prestige,1522.00,1,2024-01-20,Pune
ORD10712,CUST1219,PRD129,Home & Kitchen,Pigeon,728.00,3,2024-01-20,Pune
ORD10713,CUST1288,PRD107,Electronics,JBL,844.00,1,2024-01-20,Pune
ORD10713,CUST1288,PRD070,Home & Kitchen,Wonderchef,1246.00,1,2024-01-20,Pune
ORD10714,CUST1268,PRD150,Beauty,Maybelline,726.00,1,2024-01-20,Mumbai
ORD10715,CUST1450,PRD381,Fashion,Peter England,406.00,1,2024-01-20,Hyderabad
ORD10716,CUST576,PRD266,Beauty,Himalaya,637.00,1,2024-01-20,Mumbai
ORD10717,CUST587,PRD180,Home & Kitchen,Cello,835.00,1,2024-01-20,Chennai
ORD10718,CUST191,PRD342,Books,Westland,462.00,4,2024-01-20,Delhi
ORD10719,CUST971,PRD220,Books,Westland,415.00,2,2024-01-20,Mumbai
ORD10720,CUST1220,PRD076,Sports,Nivia,579.00,1,2024-01-20,Delhi
ORD10721,CUST524,PRD297,Home & Kitchen,Pigeon,1081.00,3,2024-01-20,Bengaluru
ORD10721,CUST524,PRD247,Sports,Campus,1130.00,1,2024-01-20,Bengaluru
ORD10721,CUST524,PRD226,Electronics,Sony,413.00,2,2024-01-20,Bengaluru
ORD10721,CUST524,PRD588,Electronics,JBL,3249.00,1,2024-01-20,Bengaluru
ORD10722,CUST567,PRD009,Fashion,Levis,1499.00,3,2024-01-20,Mumbai
ORD10722,CUST567,PRD140,Home & Kitchen,Prestige,2499.00,1,2024-01-20,Mumbai
ORD10722,CUST567,PRD357,Home & Kitchen,Milton,918.00,1,2024-01-20,Mumbai
ORD10722,CUST567,PRD188,Fashion,Bata,799.00,1,2024-01-20,Mumbai
ORD10723,CUST882,PRD053,Sports,Cosco,2360.00,1,2024-01-20,Bengaluru
ORD10723,CUST882,PRD057,Electronics,Sony,1157.00,1,2024-01-20,Bengaluru
ORD10724,CUST1051,PRD326,Fashion,Bata,547.00,1,2024-01-20,Pune
ORD10724,CUST1051,PRD210,Fashion,Sparx,599.00,1,2024-01-20,Pune
ORD10725,CUST327,PRD235,Electronics,Boult,1773.00,1,2024-01-20,Hyderabad
ORD10725,CUST327,PRD106,Sports,Nike,1746.00,1,2024-01-20,Hyderabad
ORD10725,CUST327,PRD227,Home & Kitchen,Hawkins,1799.00,1,2024-01-20,Hyderabad
ORD10726,CUST014,PRD249,Fashion,,335.00,1,2024-01-20,Pune
ORD10726,CUST014,PRD225,Electronics,Samsung,469.00,4,2024-01-20,Pune
ORD10727,CUST052,PRD246,Sports,Decathlon,256.00,1,2024-01-20,Hyderabad
ORD10727,CUST052,PRD476,Home & Kitchen,Wonderchef,1186.00,2,2024-01-20,Hyderabad
ORD10727,CUST052,PRD197,Sports,Cosco,3499.00,1,2024-01-20,Hyderabad
ORD10727,CUST052,PRD521,Beauty,Plum,303.00,2,2024-01-20,Hyderabad
ORD10728,CUST139,PRD345,Home & Kitchen,Prestige,4499.00,2,2024-01-20,Chennai
ORD10728,CUST139,PRD484,Beauty,Himalaya,150.00,3,2024-01-20,Chennai
ORD10729,CUST1441,PRD378,Sports,Campus,2214.00,1,2024-01-20,Bengaluru
ORD10730,CUST810,PRD407,Sports,Puma,235.00,3,2024-01-20,Mumbai
ORD10731,CUST540,PRD225,Electronics,Samsung,469.00,1,2024-01-20,Bengaluru
ORD10731,CUST540,PRD163,Electronics,Realme,1801.00,1,2024-01-20,Bengaluru
ORD10732,CUST1347,PRD387,Electronics,Realme,315.00,2,2024-01-20,Bengaluru
ORD10733,CUST012,PRD324,Fashion,Allen Solly,843.00,1,2024-01-20,Mumbai
ORD10734,CUST919,PRD554,Home & Kitchen,Borosil,403.00,1,2024-01-20,Mumbai
ORD10734,CUST919,PRD286,Electronics,Noise,437.00,2,2024-01-20,Mumbai
ORD10734,CUST919,PRD309,Electronics,Boult,1127.00,1,2024-01-20,Mumbai
ORD10735,CUST049,PRD163,Electronics,Realme,1801.00,2,2024-01-20,Chennai
ORD10736,CUST666,PRD385,Electronics,OnePlus,2378.00,1,2024-01-20,Chennai
ORD10737,CUST275,PRD471,Home & Kitchen,Pigeon,1156.00,2,2024-01-20,Mumbai
ORD10738,CUST226,PRD149,Electronics,Noise,4288.00,1,2024-01-20,Bengaluru
ORD10739,CUST787,PRD295,Books,Rupa,420.00,4,2024-01-20,Mumbai
ORD10739,CUST787,PRD577,Electronics,Mi,1502.00,2,2024-01-20,Mumbai
ORD10739,CUST787,PRD518,Electronics,Mi,4469.00,1,2024-01-20,Mumbai
ORD10740,CUST562,PRD114,Fashion,Bata,1028.00,2,2024-01-20,Bengaluru
ORD10741,CUST1311,PRD029,Beauty,Lakme,431.00,1,2024-01-20,Bengaluru
ORD10741,CUST1311,PRD060,Books,HarperCollins,785.00,1,2024-01-20,Bengaluru
ORD10742,CUST514,PRD009,Fashion,Levis,1499.00,1,2024-01-20,Bengaluru
ORD10743,CUST1453,PRD321,Beauty,Himalaya,237.00,1,2024-01-20,Delhi
ORD10744,CUST141,PRD134,Electronics,OnePlus,346.00,3,2024-01-21,Chennai
ORD10745,CUST1258,PRD140,Home & Kitchen,Prestige,2499.00,1,2024-01-21,Delhi
ORD10746,CUST132,PRD444,Electronics,Samsung,346.00,1,2024-01-21,Chennai
ORD10746,CUST132,PRD533,Beauty,Plum,379.00,4,2024-01-21,Chennai
ORD10746,CUST132,PRD401,Electronics,Realme,1790.00,2,2024-01-21,Chennai
ORD10747,CUST789,PRD391,Fashion,Bata,1999.00,1,2024-01-21,Chennai
ORD10748,CUST1473,PRD376,Fashion,Sparx,1189.00,2,2024-01-21,Hyderabad
ORD10749,CUST667,PRD480,Sports,Nike,942.00,2,2024-01-21,Kolkata
ORD10750,CUST722,PRD516,Beauty,Lakme,469.00,2,2024-01-21,Bengaluru
ORD10750,CUST722,PRD327,Electronics,OnePlus,457.00,2,2024-01-21,Bengaluru
ORD10751,CUST1448,PRD564,Fashion,Peter England,647.00,1,2024-01-21,Pune
ORD10752,CUST582,PRD584,Sports,Nike,202.00,3,2024-01-21,Bengaluru
ORD10753,CUST1024,PRD251,Fashion,Puma,761.00,1,2024-01-21,Bengaluru
ORD10753,CUST1024,PRD225,Electronics,Samsung,469.00,5,2024-01-21,Bengaluru
ORD10754,CUST641,PRD584,Sports,Nike,202.00,1,2024-01-21,Hyderabad
ORD10755,CUST419,PRD286,Electronics,Noise,437.00,1,2024-01-21,Delhi
ORD10756,CUST1333,PRD179,Electronics,Noise,1044.00,2,2024-01-21,Bengaluru
ORD10757,CUST504,PRD225,Electronics,Samsung,469.00,2,2024-01-21,Hyderabad
ORD10758,CUST587,PRD324,Fashion,Allen Solly,843.00,2,2024-01-21,Chennai
ORD10759,CUST1324,PRD304,Sports,,1385.00,1,2024-01-21,Mumbai
ORD10760,CUST423,PRD286,Electronics,Noise,437.00,5,2024-01-21,Mumbai
ORD10761,CUST620,PRD351,Electronics,Noise,344.00,1,2024-01-21,Hyderabad
ORD10762,CUST372,PRD163,Electronics,Realme,1801.00,1,2024-01-21,Delhi
ORD10762,CUST372,PRD126,Sports,Decathlon,1107.00,2,2024-01-21,Delhi
ORD10763,CUST962,PRD078,Fashion,Woodland,513.00,1,2024-01-21,Delhi
ORD10763,CUST962,PRD298,Home & Kitchen,Borosil,4499.00,1,2024-01-21,Delhi
ORD10763,CUST962,PRD202,Sports,Nike,1517.00,1,2024-01-21,Delhi
ORD10763,CUST962,PRD107,Electronics,JBL,844.00,2,2024-01-21,Delhi
ORD10764,CUST629,PRD410,Electronics,OnePlus,4071.00,1,2024-01-21,Delhi
ORD10765,CUST502,PRD401,Electronics,Realme,1790.00,1,2024-01-21,Ahmedabad
ORD10766,CUST010,PRD238,Home & Kitchen,Borosil,948.00,1,2024-01-21,Kolkata
ORD10767,CUST1299,PRD410,Electronics,OnePlus,4071.00,1,2024-01-21,Hyderabad
ORD10768,CUST896,PRD234,Fashion,Bata,484.00,1,2024-01-21,Hyderabad
ORD10768,CUST896,PRD499,Home & Kitchen,Milton,1157.00,1,2024-01-21,Hyderabad
ORD10768,CUST896,PRD538,Sports,Nivia,347.00,1,2024-01-21,Hyderabad
ORD10769,CUST1382,PRD074,Beauty,Plum,209.00,3,2024-01-21,Bengaluru
ORD10769,CUST1382,PRD521,Beauty,Plum,303.00,3,2024-01-21,Bengaluru
ORD10770,CUST062,PRD579,Beauty,Plum,661.00,1,2024-01-21,Mumbai
ORD10770,CUST062,PRD521,Beauty,Plum,303.00,8,2024-01-21,Mumbai
ORD10771,CUST1220,PRD192,Electronics,Mi,2555.00,1,2024-01-21,Delhi
ORD10771,CUST1220,PRD495,Fashion,Woodland,1999.00,1,2024-01-21,Delhi
ORD10772,CUST1145,PRD595,Fashion,Sparx,934.00,1,2024-01-21,Bengaluru
ORD10773,CUST161,PRD333,Home & Kitchen,Wonderchef,422.00,2,2024-01-21,Pune
ORD10774,CUST1354,PRD395,Beauty,Maybelline,618.00,1,2024-01-21,Chennai
ORD10775,CUST146,PRD337,Electronics,Boult,482.00,1,2024-01-21,Chennai
ORD10776,CUST599,PRD020,Beauty,Maybelline,169.00,4,2024-01-21,Bengaluru
ORD10776,CUST599,PRD424,Beauty,Himalaya,526.00,1,2024-01-21,Bengaluru
ORD10777,CUST1205,PRD169,Home & Kitchen,Milton,801.00,1,2024-01-21,Mumbai
ORD10778,CUST864,PRD233,Sports,Campus,1499.00,1,2024-01-21,Mumbai
ORD10779,CUST714,PRD111,Beauty,Nivea,266.00,2,2024-01-21,Delhi
ORD10779,CUST714,PRD136,Sports,Adidas,3499.00,1,2024-01-21,Delhi
ORD10780,CUST1250,PRD283,Beauty,Himalaya,318.00,1,2024-01-21,Mumbai
ORD10781,CUST157,PRD174,Fashion,Bata,1462.00,1,2024-01-21,Delhi
ORD10781,CUST157,PRD353,Beauty,Nivea,228.00,2,2024-01-21,Delhi
ORD10781,CUST157,PRD249,Fashion,Levis,335.00,5,2024-01-21,Delhi
ORD10781,CUST157,PRD508,Electronics,Sony,1978.00,1,2024-01-21,Delhi
ORD10782,CUST771,PRD532,Electronics,Noise,719.00,2,2024-01-21,Chennai
ORD10782,CUST771,PRD401,Electronics,Realme,1790.00,2,2024-01-21,Chennai
ORD10783,CUST794,PRD010,Beauty,Maybelline,1040.00,1,2024-01-21,Bengaluru
ORD10784,CUST1435,PRD323,Fashion,Woodland,312.00,3,2024-01-21,Bengaluru
ORD10785,CUST670,PRD551,Beauty,Nivea,535.00,1,2024-01-21,Mumbai
ORD10786,CUST1068,PRD140,Home & Kitchen,Prestige,2499.00,1,2024-01-21,Hyderabad
ORD10787,CUST156,PRD574,Electronics,Mi,318.00,1,2024-01-21,Mumbai
ORD10788,CUST1478,PRD500,Electronics,Samsung,18999.00,1,2024-01-21,Hyderabad
ORD10788,CUST1478,PRD442,Electronics,Apple,1029.00,1,2024-01-21,Hyderabad
ORD10788,CUST1478,PRD247,Sports,Campus,1130.00,1,2024-01-21,Hyderabad
ORD10788,CUST1478,PRD215,Sports,Campus,638.00,1,2024-01-21,Hyderabad
ORD10789,CUST194,PRD508,Electronics,Sony,1978.00,1,2024-01-22,Mumbai
ORD10790,CUST910,PRD152,Electronics,Sony,699.00,1,2024-01-22,Bengaluru
ORD10791,CUST341,PRD463,Beauty,Plum,432.00,1,2024-01-22,Delhi
ORD10792,CUST157,PRD569,Fashion,Peter England,765.00,1,2024-01-22,Delhi
ORD10792,CUST157,PRD476,Home & Kitchen,Wonderchef,1186.00,1,2024-01-22,Delhi
ORD10793,CUST815,PRD444,Electronics,Samsung,346.00,4,2024-01-22,Mumbai
ORD10794,CUST1298,PRD358,Electronics,Apple,205.00,2,2024-01-22,Delhi
ORD10795,CUST896,PRD153,Electronics,Apple,1631.00,1,2024-01-22,Hyderabad
ORD10796,CUST512,PRD128,Books,Rupa,218.00,1,2024-01-22,Bengaluru
ORD10796,CUST512,PRD552,Beauty,Nivea,154.00,1,2024-01-22,Bengaluru
ORD10797,CUST717,PRD416,Electronics,Boat,1236.00,1,2024-01-22,Bengaluru
ORD10797,CUST717,PRD585,Beauty,Nivea,192.00,3,2024-01-22,Bengaluru
ORD10798,CUST1434,PRD586,Fashion,Biba,738.00,1,2024-01-22,Mumbai
ORD10798,CUST1434,PRD538,Sports,Nivia,347.00,4,2024-01-22,Mumbai
ORD10799,CUST146,PRD509,Electronics,Noise,1956.00,1,2024-01-22,Chennai
ORD10799,CUST146,PRD410,Electronics,OnePlus,4071.00,2,2024-01-22,Chennai
ORD10799,CUST146,PRD247,Sports,Campus,1130.00,1,2024-01-22,Chennai
ORD10800,CUST1250,PRD488,Beauty,Maybelline,409.00,1,2024-01-22,Mumbai
ORD10801,CUST976,PRD247,Sports,Campus,1130.00,2,2024-01-22,Mumbai
ORD10801,CUST976,PRD425,Electronics,Realme,1566.00,1,2024-01-22,Mumbai
ORD10801,CUST976,PRD385,Electronics,OnePlus,2378.00,1,2024-01-22,Mumbai
ORD10802,CUST1276,PRD591,Books,Bloomsbury,258.00,2,2024-01-22,Bengaluru
ORD10803,CUST035,PRD559,Sports,Nivia,899.00,3,2024-01-22,Hyderabad
ORD10804,CUST702,PRD590,Fashion,Sparx,389.00,2,2024-01-22,Pune
ORD10804,CUST702,PRD197,Sports,Cosco,3499.00,1,2024-01-22,Pune
ORD10805,CUST1314,PRD295,Books,Rupa,420.00,3,2024-01-22,Delhi
ORD10805,CUST1314,PRD314,Electronics,Boult,422.00,2,2024-01-22,Delhi
ORD10806,CUST096,PRD076,Sports,Nivia,579.00,1,2024-01-22,Delhi
ORD10806,CUST096,PRD578,Books,Aleph,974.00,3,2024-01-22,Delhi
ORD10807,CUST626,PRD525,Books,Bloomsbury,699.00,1,2024-01-22,Mumbai
ORD10808,CUST1308,PRD342,Books,Westland,462.00,3,2024-01-22,Delhi
ORD10809,CUST1315,PRD169,Home & Kitchen,Milton,801.00,1,2024-01-22,Pune
ORD10810,CUST1354,PRD446,Beauty,Plum,155.00,6,2024-01-22,Chennai
ORD10810,CUST1354,PRD342,Books,Westland,462.00,1,2024-01-22,Chennai
ORD10811,CUST493,PRD225,Electronics,Samsung,469.00,1,2024-01-22,Mumbai
ORD10811,CUST493,PRD381,Fashion,Peter England,406.00,1,2024-01-22,Mumbai
ORD10812,CUST1326,PRD194,Electronics,Apple,821.00,1,2024-01-22,Delhi
ORD10812,CUST1326,PRD471,Home & Kitchen,Pigeon,1156.00,1,2024-01-22,Delhi
ORD10813,CUST361,PRD410,Electronics,OnePlus,4071.00,1,2024-01-22,Ahmedabad
ORD10813,CUST361,PRD230,Electronics,Apple,1596.00,1,2024-01-22,Ahmedabad
ORD10814,CUST010,PRD381,Fashion,Peter England,406.00,6,2024-01-22,Kolkata
ORD10814,CUST010,PRD439,Electronics,Boat,394.00,1,2024-01-22,Kolkata
ORD10815,CUST1198,PRD027,Fashion,Puma,488.00,1,2024-01-22,Kolkata
ORD10816,CUST1094,PRD020,Beauty,Maybelline,169.00,1,2024-01-22,Ahmedabad
ORD10817,CUST728,PRD131,Beauty,Plum,667.00,1,2024-01-22,Bengaluru
ORD10818,CUST435,PRD563,Electronics,Samsung,443.00,1,2024-01-22,Delhi
ORD10819,CUST983,PRD588,Electronics,JBL,3249.00,1,2024-01-22,Kolkata
ORD10820,CUST1123,PRD109,Electronics,OnePlus,160.00,1,2024-01-22,Kolkata
ORD10820,CUST1123,PRD548,Electronics,Boult,2691.00,1,2024-01-22,Kolkata
ORD10821,CUST1089,PRD095,Home & Kitchen,Pigeon,449.00,2,2024-01-22,Kolkata
ORD10822,CUST355,PRD563,Electronics,Samsung,443.00,1,2024-01-22,Ahmedabad
ORD10822,CUST355,PRD572,Electronics,Apple,1534.00,2,2024-01-22,Ahmedabad
ORD10823,CUST070,PRD095,Home & Kitchen,Pigeon,449.00,1,2024-01-22,Chennai
ORD10823,CUST070,PRD047,Electronics,Apple,1555.00,2,2024-01-22,Chennai
ORD10823,CUST070,PRD521,Beauty,Plum,303.00,2,2024-01-22,Chennai
ORD10824,CUST1027,PRD363,Home & Kitchen,Milton,399.00,2,2024-01-22,Ahmedabad
ORD10825,CUST448,PRD012,Home & Kitchen,Cello,615.00,1,2024-01-22,Hyderabad
ORD10826,CUST106,PRD588,Electronics,JBL,3249.00,1,2024-01-22,Bengaluru
ORD10826,CUST106,PRD429,Electronics,Boult,577.00,1,2024-01-22,Bengaluru
ORD10826,CUST106,PRD439,Electronics,Boat,394.00,2,2024-01-22,Bengaluru
ORD10827,CUST718,PRD250,Home & Kitchen,Pigeon,1541.00,1,2024-01-22,Delhi
ORD10828,CUST854,PRD264,Home & Kitchen,Prestige,518.00,1,2024-01-22,Bengaluru
ORD10828,CUST854,PRD003,Electronics,JBL,3498.00,1,2024-01-22,Bengaluru
ORD10829,CUST336,PRD203,Sports,Campus,720.00,2,2024-01-22,Bengaluru
ORD10830,CUST1186,PRD372,Beauty,Biotique,415.00,2,2024-01-22,Delhi
ORD10830,CUST1186,PRD518,Electronics,Mi,4469.00,1,2024-01-22,Delhi
ORD10830,CUST1186,PRD163,Electronics,Realme,1801.00,1,2024-01-22,Delhi
ORD10830,CUST1186,PRD248,Home & Kitchen,Wonderchef,980.00,2,2024-01-22,Delhi
ORD10831,CUST1133,PRD280,Electronics,Apple,4376.00,1,2024-01-22,Mumbai
ORD10832,CUST502,PRD310,Sports,Decathlon,2499.00,1,2024-01-22,Ahmedabad
ORD10833,CUST1430,PRD375,Home & Kitchen,Borosil,633.00,1,2024-01-22,Mumbai
ORD10833,CUST1430,PRD429,Electronics,Boult,577.00,1,2024-01-22,Mumbai
ORD10834,CUST417,PRD422,Sports,Cosco,864.00,2,2024-01-22,Mumbai
ORD10835,CUST141,PRD543,Fashion,Woodland,511.00,1,2024-01-22,Chennai
ORD10836,CUST161,PRD172,Electronics,Realme,318.00,3,2024-01-22,Pune
ORD10836,CUST161,PRD132,Home & Kitchen,Milton,455.00,2,2024-01-22,Pune
ORD10837,CUST395,PRD357,Home & Kitchen,Milton,918.00,1,2024-01-22,Bengaluru
ORD10838,CUST045,PRD247,Sports,Campus,1130.00,1,2024-01-22,Delhi
ORD10839,CUST1442,PRD114,Fashion,Bata,1028.00,1,2024-01-23,Bengaluru
ORD10840,CUST866,PRD508,Electronics,Sony,1978.00,1,2024-01-23,Pune
ORD10841,CUST223,PRD147,Home & Kitchen,Borosil,615.00,1,2024-01-23,Mumbai
ORD10841,CUST223,PRD358,Electronics,Apple,205.00,5,2024-01-23,Mumbai
ORD10841,CUST223,PRD060,Books,HarperCollins,785.00,1,2024-01-23,Mumbai
ORD10842,CUST1361,PRD163,Electronics,Realme,1801.00,1,2024-01-23,Mumbai
ORD10842,CUST1361,PRD390,Electronics,Apple,1322.00,1,2024-01-23,Mumbai
ORD10842,CUST1361,PRD425,Electronics,Realme,1566.00,1,2024-01-23,Mumbai
ORD10843,CUST1112,PRD401,Electronics,Realme,1790.00,1,2024-01-23,Ahmedabad
ORD10843,CUST1112,PRD467,Home & Kitchen,Prestige,845.00,1,2024-01-23,Ahmedabad
ORD10844,CUST1304,PRD140,Home & Kitchen,Prestige,2499.00,1,2024-01-23,Bengaluru
ORD10844,CUST1304,PRD292,Home & Kitchen,Cello,2099.00,1,2024-01-23,Bengaluru
ORD10845,CUST1108,PRD413,Fashion,Woodland,304.00,4,2024-01-23,Delhi
ORD10846,CUST1311,PRD153,Electronics,Apple,1631.00,1,2024-01-23,Bengaluru
ORD10846,CUST1311,PRD563,Electronics,Samsung,443.00,1,2024-01-23,Bengaluru
ORD10847,CUST1214,PRD109,Electronics,OnePlus,160.00,3,2024-01-23,Kolkata
ORD10848,CUST797,PRD197,Sports,Cosco,3499.00,2,2024-01-23,Chennai
ORD10848,CUST797,PRD410,Electronics,OnePlus,4071.00,1,2024-01-23,Chennai
ORD10849,CUST235,PRD280,Electronics,Apple,4376.00,1,2024-01-23,Chennai
ORD10849,CUST235,PRD086,Sports,Decathlon,1825.00,1,2024-01-23,Chennai
ORD10850,CUST411,PRD304,Sports,Campus,1385.00,1,2024-01-23,Delhi
ORD10851,CUST1088,PRD289,Electronics,Boult,826.00,1,2024-01-23,Pune
ORD10852,CUST1097,PRD480,Sports,Nike,942.00,2,2024-01-23,Delhi
ORD10853,CUST1339,PRD600,Fashion,Allen Solly,763.00,1,2024-01-23,Pune
ORD10854,CUST234,PRD066,Electronics,JBL,487.00,2,2024-01-23,Delhi
ORD10854,CUST234,PRD157,Electronics,OnePlus,2785.00,1,2024-01-23,Delhi
ORD10855,CUST1203,PRD102,Sports,Cosco,569.00,1,2024-01-23,Bengaluru
ORD10856,CUST549,PRD114,Fashion,Bata,1028.00,2,2024-01-23,Delhi
ORD10857,CUST1461,PRD327,Electronics,OnePlus,457.00,1,2024-01-23,Kolkata
ORD10857,CUST1461,PRD177,Fashion,Allen Solly,640.00,1,2024-01-23,Kolkata
ORD10858,CUST1364,PRD192,Electronics,Mi,2555.00,1,2024-01-23,Chennai
ORD10859,CUST470,PRD588,Electronics,JBL,3249.00,1,2024-01-23,Kolkata
ORD10860,CUST533,PRD080,Electronics,Realme,1211.00,1,2024-01-23,Delhi
ORD10861,CUST472,PRD577,Electronics,Mi,1502.00,1,2024-01-23,Delhi
ORD10862,CUST1012,PRD318,Books,Westland,448.00,6,2024-01-23,Pune
ORD10862,CUST1012,PRD416,Electronics,Boat,1236.00,2,2024-01-23,Pune
ORD10862,CUST1012,PRD183,Books,Aleph,566.00,1,2024-01-23,Pune
ORD10863,CUST611,PRD585,Beauty,Nivea,192.00,1,2024-01-23,Chennai
ORD10864,CUST1047,PRD177,Fashion,Allen Solly,640.00,1,2024-01-23,Mumbai
ORD10864,CUST1047,PRD286,Electronics,Noise,437.00,1,2024-01-23,Mumbai
ORD10865,CUST505,PRD173,Sports,Cosco,555.00,1,2024-01-23,Hyderabad
ORD10866,CUST1143,PRD298,Home & Kitchen,Borosil,4499.00,1,2024-01-23,Bengaluru
ORD10867,CUST1440,PRD388,Books,Rupa,437.00,1,2024-01-23,Mumbai
ORD10868,CUST1397,PRD222,Home & Kitchen,Cello,968.00,1,2024-01-23,Mumbai
ORD10868,CUST1397,PRD127,Beauty,Biotique,208.00,3,2024-01-23,Mumbai
ORD10869,CUST410,PRD219,Beauty,Nivea,480.00,8,2024-01-23,Mumbai
ORD10869,CUST410,PRD059,Home & Kitchen,Wonderchef,592.00,2,2024-01-23,Mumbai
ORD10870,CUST1136,PRD143,Books,Rupa,497.00,1,2024-01-23,Bengaluru
ORD10871,CUST198,PRD521,Beauty,Plum,303.00,4,2024-01-23,Ahmedabad
ORD10871,CUST198,PRD174,Fashion,Bata,1462.00,1,2024-01-23,Ahmedabad
ORD10872,CUST272,PRD407,Sports,Puma,235.00,1,2024-01-23,Delhi
ORD10873,CUST369,PRD304,Sports,Campus,1385.00,1,2024-01-23,Chennai
ORD10874,CUST504,PRD350,Home & Kitchen,Borosil,4499.00,1,2024-01-23,Hyderabad
ORD10875,CUST1164,PRD076,Sports,Nivia,579.00,1,2024-01-23,Pune
ORD10876,CUST404,PRD163,Electronics,Realme,1801.00,1,2024-01-23,Mumbai
ORD10877,CUST795,PRD529,Beauty,Biotique,234.00,2,2024-01-23,Bengaluru
ORD10878,CUST662,PRD352,Home & Kitchen,Prestige,460.00,2,2024-01-23,Delhi
ORD10879,CUST1123,PRD418,Home & Kitchen,Borosil,473.00,2,2024-01-23,Kolkata
ORD10880,CUST567,PRD572,Electronics,Apple,1534.00,1,2024-01-23,Mumbai
ORD10881,CUST962,PRD388,Books,Rupa,437.00,3,2024-01-23,Delhi
ORD10882,CUST476,PRD397,Sports,Decathlon,1292.00,1,2024-01-23,Pune
ORD10883,CUST647,PRD132,Home & Kitchen,Milton,455.00,3,2024-01-23,Bengaluru
ORD10884,CUST1272,PRD568,Fashion,Sparx,1466.00,1,2024-01-23,Mumbai
ORD10885,CUST355,PRD450,Sports,Adidas,413.00,4,2024-01-23,Ahmedabad
ORD10886,CUST690,PRD287,Beauty,Plum,178.00,1,2024-01-23,Mumbai
ORD10887,CUST831,PRD071,Beauty,Himalaya,243.00,2,2024-01-23,Mumbai
ORD10888,CUST306,PRD378,Sports,Campus,2214.00,1,2024-01-24,Delhi
ORD10889,CUST1406,PRD295,Books,Rupa,420.00,3,2024-01-24,Mumbai
ORD10889,CUST1406,PRD168,Home & Kitchen,Prestige,1522.00,1,2024-01-24,Mumbai
ORD10890,CUST967,PRD294,Electronics,Mi,615.00,1,2024-01-24,Pune
ORD10890,CUST967,PRD140,Home & Kitchen,Prestige,2499.00,1,2024-01-24,Pune
ORD10891,CUST474,PRD442,Electronics,Apple,1029.00,3,2024-01-24,Hyderabad
ORD10891,CUST474,PRD126,Sports,Decathlon,1107.00,1,2024-01-24,Hyderabad
ORD10892,CUST632,PRD337,Electronics,Boult,482.00,2,2024-01-24,Pune
ORD10892,CUST632,PRD480,Sports,Nike,942.00,1,2024-01-24,Pune
ORD10892,CUST632,PRD514,Electronics,Samsung,170.00,2,2024-01-24,Pune
ORD10893,CUST497,PRD026,Home & Kitchen,Milton,781.00,1,2024-01-24,Mumbai
ORD10893,CUST497,PRD504,Electronics,Mi,155.00,2,2024-01-24,Mumbai
ORD10894,CUST070,PRD225,Electronics,Samsung,469.00,1,2024-01-24,Chennai
ORD10895,CUST1500,PRD532,Electronics,Noise,719.00,1,2024-01-24,Delhi
ORD10895,CUST1500,PRD140,Home & Kitchen,Prestige,2499.00,1,2024-01-24,Delhi
ORD10896,CUST646,PRD387,Electronics,Realme,315.00,3,2024-01-24,Delhi
ORD10897,CUST984,PRD410,Electronics,OnePlus,4071.00,1,2024-01-24,Pune
ORD10897,CUST984,PRD171,Beauty,Lakme,599.00,3,2024-01-24,Pune
ORD10897,CUST984,PRD385,Electronics,OnePlus,2378.00,1,2024-01-24,Pune
ORD10898,CUST369,PRD568,Fashion,Sparx,1466.00,1,2024-01-24,Chennai
ORD10898,CUST369,PRD485,Electronics,Apple,420.00,4,2024-01-24,Chennai
ORD10899,CUST530,PRD197,Sports,Cosco,3499.00,1,2024-01-24,Pune
ORD10900,CUST1258,PRD437,Beauty,Himalaya,333.00,3,2024-01-24,Delhi
ORD10900,CUST1258,PRD508,Electronics,Sony,1978.00,1,2024-01-24,Delhi
ORD10901,CUST1213,PRD072,Books,Aleph,226.00,2,2024-01-24,Chennai
ORD10901,CUST1213,PRD323,Fashion,Woodland,312.00,1,2024-01-24,Chennai
ORD10901,CUST1213,PRD410,Electronics,OnePlus,4071.00,1,2024-01-24,Chennai
ORD10901,CUST1213,PRD134,Electronics,OnePlus,346.00,1,2024-01-24,Chennai
ORD10902,CUST1027,PRD563,Electronics,Samsung,443.00,5,2024-01-24,Ahmedabad
ORD10903,CUST269,PRD563,Electronics,Samsung,443.00,2,2024-01-24,Mumbai
ORD10903,CUST269,PRD441,Electronics,Sony,8613.00,1,2024-01-24,Mumbai
ORD10903,CUST269,PRD307,Books,Rupa,1199.00,2,2024-01-24,Mumbai
ORD10904,CUST610,PRD307,Books,Rupa,1199.00,1,2024-01-24,Delhi
ORD10905,CUST1379,PRD128,Books,Rupa,218.00,4,2024-01-24,Kolkata
ORD10905,CUST1379,PRD137,Home & Kitchen,Wonderchef,737.00,1,2024-01-24,Kolkata
ORD10905,CUST1379,PRD508,Electronics,Sony,1978.00,1,2024-01-24,Kolkata
ORD10905,CUST1379,PRD187,Home & Kitchen,Butterfly,438.00,1,2024-01-24,Kolkata
ORD10906,CUST055,PRD324,Fashion,Allen Solly,843.00,1,2024-01-24,Hyderabad
ORD10906,CUST055,PRD521,Beauty,Plum,303.00,2,2024-01-24,Hyderabad
ORD10907,CUST1377,PRD251,Fashion,Puma,761.00,1,2024-01-24,Delhi
ORD10908,CUST163,PRD362,Home & Kitchen,Wonderchef,564.00,1,2024-01-24,Mumbai
ORD10909,CUST562,PRD491,Electronics,Boat,1154.00,1,2024-01-24,Bengaluru
ORD10910,CUST366,PRD563,Electronics,Samsung,443.00,1,2024-01-24,Delhi
ORD10910,CUST366,PRD224,Sports,Nivia,634.00,1,2024-01-24,Delhi
ORD10911,CUST827,PRD069,Fashion,Woodland,1644.00,1,2024-01-24,Delhi
ORD10911,CUST827,PRD381,Fashion,Peter England,406.00,1,2024-01-24,Delhi
ORD10912,CUST1127,PRD444,Electronics,Samsung,346.00,2,2024-01-24,Pune
ORD10913,CUST158,PRD325,Sports,Puma,827.00,1,2024-01-24,Bengaluru
ORD10914,CUST1166,PRD332,Fashion,Biba,597.00,1,2024-01-24,Mumbai
ORD10914,CUST1166,PRD440,Beauty,Maybelline,250.00,1,2024-01-24,Mumbai
ORD10915,CUST204,PRD310,Sports,Decathlon,2499.00,1,2024-01-24,Delhi
ORD10916,CUST1010,PRD040,Electronics,Apple,817.00,1,2024-01-24,Pune
ORD10916,CUST1010,PRD589,Fashion,Allen Solly,661.00,1,2024-01-24,Pune
ORD10917,CUST935,PRD240,Home & Kitchen,Pigeon,1232.00,3,2024-01-24,Pune
ORD10917,CUST935,PRD132,Home & Kitchen,Milton,455.00,5,2024-01-24,Pune
ORD10917,CUST935,PRD285,Electronics,Sony,613.00,2,2024-01-24,Pune
ORD10918,CUST386,PRD113,Fashion,Levis,2999.00,1,2024-01-24,Kolkata
ORD10918,CUST386,PRD197,Sports,Cosco,3499.00,1,2024-01-24,Kolkata
ORD10918,CUST386,PRD163,Electronics,Realme,1801.00,1,2024-01-24,Kolkata
ORD10919,CUST955,PRD035,Home & Kitchen,Hawkins,438.00,2,2024-01-24,Chennai
ORD10920,CUST514,PRD288,Electronics,Realme,472.00,2,2024-01-24,Bengaluru
ORD10921,CUST882,PRD596,Electronics,Sony,440.00,2,2024-01-24,Bengaluru
ORD10921,CUST882,PRD178,Beauty,Maybelline,1099.00,1,2024-01-24,Bengaluru
ORD10922,CUST680,PRD401,Electronics,Realme,1790.00,1,2024-01-24,Bengaluru
ORD10922,CUST680,PRD461,Fashion,Peter England,1071.00,1,2024-01-24,Bengaluru
ORD10923,CUST1372,PRD574,Electronics,Mi,318.00,4,2024-01-24,Pune
ORD10924,CUST032,PRD325,Sports,Puma,827.00,1,2024-01-24,Mumbai
ORD10925,CUST127,PRD074,Beauty,Plum,209.00,2,2024-01-25,Mumbai
ORD10926,CUST026,PRD332,Fashion,Biba,597.00,2,2024-01-25,Kolkata
ORD10926,CUST026,PRD011,Electronics,Noise,1933.00,1,2024-01-25,Kolkata
ORD10926,CUST026,PRD506,Fashion,Allen Solly,745.00,1,2024-01-25,Kolkata
ORD10927,CUST524,PRD391,Fashion,Bata,1999.00,1,2024-01-25,Bengaluru
ORD10928,CUST1389,PRD473,Electronics,Realme,6236.00,1,2024-01-25,Bengaluru
ORD10929,CUST237,PRD034,Electronics,Noise,150.00,5,2024-01-25,Mumbai
ORD10929,CUST237,PRD416,Electronics,Boat,1236.00,1,2024-01-25,Mumbai
ORD10930,CUST1285,PRD267,Sports,Campus,1579.00,2,2024-01-25,Bengaluru
ORD10930,CUST1285,PRD410,Electronics,OnePlus,4071.00,1,2024-01-25,Bengaluru
ORD10931,CUST1229,PRD357,Home & Kitchen,Milton,918.00,3,2024-01-25,Pune
ORD10931,CUST1229,PRD434,Home & Kitchen,Cello,2260.00,2,2024-01-25,Pune
ORD10931,CUST1229,PRD292,Home & Kitchen,Cello,2099.00,1,2024-01-25,Pune
ORD10932,CUST109,PRD563,Electronics,Samsung,443.00,2,2024-01-25,Delhi
ORD10933,CUST022,PRD036,Electronics,JBL,313.00,3,2024-01-25,Delhi
ORD10934,CUST361,PRD168,Home & Kitchen,Prestige,1522.00,3,2024-01-25,Ahmedabad
ORD10934,CUST361,PRD521,Beauty,Plum,303.00,2,2024-01-25,Ahmedabad
ORD10935,CUST1437,PRD215,Sports,Campus,638.00,1,2024-01-25,Bengaluru
ORD10936,CUST242,PRD519,Sports,Adidas,826.00,1,2024-01-25,Chennai
ORD10937,CUST1420,PRD325,Sports,Puma,827.00,2,2024-01-25,Chennai
ORD10938,CUST278,PRD264,Home & Kitchen,Prestige,518.00,1,2024-01-25,Mumbai
ORD10939,CUST1352,PRD577,Electronics,Mi,1502.00,3,2024-01-25,Hyderabad
ORD10940,CUST1074,PRD280,Electronics,Apple,4376.00,1,2024-01-25,Kolkata
ORD10941,CUST175,PRD485,Electronics,Apple,420.00,1,2024-01-25,Delhi
ORD10942,CUST742,PRD539,Electronics,Realme,956.00,3,2024-01-25,Mumbai
ORD10942,CUST742,PRD198,Electronics,Samsung,341.00,4,2024-01-25,Mumbai
ORD10943,CUST638,PRD340,Fashion,Peter England,1499.00,1,2024-01-25,Bengaluru
ORD10943,CUST638,PRD418,Home & Kitchen,Borosil,473.00,2,2024-01-25,Bengaluru
ORD10944,CUST816,PRD318,Books,Westland,448.00,3,2024-01-25,Pune
ORD10945,CUST907,PRD407,Sports,Puma,235.00,1,2024-01-25,Mumbai
ORD10946,CUST1036,PRD461,Fashion,Peter England,1071.00,1,2024-01-25,Delhi
ORD10947,CUST534,PRD080,Electronics,Realme,1211.00,1,2024-01-25,Ahmedabad
ORD10948,CUST977,PRD146,Electronics,Mi,227.00,4,2024-01-25,Mumbai
ORD10949,CUST594,PRD194,Electronics,Apple,821.00,1,2024-01-25,Delhi
ORD10950,CUST215,PRD522,Fashion,Woodland,302.00,1,2024-01-25,Chennai
ORD10950,CUST215,PRD285,Electronics,Sony,613.00,1,2024-01-25,Chennai
ORD10950,CUST215,PRD452,Home & Kitchen,Wonderchef,462.00,2,2024-01-25,Chennai
ORD10951,CUST1298,PRD584,Sports,Nike,202.00,1,2024-01-25,Delhi
ORD10951,CUST1298,PRD228,Electronics,Realme,1737.00,1,2024-01-25,Delhi
ORD10951,CUST1298,PRD295,Books,Rupa,420.00,1,2024-01-25,Delhi
ORD10952,CUST1171,PRD361,Fashion,Allen Solly,1073.00,3,2024-01-25,Pune
ORD10953,CUST1113,PRD177,Fashion,Allen Solly,640.00,1,2024-01-25,Kolkata
ORD10954,CUST999,PRD401,Electronics,Realme,1790.00,2,2024-01-25,Kolkata
ORD10954,CUST999,PRD577,Electronics,Mi,1502.00,1,2024-01-25,Kolkata
ORD10954,CUST999,PRD555,Electronics,,2277.00,1,2024-01-25,Kolkata
ORD10955,CUST1058,PRD479,Electronics,JBL,180.00,2,2024-01-25,Pune
ORD10955,CUST1058,PRD354,Electronics,Apple,474.00,3,2024-01-25,Pune
ORD10956,CUST971,PRD174,Fashion,Bata,1462.00,2,2024-01-25,Mumbai
ORD10957,CUST1362,PRD277,Electronics,Samsung,2013.00,1,2024-01-25,Delhi
ORD10958,CUST1063,PRD452,Home & Kitchen,Wonderchef,462.00,1,2024-01-25,Bengaluru
ORD10959,CUST1416,PRD386,Fashion,Bata,1023.00,1,2024-01-25,Hyderabad
ORD10960,CUST1062,PRD319,Fashion,Peter England,1416.00,1,2024-01-25,Chennai
ORD10960,CUST1062,PRD533,Beauty,Plum,379.00,1,2024-01-25,Chennai
ORD10961,CUST655,PRD461,Fashion,Peter England,1071.00,2,2024-01-25,Hyderabad
ORD10961,CUST655,PRD045,Fashion,Sparx,959.00,1,2024-01-25,Hyderabad
ORD10962,CUST1226,PRD130,Electronics,Sony,897.00,1,2024-01-25,Bengaluru
ORD10963,CUST628,PRD191,Fashion,Levis,651.00,1,2024-01-25,Mumbai
ORD10964,CUST1186,PRD561,Home & Kitchen,Hawkins,1136.00,1,2024-01-25,Delhi
ORD10965,CUST857,PRD314,Electronics,Boult,422.00,2,2024-01-25,Mumbai
ORD10965,CUST857,PRD163,Electronics,Realme,1801.00,1,2024-01-25,Mumbai
ORD10966,CUST1033,PRD471,Home & Kitchen,Pigeon,1156.00,1,2024-01-25,Chennai
ORD10966,CUST1033,PRD240,Home & Kitchen,Pigeon,1232.00,2,2024-01-25,Chennai
ORD10966,CUST1033,PRD540,Home & Kitchen,Cello,2999.00,2,2024-01-25,Chennai
ORD10967,CUST828,PRD521,Beauty,Plum,303.00,4,2024-01-25,Ahmedabad
ORD10967,CUST828,PRD373,Fashion,Peter England,527.00,1,2024-01-25,Ahmedabad
ORD10967,CUST828,PRD086,Sports,Decathlon,1825.00,1,2024-01-25,Ahmedabad
ORD10968,CUST106,PRD252,Electronics,OnePlus,270.00,2,2024-01-25,Bengaluru
ORD10969,CUST1259,PRD521,Beauty,Plum,303.00,2,2024-01-25,Mumbai
ORD10969,CUST1259,PRD080,Electronics,Realme,1211.00,1,2024-01-25,Mumbai
ORD10969,CUST1259,PRD266,Beauty,Himalaya,637.00,1,2024-01-25,Mumbai
ORD10970,CUST1351,PRD379,Electronics,Realme,3493.00,1,2024-01-25,Mumbai
ORD10971,CUST491,PRD122,Sports,Yonex,2499.00,1,2024-01-25,Kolkata
ORD10971,CUST491,PRD409,Sports,Yonex,1739.00,1,2024-01-25,Kolkata
ORD10972,CUST1167,PRD084,Fashion,Woodland,332.00,6,2024-01-25,Ahmedabad
ORD10973,CUST105,PRD545,Electronics,Sony,1990.00,1,2024-01-26,Mumbai
ORD10974,CUST595,PRD122,Sports,Yonex,2499.00,1,2024-01-26,Delhi
ORD10974,CUST595,PRD508,Electronics,Sony,1978.00,2,2024-01-26,Delhi
ORD10975,CUST1397,PRD490,Electronics,Mi,1499.00,3,2024-01-26,Mumbai
ORD10976,CUST918,PRD215,Sports,Campus,638.00,2,2024-01-26,Hyderabad
ORD10976,CUST918,PRD070,Home & Kitchen,Wonderchef,1246.00,2,2024-01-26,Hyderabad
ORD10976,CUST918,PRD262,Electronics,Apple,3501.00,1,2024-01-26,Hyderabad
ORD10977,CUST406,PRD486,Electronics,Sony,907.00,2,2024-01-26,Bengaluru
ORD10978,CUST610,PRD220,Books,Westland,415.00,1,2024-01-26,Delhi
ORD10978,CUST610,PRD278,Home & Kitchen,Cello,1899.00,1,2024-01-26,Delhi
ORD10978,CUST610,PRD588,Electronics,JBL,3249.00,1,2024-01-26,Delhi
ORD10979,CUST1382,PRD247,Sports,Campus,1130.00,1,2024-01-26,Bengaluru
ORD10980,CUST1479,PRD422,Sports,Cosco,864.00,3,2024-01-26,Delhi
ORD10980,CUST1479,PRD040,Electronics,Apple,817.00,1,2024-01-26,Delhi
ORD10981,CUST987,PRD572,Electronics,Apple,1534.00,2,2024-01-26,Pune
ORD10982,CUST641,PRD512,Books,Westland,374.00,3,2024-01-26,Hyderabad
ORD10983,CUST1047,PRD392,Home & Kitchen,Pigeon,1205.00,1,2024-01-26,Mumbai
ORD10984,CUST1280,PRD071,Beauty,Himalaya,243.00,1,2024-01-26,Hyderabad
ORD10984,CUST1280,PRD218,Sports,Cosco,263.00,1,2024-01-26,Hyderabad
ORD10985,CUST409,PRD312,Sports,Nike,3499.00,1,2024-01-26,Mumbai
ORD10985,CUST409,PRD391,Fashion,Bata,1999.00,1,2024-01-26,Mumbai
ORD10986,CUST1275,PRD186,Beauty,Himalaya,288.00,1,2024-01-26,Delhi
ORD10986,CUST1275,PRD067,Fashion,Woodland,1999.00,1,2024-01-26,Delhi
ORD10987,CUST876,PRD337,Electronics,Boult,482.00,1,2024-01-26,Kolkata
ORD10988,CUST996,PRD444,Electronics,Samsung,346.00,8,2024-01-26,Bengaluru
ORD10988,CUST996,PRD126,Sports,,1107.00,1,2024-01-26,Bengaluru
ORD10989,CUST009,PRD166,Electronics,Boult,1527.00,2,2024-01-26,Ahmedabad
ORD10990,CUST162,PRD046,Home & Kitchen,Cello,2604.00,2,2024-01-26,Delhi
ORD10990,CUST162,PRD163,Electronics,Realme,1801.00,1,2024-01-26,Delhi
ORD10991,CUST1306,PRD445,Electronics,Samsung,236.00,1,2024-01-26,Delhi
ORD10991,CUST1306,PRD201,Fashion,Puma,841.00,1,2024-01-26,Delhi
ORD10992,CUST654,PRD189,Electronics,Apple,2336.00,1,2024-01-26,Chennai
ORD10993,CUST130,PRD444,Electronics,Samsung,346.00,1,2024-01-26,Delhi
ORD10994,CUST525,PRD420,Sports,Campus,624.00,1,2024-01-26,Ahmedabad
ORD10995,CUST1209,PRD223,Electronics,Samsung,450.00,3,2024-01-26,Pune
ORD10995,CUST1209,PRD563,Electronics,Samsung,443.00,1,2024-01-26,Pune
ORD10996,CUST380,PRD304,Sports,Campus,1385.00,3,2024-01-26,Pune
ORD10996,CUST380,PRD522,Fashion,Woodland,302.00,2,2024-01-26,Pune
ORD10996,CUST380,PRD037,Home & Kitchen,Cello,584.00,2,2024-01-26,Pune
ORD10996,CUST380,PRD296,Fashion,Biba,976.00,3,2024-01-26,Pune
ORD10997,CUST534,PRD560,Electronics,Samsung,2449.00,1,2024-01-26,Ahmedabad
ORD10997,CUST534,PRD225,Electronics,Samsung,469.00,2,2024-01-26,Ahmedabad
ORD10997,CUST534,PRD249,Fashion,Levis,335.00,2,2024-01-26,Ahmedabad
ORD10998,CUST823,PRD375,Home & Kitchen,Borosil,633.00,2,2024-01-26,Mumbai
ORD10999,CUST474,PRD307,Books,Rupa,1199.00,2,2024-01-26,Hyderabad
ORD10999,CUST474,PRD343,Home & Kitchen,Hawkins,805.00,1,2024-01-26,Hyderabad
ORD10999,CUST474,PRD163,Electronics,Realme,1801.00,3,2024-01-26,Hyderabad
ORD11000,CUST880,PRD004,Home & Kitchen,Pigeon,874.00,2,2024-01-26,Mumbai
ORD11001,CUST720,PRD129,Home & Kitchen,Pigeon,728.00,2,2024-01-26,Mumbai
ORD11002,CUST896,PRD563,Electronics,Samsung,443.00,3,2024-01-26,Hyderabad
ORD11003,CUST935,PRD222,Home & Kitchen,Cello,968.00,1,2024-01-26,Pune
ORD11004,CUST286,PRD522,Fashion,Woodland,302.00,1,2024-01-26,Pune
ORD11005,CUST886,PRD543,Fashion,Woodland,511.00,1,2024-01-26,Pune
ORD11006,CUST1157,PRD506,Fashion,Allen Solly,745.00,1,2024-01-27,Bengaluru
ORD11006,CUST1157,PRD531,Electronics,Boat,2084.00,1,2024-01-27,Bengaluru
ORD11006,CUST1157,PRD575,Sports,Cosco,2199.00,1,2024-01-27,Bengaluru
ORD11007,CUST214,PRD011,Electronics,Noise,1933.00,1,2024-01-27,Bengaluru
ORD11008,CUST055,PRD204,Electronics,Boat,1299.00,1,2024-01-27,Hyderabad
ORD11008,CUST055,PRD060,Books,HarperCollins,785.00,3,2024-01-27,Hyderabad
ORD11009,CUST045,PRD381,Fashion,Peter England,406.00,4,2024-01-27,Delhi
ORD11010,CUST987,PRD535,Fashion,Bata,670.00,2,2024-01-27,Pune
ORD11011,CUST1416,PRD600,Fashion,Allen Solly,763.00,1,2024-01-27,Hyderabad
ORD11012,CUST387,PRD471,Home & Kitchen,Pigeon,1156.00,1,2024-01-27,Delhi
ORD11012,CUST387,PRD247,Sports,Campus,1130.00,1,2024-01-27,Delhi
ORD11012,CUST387,PRD238,Home & Kitchen,Borosil,948.00,1,2024-01-27,Delhi
ORD11013,CUST1302,PRD444,Electronics,Samsung,346.00,1,2024-01-27,Bengaluru
ORD11014,CUST1147,PRD597,Electronics,Mi,541.00,1,2024-01-27,Chennai
ORD11015,CUST1275,PRD053,Sports,Cosco,2360.00,1,2024-01-27,Delhi
ORD11016,CUST1125,PRD508,Electronics,Sony,1978.00,1,2024-01-27,Delhi
ORD11017,CUST797,PRD108,Sports,Yonex,899.00,2,2024-01-27,Chennai
ORD11018,CUST1324,PRD082,Home & Kitchen,Butterfly,614.00,2,2024-01-27,Mumbai
ORD11019,CUST721,PRD336,Electronics,Mi,185.00,2,2024-01-27,Mumbai
ORD11020,CUST493,PRD126,Sports,Decathlon,1107.00,2,2024-01-27,Mumbai
ORD11020,CUST493,PRD146,Electronics,Mi,227.00,6,2024-01-27,Mumbai
ORD11021,CUST1003,PRD501,Electronics,Realme,1499.00,1,2024-01-27,Mumbai
ORD11021,CUST1003,PRD077,Electronics,Samsung,3801.00,1,2024-01-27,Mumbai
ORD11021,CUST1003,PRD577,Electronics,Mi,1502.00,1,2024-01-27,Mumbai
ORD11022,CUST491,PRD339,Electronics,OnePlus,1061.00,1,2024-01-27,Kolkata
ORD11023,CUST002,PRD229,Electronics,Boat,976.00,1,2024-01-27,Delhi
ORD11024,CUST704,PRD508,Electronics,Sony,1978.00,1,2024-01-27,Bengaluru
ORD11025,CUST664,PRD321,Beauty,Himalaya,237.00,2,2024-01-27,Hyderabad
ORD11026,CUST955,PRD121,Beauty,Biotique,1199.00,3,2024-01-27,Chennai
ORD11027,CUST325,PRD332,Fashion,Biba,597.00,1,2024-01-27,Mumbai
ORD11027,CUST325,PRD480,Sports,Nike,942.00,2,2024-01-27,Mumbai
ORD11028,CUST1298,PRD383,Electronics,Apple,199.00,2,2024-01-27,Delhi
ORD11028,CUST1298,PRD163,Electronics,Realme,1801.00,2,2024-01-27,Delhi
ORD11029,CUST962,PRD269,Electronics,Apple,2092.00,1,2024-01-27,Delhi
ORD11029,CUST962,PRD500,Electronics,Samsung,18999.00,1,2024-01-27,Delhi
ORD11030,CUST050,PRD555,Electronics,Boult,2277.00,1,2024-01-27,Bengaluru
ORD11031,CUST689,PRD171,Beauty,Lakme,599.00,2,2024-01-27,Delhi
ORD11032,CUST1282,PRD225,Electronics,Samsung,469.00,2,2024-01-27,Delhi
ORD11033,CUST1311,PRD304,Sports,Campus,1385.00,1,2024-01-28,Bengaluru
ORD11033,CUST1311,PRD381,Fashion,Peter England,406.00,1,2024-01-28,Bengaluru
ORD11033,CUST1311,PRD146,Electronics,Mi,227.00,1,2024-01-28,Bengaluru
ORD11034,CUST681,PRD580,Sports,,762.00,1,2024-01-28,Ahmedabad
ORD11034,CUST681,PRD521,Beauty,Plum,303.00,2,2024-01-28,Ahmedabad
ORD11035,CUST1181,PRD473,Electronics,Realme,6236.00,1,2024-01-28,Chennai
ORD11036,CUST834,PRD137,Home & Kitchen,Wonderchef,737.00,1,2024-01-28,Delhi
ORD11036,CUST834,PRD238,Home & Kitchen,Borosil,948.00,1,2024-01-28,Delhi
ORD11037,CUST590,PRD401,Electronics,Realme,1790.00,1,2024-01-28,Mumbai
ORD11037,CUST590,PRD026,Home & Kitchen,Milton,781.00,1,2024-01-28,Mumbai
ORD11037,CUST590,PRD521,Beauty,Plum,303.00,2,2024-01-28,Mumbai
ORD11038,CUST1468,PRD208,Electronics,Boult,7315.00,1,2024-01-28,Bengaluru
ORD11039,CUST308,PRD586,Fashion,Biba,738.00,1,2024-01-28,Pune
ORD11039,CUST308,PRD199,Fashion,Woodland,4299.00,1,2024-01-28,Pune
ORD11040,CUST1231,PRD538,Sports,Nivia,347.00,5,2024-01-28,Mumbai
ORD11041,CUST315,PRD072,Books,Aleph,226.00,2,2024-01-28,Chennai
ORD11042,CUST1218,PRD483,Beauty,Lakme,162.00,3,2024-01-28,Delhi
ORD11043,CUST1355,PRD525,Books,Bloomsbury,699.00,1,2024-01-28,Hyderabad
ORD11044,CUST030,PRD163,Electronics,Realme,1801.00,1,2024-01-28,Mumbai
ORD11045,CUST1369,PRD358,Electronics,Apple,205.00,2,2024-01-28,Mumbai
ORD11046,CUST830,PRD461,Fashion,Peter England,1071.00,1,2024-01-28,Bengaluru
ORD11047,CUST662,PRD289,Electronics,Boult,826.00,1,2024-01-28,Delhi
ORD11047,CUST662,PRD400,Fashion,Sparx,1492.00,1,2024-01-28,Delhi
ORD11047,CUST662,PRD460,Beauty,Lakme,252.00,4,2024-01-28,Delhi
ORD11048,CUST1368,PRD317,Home & Kitchen,Butterfly,2280.00,1,2024-01-28,Mumbai
ORD11049,CUST680,PRD130,Electronics,Sony,897.00,1,2024-01-28,Bengaluru
ORD11049,CUST680,PRD410,Electronics,OnePlus,4071.00,1,2024-01-28,Bengaluru
ORD11049,CUST680,PRD473,Electronics,Realme,6236.00,2,2024-01-28,Bengaluru
ORD11049,CUST680,PRD522,Fashion,Woodland,302.00,1,2024-01-28,Bengaluru
ORD11050,CUST1418,PRD460,Beauty,Lakme,252.00,5,2024-01-28,Delhi
ORD11051,CUST760,PRD108,Sports,Yonex,899.00,1,2024-01-28,Delhi
ORD11052,CUST1249,PRD510,Sports,Cosco,583.00,1,2024-01-28,Delhi
ORD11053,CUST192,PRD577,Electronics,Mi,1502.00,2,2024-01-28,Hyderabad
ORD11054,CUST903,PRD167,Beauty,Biotique,522.00,1,2024-01-28,Mumbai
ORD11055,CUST1380,PRD137,Home & Kitchen,Wonderchef,737.00,1,2024-01-28,Delhi
ORD11056,CUST242,PRD410,Electronics,OnePlus,4071.00,1,2024-01-28,Chennai
ORD11056,CUST242,PRD370,Fashion,Biba,1058.00,1,2024-01-28,Chennai
ORD11057,CUST044,PRD452,Home & Kitchen,Wonderchef,462.00,4,2024-01-28,Bengaluru
ORD11058,CUST259,PRD143,Books,Rupa,497.00,4,2024-01-28,Hyderabad
ORD11059,CUST243,PRD084,Fashion,Woodland,332.00,4,2024-01-28,Mumbai
ORD11059,CUST243,PRD219,Beauty,Nivea,480.00,1,2024-01-28,Mumbai
ORD11060,CUST090,PRD274,Beauty,Himalaya,188.00,2,2024-01-28,Bengaluru
ORD11061,CUST977,PRD234,Fashion,Bata,484.00,8,2024-01-28,Mumbai
ORD11062,CUST1395,PRD283,Beauty,Himalaya,318.00,1,2024-01-28,Mumbai
ORD11063,CUST1115,PRD274,Beauty,Himalaya,188.00,3,2024-01-28,Mumbai
ORD11064,CUST1299,PRD494,Fashion,Sparx,605.00,2,2024-01-28,Hyderabad
ORD11065,CUST1074,PRD163,Electronics,Realme,1801.00,1,2024-01-29,Kolkata
ORD11066,CUST1054,PRD301,Electronics,Boult,813.00,1,2024-01-29,Bengaluru
ORD11066,CUST1054,PRD020,Beauty,Maybelline,169.00,1,2024-01-29,Bengaluru
ORD11066,CUST1054,PRD285,Electronics,Sony,613.00,1,2024-01-29,Bengaluru
ORD11067,CUST675,PRD163,Electronics,Realme,1801.00,1,2024-01-29,Mumbai
ORD11067,CUST675,PRD401,Electronics,Realme,1790.00,2,2024-01-29,Mumbai
ORD11067,CUST675,PRD211,Sports,Adidas,1428.00,2,2024-01-29,Mumbai
ORD11067,CUST675,PRD081,Home & Kitchen,Hawkins,616.00,1,2024-01-29,Mumbai
ORD11068,CUST607,PRD474,Electronics,Noise,355.00,4,2024-01-29,Delhi
ORD11069,CUST925,PRD151,Electronics,Realme,620.00,3,2024-01-29,Delhi
ORD11070,CUST375,PRD558,Sports,Adidas,858.00,2,2024-01-29,Delhi
ORD11070,CUST375,PRD400,Fashion,Sparx,1492.00,1,2024-01-29,Delhi
ORD11070,CUST375,PRD444,Electronics,Samsung,346.00,1,2024-01-29,Delhi
ORD11071,CUST1249,PRD245,Sports,Nike,3495.00,1,2024-01-29,Delhi
ORD11072,CUST1051,PRD300,Home & Kitchen,Butterfly,1761.00,1,2024-01-29,Pune
ORD11073,CUST728,PRD003,Electronics,JBL,3498.00,1,2024-01-29,Bengaluru
ORD11074,CUST425,PRD134,Electronics,OnePlus,346.00,3,2024-01-29,Bengaluru
ORD11075,CUST1080,PRD197,Sports,Cosco,3499.00,1,2024-01-29,Bengaluru
ORD11076,CUST435,PRD221,Fashion,Levis,2199.00,1,2024-01-29,Delhi
ORD11076,CUST435,PRD577,Electronics,Mi,1502.00,3,2024-01-29,Delhi
ORD11077,CUST1007,PRD053,Sports,Cosco,2360.00,1,2024-01-29,Hyderabad
ORD11078,CUST910,PRD391,Fashion,Bata,1999.00,2,2024-01-29,Bengaluru
ORD11079,CUST222,PRD506,Fashion,Allen Solly,745.00,1,2024-01-29,Hyderabad
ORD11079,CUST222,PRD363,Home & Kitchen,Milton,399.00,1,2024-01-29,Hyderabad
ORD11080,CUST1089,PRD169,Home & Kitchen,Milton,801.00,3,2024-01-29,Kolkata
ORD11081,CUST149,PRD379,Electronics,Realme,3493.00,1,2024-01-29,Delhi
ORD11081,CUST149,PRD037,Home & Kitchen,Cello,584.00,3,2024-01-29,Delhi
ORD11081,CUST149,PRD095,Home & Kitchen,Pigeon,449.00,3,2024-01-29,Delhi
ORD11082,CUST370,PRD556,Fashion,Woodland,1340.00,1,2024-01-29,Bengaluru
ORD11083,CUST876,PRD555,Electronics,Boult,2277.00,1,2024-01-29,Kolkata
ORD11084,CUST1316,PRD401,Electronics,Realme,1790.00,1,2024-01-29,Bengaluru
ORD11084,CUST1316,PRD110,Home & Kitchen,Cello,1832.00,1,2024-01-29,Bengaluru
ORD11084,CUST1316,PRD219,Beauty,Nivea,480.00,3,2024-01-29,Bengaluru
ORD11085,CUST109,PRD499,Home & Kitchen,Milton,1157.00,1,2024-01-29,Delhi
ORD11085,CUST109,PRD296,Fashion,Biba,976.00,1,2024-01-29,Delhi
ORD11085,CUST109,PRD082,Home & Kitchen,Butterfly,614.00,2,2024-01-29,Delhi
ORD11085,CUST109,PRD090,Fashion,Biba,621.00,2,2024-01-29,Delhi
ORD11086,CUST107,PRD521,Beauty,Plum,303.00,1,2024-01-29,Mumbai
ORD11087,CUST410,PRD424,Beauty,Himalaya,526.00,1,2024-01-29,Mumbai
ORD11087,CUST410,PRD324,Fashion,Allen Solly,843.00,1,2024-01-29,Mumbai
ORD11087,CUST410,PRD444,Electronics,Samsung,346.00,2,2024-01-29,Mumbai
ORD11088,CUST411,PRD343,Home & Kitchen,Hawkins,805.00,1,2024-01-29,Delhi
ORD11088,CUST411,PRD506,Fashion,Allen Solly,745.00,1,2024-01-29,Delhi
ORD11089,CUST406,PRD090,Fashion,Biba,621.00,2,2024-01-29,Bengaluru
ORD11089,CUST406,PRD537,Beauty,Biotique,235.00,3,2024-01-29,Bengaluru
ORD11090,CUST1163,PRD521,Beauty,Plum,303.00,2,2024-01-29,Delhi
ORD11090,CUST1163,PRD132,Home & Kitchen,Milton,455.00,4,2024-01-29,Delhi
ORD11090,CUST1163,PRD153,Electronics,Apple,1631.00,1,2024-01-29,Delhi
ORD11090,CUST1163,PRD483,Beauty,Lakme,162.00,3,2024-01-29,Delhi
ORD11091,CUST845,PRD521,Beauty,Plum,303.00,4,2024-01-29,Pune
ORD11091,CUST845,PRD088,Home & Kitchen,Milton,649.00,1,2024-01-29,Pune
ORD11091,CUST845,PRD085,Beauty,Biotique,666.00,1,2024-01-29,Pune
ORD11091,CUST845,PRD105,Beauty,Biotique,179.00,4,2024-01-29,Pune
ORD11092,CUST440,PRD295,Books,Rupa,420.00,2,2024-01-30,Hyderabad
ORD11092,CUST440,PRD471,Home & Kitchen,Pigeon,1156.00,2,2024-01-30,Hyderabad
ORD11092,CUST440,PRD026,Home & Kitchen,Milton,781.00,1,2024-01-30,Hyderabad
ORD11093,CUST1055,PRD299,Home & Kitchen,Borosil,457.00,2,2024-01-30,Bengaluru
ORD11094,CUST311,PRD225,Electronics,Samsung,469.00,8,2024-01-30,Mumbai
ORD11094,CUST311,PRD443,Fashion,Puma,437.00,1,2024-01-30,Mumbai
ORD11095,CUST880,PRD563,Electronics,Samsung,443.00,3,2024-01-30,Mumbai
ORD11095,CUST880,PRD600,Fashion,Allen Solly,763.00,2,2024-01-30,Mumbai
ORD11095,CUST880,PRD320,Electronics,Mi,313.00,1,2024-01-30,Mumbai
ORD11095,CUST880,PRD150,Beauty,Maybelline,726.00,1,2024-01-30,Mumbai
ORD11096,CUST1376,PRD555,Electronics,Boult,2277.00,1,2024-01-30,Hyderabad
ORD11096,CUST1376,PRD381,Fashion,Peter England,406.00,2,2024-01-30,Hyderabad
ORD11097,CUST1204,PRD030,Electronics,Mi,1686.00,1,2024-01-30,Delhi
ORD11097,CUST1204,PRD525,Books,Bloomsbury,699.00,1,2024-01-30,Delhi
ORD11097,CUST1204,PRD225,Electronics,Samsung,469.00,3,2024-01-30,Delhi
ORD11097,CUST1204,PRD090,Fashion,Biba,621.00,1,2024-01-30,Delhi
ORD11098,CUST954,PRD177,Fashion,Allen Solly,640.00,1,2024-01-30,Kolkata
ORD11099,CUST1402,PRD260,Home & Kitchen,Borosil,352.00,1,2024-01-30,Delhi
ORD11100,CUST1198,PRD584,Sports,Nike,202.00,3,2024-01-30,Kolkata
ORD11101,CUST628,PRD506,Fashion,Allen Solly,745.00,3,2024-01-30,Mumbai
ORD11102,CUST377,PRD220,Books,Westland,415.00,1,2024-01-30,Mumbai
ORD11103,CUST1410,PRD327,Electronics,OnePlus,457.00,5,2024-01-30,Mumbai
ORD11104,CUST348,PRD228,Electronics,Realme,1737.00,3,2024-01-30,Mumbai
ORD11105,CUST015,PRD195,Books,Bloomsbury,599.00,1,2024-01-30,Delhi
ORD11106,CUST142,PRD140,Home & Kitchen,Prestige,2499.00,1,2024-01-30,Delhi
ORD11107,CUST1355,PRD197,Sports,Cosco,3499.00,2,2024-01-30,Hyderabad
ORD11108,CUST1115,PRD020,Beauty,Maybelline,169.00,5,2024-01-30,Mumbai
ORD11108,CUST1115,PRD416,Electronics,Boat,1236.00,2,2024-01-30,Mumbai
ORD11108,CUST1115,PRD547,Electronics,JBL,812.00,1,2024-01-30,Mumbai
ORD11109,CUST545,PRD030,Electronics,Mi,1686.00,1,2024-01-30,Mumbai
ORD11109,CUST545,PRD381,Fashion,Peter England,406.00,3,2024-01-30,Mumbai
ORD11109,CUST545,PRD104,Home & Kitchen,Butterfly,875.00,2,2024-01-30,Mumbai
ORD11109,CUST545,PRD163,Electronics,Realme,1801.00,2,2024-01-30,Mumbai
ORD11110,CUST272,PRD134,Electronics,OnePlus,346.00,1,2024-01-30,Delhi
ORD11111,CUST1382,PRD344,Beauty,Lakme,222.00,3,2024-01-30,Bengaluru
ORD11111,CUST1382,PRD515,Fashion,Allen Solly,589.00,1,2024-01-30,Bengaluru
ORD11111,CUST1382,PRD126,Sports,Decathlon,1107.00,1,2024-01-30,Bengaluru
ORD11111,CUST1382,PRD180,Home & Kitchen,Cello,835.00,2,2024-01-30,Bengaluru
ORD11112,CUST1102,PRD584,Sports,Nike,202.00,1,2024-01-30,Delhi
ORD11113,CUST974,PRD177,Fashion,Allen Solly,640.00,1,2024-01-30,Ahmedabad
ORD11114,CUST1030,PRD357,Home & Kitchen,Milton,918.00,1,2024-01-30,Mumbai
ORD11115,CUST788,PRD155,Sports,Cosco,663.00,1,2024-01-30,Delhi
ORD11115,CUST788,PRD439,Electronics,Boat,394.00,1,2024-01-30,Delhi
ORD11115,CUST788,PRD295,Books,Rupa,420.00,1,2024-01-30,Delhi
ORD11116,CUST646,PRD496,Sports,Yonex,1064.00,2,2024-01-30,Delhi
ORD11116,CUST646,PRD361,Fashion,Allen Solly,1073.00,3,2024-01-30,Delhi
ORD11116,CUST646,PRD044,Fashion,Woodland,1002.00,1,2024-01-30,Delhi
ORD11117,CUST705,PRD565,Electronics,Samsung,941.00,1,2024-01-30,Bengaluru
ORD11118,CUST192,PRD429,Electronics,Boult,577.00,2,2024-01-30,Hyderabad
ORD11118,CUST192,PRD076,Sports,Nivia,579.00,1,2024-01-30,Hyderabad
ORD11119,CUST506,PRD443,Fashion,Puma,437.00,1,2024-01-30,Bengaluru
ORD11119,CUST506,PRD225,Electronics,Samsung,469.00,1,2024-01-30,Bengaluru
ORD11120,CUST204,PRD500,Electronics,Samsung,18999.00,1,2024-01-30,Delhi
ORD11120,CUST204,PRD197,Sports,Cosco,3499.00,1,2024-01-30,Delhi
ORD11121,CUST526,PRD004,Home & Kitchen,Pigeon,874.00,1,2024-01-30,Mumbai
ORD11122,CUST280,PRD238,Home & Kitchen,Borosil,948.00,1,2024-01-30,Bengaluru
ORD11123,CUST162,PRD498,Fashion,Levis,2999.00,1,2024-01-30,Delhi
ORD11124,CUST574,PRD119,Fashion,Allen Solly,969.00,1,2024-01-30,Hyderabad
ORD11125,CUST203,PRD221,Fashion,Levis,2199.00,1,2024-01-30,Mumbai
ORD11125,CUST203,PRD295,Books,Rupa,420.00,1,2024-01-30,Mumbai
ORD11126,CUST444,PRD079,Fashion,Biba,1249.00,1,2024-01-30,Mumbai
ORD11126,CUST444,PRD494,Fashion,,605.00,1,2024-01-30,Mumbai
ORD11127,CUST1442,PRD369,Sports,Decathlon,237.00,1,2024-01-30,Bengaluru
ORD11128,CUST1487,PRD473,Electronics,Realme,6236.00,1,2024-01-30,Ahmedabad
ORD11128,CUST1487,PRD600,Fashion,Allen Solly,763.00,1,2024-01-30,Ahmedabad
ORD11129,CUST840,PRD132,Home & Kitchen,Milton,455.00,2,2024-01-30,Mumbai
ORD11130,CUST218,PRD369,Sports,Decathlon,237.00,3,2024-01-30,Bengaluru
ORD11131,CUST1044,PRD583,Fashion,Biba,735.00,2,2024-01-30,Ahmedabad
ORD11132,CUST268,PRD401,Electronics,Realme,1790.00,2,2024-01-30,Chennai
ORD11133,CUST013,PRD521,Beauty,Plum,303.00,2,2024-01-30,Chennai
ORD11134,CUST167,PRD508,Electronics,Sony,1978.00,3,2024-01-31,Bengaluru
ORD11135,CUST050,PRD484,Beauty,Himalaya,150.00,2,2024-01-31,Bengaluru
ORD11136,CUST432,PRD559,Sports,Nivia,899.00,1,2024-01-31,Mumbai
ORD11137,CUST1457,PRD548,Electronics,Boult,2691.00,1,2024-01-31,Delhi
ORD11138,CUST067,PRD054,Sports,Nike,1327.00,1,2024-01-31,Mumbai
ORD11139,CUST1212,PRD128,Books,Rupa,218.00,1,2024-01-31,Chennai
ORD11140,CUST223,PRD163,Electronics,Realme,1801.00,1,2024-01-31,Mumbai
ORD11141,CUST862,PRD280,Electronics,Apple,4376.00,1,2024-01-31,Chennai
ORD11141,CUST862,PRD324,Fashion,Allen Solly,843.00,2,2024-01-31,Chennai
ORD11141,CUST862,PRD563,Electronics,Samsung,443.00,6,2024-01-31,Chennai
ORD11142,CUST274,PRD457,Beauty,Himalaya,385.00,1,2024-01-31,Mumbai
ORD11143,CUST342,PRD225,Electronics,Samsung,469.00,2,2024-01-31,Mumbai
ORD11144,CUST052,PRD163,Electronics,Realme,1801.00,2,2024-01-31,Hyderabad
ORD11144,CUST052,PRD473,Electronics,Realme,6236.00,1,2024-01-31,Hyderabad
ORD11145,CUST066,PRD140,Home & Kitchen,Prestige,2499.00,1,2024-01-31,Bengaluru
ORD11146,CUST011,PRD025,Beauty,Nivea,157.00,3,2024-01-31,Delhi
ORD11146,CUST011,PRD525,Books,Bloomsbury,699.00,1,2024-01-31,Delhi
ORD11146,CUST011,PRD381,Fashion,Peter England,406.00,2,2024-01-31,Delhi
ORD11147,CUST1011,PRD163,Electronics,Realme,1801.00,1,2024-01-31,Mumbai
ORD11148,CUST1435,PRD500,Electronics,Samsung,18999.00,1,2024-01-31,Bengaluru
ORD11149,CUST742,PRD219,Beauty,Nivea,480.00,1,2024-01-31,Mumbai
ORD11150,CUST1193,PRD247,Sports,Campus,1130.00,1,2024-01-31,Mumbai
ORD11151,CUST622,PRD328,Books,Westland,163.00,3,2024-01-31,Delhi
ORD11152,CUST404,PRD295,Books,Rupa,420.00,1,2024-01-31,Mumbai
ORD11153,CUST1167,PRD549,Fashion,Biba,767.00,2,2024-01-31,Ahmedabad
ORD11153,CUST1167,PRD133,Sports,,1173.00,1,2024-01-31,Ahmedabad
ORD11154,CUST1191,PRD239,Fashion,Levis,644.00,1,2024-01-31,Delhi
ORD11155,CUST1098,PRD488,Beauty,Maybelline,409.00,4,2024-01-31,Delhi
ORD11155,CUST1098,PRD264,Home & Kitchen,Prestige,518.00,1,2024-01-31,Delhi
ORD11155,CUST1098,PRD521,Beauty,Plum,303.00,1,2024-01-31,Delhi
ORD11156,CUST821,PRD174,Fashion,Bata,1462.00,2,2024-01-31,Hyderabad
ORD11157,CUST267,PRD252,Electronics,OnePlus,270.00,3,2024-01-31,Bengaluru
ORD11158,CUST758,PRD297,Home & Kitchen,Pigeon,1081.00,1,2024-01-31,Chennai
ORD11159,CUST795,PRD407,Sports,Puma,235.00,4,2024-01-31,Bengaluru
ORD11160,CUST1339,PRD496,Sports,Yonex,1064.00,2,2024-01-31,Pune
ORD11161,CUST696,PRD207,Beauty,Maybelline,467.00,1,2024-01-31,Hyderabad
ORD11161,CUST696,PRD289,Electronics,Boult,826.00,1,2024-01-31,Hyderabad
ORD11161,CUST696,PRD281,Fashion,Levis,604.00,1,2024-01-31,Hyderabad
ORD11162,CUST437,PRD197,Sports,Cosco,3499.00,1,2024-01-31,Delhi
ORD11162,CUST437,PRD508,Electronics,Sony,1978.00,1,2024-01-31,Delhi
ORD11163,CUST468,PRD132,Home & Kitchen,Milton,455.00,1,2024-01-31,Delhi
ORD11163,CUST468,PRD343,Home & Kitchen,Hawkins,805.00,3,2024-01-31,Delhi
ORD11163,CUST468,PRD439,Electronics,Boat,394.00,5,2024-01-31,Delhi
ORD11163,CUST468,PRD031,Beauty,Lakme,547.00,1,2024-01-31,Delhi
ORD11164,CUST1403,PRD076,Sports,Nivia,579.00,2,2024-01-31,Kolkata
ORD11165,CUST121,PRD548,Electronics,Boult,2691.00,1,2024-01-31,Delhi
ORD11166,CUST260,PRD473,Electronics,Realme,6236.00,1,2024-01-31,Delhi
ORD11166,CUST260,PRD452,Home & Kitchen,Wonderchef,462.00,1,2024-01-31,Delhi
ORD11166,CUST260,PRD410,Electronics,OnePlus,4071.00,1,2024-01-31,Delhi
ORD11167,CUST1307,PRD164,Fashion,Biba,1226.00,1,2024-01-31,Ahmedabad
ORD11168,CUST390,PRD444,Electronics,Samsung,346.00,4,2024-01-31,Bengaluru
ORD11169,CUST502,PRD116,Electronics,JBL,1323.00,3,2024-01-31,Ahmedabad
ORD11170,CUST743,PRD086,Sports,Decathlon,1825.00,1,2024-01-31,Pune
ORD11171,CUST887,PRD303,Electronics,Boult,392.00,1,2024-01-31,Bengaluru
ORD11171,CUST887,PRD240,Home & Kitchen,Pigeon,1232.00,1,2024-01-31,Bengaluru
ORD11171,CUST887,PRD354,Electronics,Apple,474.00,3,2024-01-31,Bengaluru
ORD11171,CUST887,PRD215,Sports,Campus,638.00,1,2024-01-31,Bengaluru
ORD11172,CUST571,PRD461,Fashion,Peter England,1071.00,1,2024-01-31,Delhi
ORD11173,CUST1370,PRD327,Electronics,OnePlus,457.00,1,2024-01-31,Mumbai
ORD11173,CUST1370,PRD012,Home & Kitchen,Cello,615.00,1,2024-01-31,Mumbai
ORD11174,CUST817,PRD253,Home & Kitchen,Milton,1106.00,1,2024-01-31,Bengaluru
ORD11175,CUST342,PRD379,Electronics,Realme,3493.00,2,2024-02-01,Mumbai
ORD11175,CUST342,PRD220,Books,Westland,415.00,1,2024-02-01,Mumbai
ORD11176,CUST1395,PRD285,Electronics,Sony,613.00,3,2024-02-01,Mumbai
ORD11177,CUST1011,PRD444,Electronics,Samsung,346.00,2,2024-02-01,Mumbai
ORD11178,CUST113,PRD076,Sports,Nivia,579.00,1,2024-02-01,Bengaluru
ORD11179,CUST283,PRD180,Home & Kitchen,Cello,835.00,3,2024-02-01,Delhi
ORD11179,CUST283,PRD513,Sports,Decathlon,3680.00,2,2024-02-01,Delhi
ORD11180,CUST306,PRD521,Beauty,Plum,303.00,2,2024-02-01,Delhi
ORD11181,CUST048,PRD171,Beauty,Lakme,599.00,1,2024-02-01,Mumbai
ORD11181,CUST048,PRD565,Electronics,Samsung,941.00,1,2024-02-01,Mumbai
ORD11182,CUST627,PRD413,Fashion,Woodland,304.00,3,2024-02-01,Mumbai
ORD11182,CUST627,PRD480,Sports,Nike,942.00,3,2024-02-01,Mumbai
ORD11183,CUST431,PRD072,Books,Aleph,226.00,2,2024-02-01,Bengaluru
ORD11184,CUST128,PRD252,Electronics,OnePlus,270.00,4,2024-02-01,Delhi
ORD11185,CUST1294,PRD111,Beauty,Nivea,266.00,2,2024-02-01,Kolkata
ORD11186,CUST1226,PRD439,Electronics,Boat,394.00,2,2024-02-01,Bengaluru
ORD11186,CUST1226,PRD340,Fashion,Peter England,1499.00,2,2024-02-01,Bengaluru
ORD11186,CUST1226,PRD355,Beauty,Plum,366.00,2,2024-02-01,Bengaluru
ORD11187,CUST1382,PRD163,Electronics,Realme,1801.00,1,2024-02-01,Bengaluru
ORD11187,CUST1382,PRD247,Sports,Campus,1130.00,1,2024-02-01,Bengaluru
ORD11188,CUST512,PRD204,Electronics,Boat,1299.00,2,2024-02-01,Bengaluru
ORD11189,CUST030,PRD595,Fashion,Sparx,934.00,2,2024-02-01,Mumbai
ORD11189,CUST030,PRD563,Electronics,Samsung,443.00,2,2024-02-01,Mumbai
ORD11190,CUST252,PRD191,Fashion,Levis,651.00,2,2024-02-01,Bengaluru
ORD11190,CUST252,PRD438,Electronics,Realme,1087.00,3,2024-02-01,Bengaluru
ORD11191,CUST344,PRD089,Fashion,Peter England,652.00,1,2024-02-01,Bengaluru
ORD11192,CUST412,PRD471,Home & Kitchen,Pigeon,1156.00,1,2024-02-01,Kolkata
ORD11192,CUST412,PRD137,Home & Kitchen,Wonderchef,737.00,1,2024-02-01,Kolkata
ORD11193,CUST1148,PRD062,Home & Kitchen,Cello,1709.00,1,2024-02-01,Hyderabad
ORD11194,CUST1113,PRD488,Beauty,Maybelline,409.00,3,2024-02-01,Kolkata
ORD11194,CUST1113,PRD506,Fashion,Allen Solly,745.00,1,2024-02-01,Kolkata
ORD11194,CUST1113,PRD204,Electronics,Boat,1299.00,1,2024-02-01,Kolkata
ORD11195,CUST393,PRD574,Electronics,Mi,318.00,2,2024-02-01,Hyderabad
ORD11195,CUST393,PRD227,Home & Kitchen,Hawkins,1799.00,2,2024-02-01,Hyderabad
ORD11196,CUST472,PRD416,Electronics,Boat,1236.00,2,2024-02-01,Delhi
ORD11197,CUST1093,PRD138,Beauty,Himalaya,390.00,1,2024-02-01,Delhi
ORD11197,CUST1093,PRD231,Sports,Yonex,244.00,1,2024-02-01,Delhi
ORD11198,CUST1487,PRD053,Sports,Cosco,2360.00,1,2024-02-01,Ahmedabad
ORD11199,CUST641,PRD503,Fashion,Sparx,561.00,1,2024-02-01,Hyderabad
ORD11200,CUST789,PRD431,Home & Kitchen,Wonderchef,798.00,2,2024-02-01,Chennai
ORD11200,CUST789,PRD521,Beauty,Plum,303.00,3,2024-02-01,Chennai
ORD11201,CUST951,PRD114,Fashion,Bata,1028.00,1,2024-02-01,Kolkata
ORD11202,CUST966,PRD261,Fashion,Sparx,324.00,4,2024-02-01,Bengaluru
ORD11202,CUST966,PRD204,Electronics,Boat,1299.00,1,2024-02-01,Bengaluru
ORD11203,CUST1444,PRD276,Fashion,Peter England,1668.00,1,2024-02-01,Kolkata
ORD11204,CUST1340,PRD180,Home & Kitchen,Cello,835.00,1,2024-02-01,Bengaluru
ORD11205,CUST952,PRD360,Sports,Decathlon,2199.00,1,2024-02-01,Bengaluru
ORD11205,CUST952,PRD320,Electronics,Mi,313.00,4,2024-02-01,Bengaluru
ORD11205,CUST952,PRD162,Beauty,,177.00,3,2024-02-01,Bengaluru
ORD11206,CUST1225,PRD590,Fashion,Sparx,389.00,4,2024-02-01,Bengaluru
ORD11206,CUST1225,PRD072,Books,Aleph,226.00,2,2024-02-01,Bengaluru
ORD11207,CUST1316,PRD381,Fashion,Peter England,406.00,1,2024-02-01,Bengaluru
ORD11208,CUST816,PRD508,Electronics,Sony,1978.00,1,2024-02-01,Pune
ORD11209,CUST725,PRD532,Electronics,Noise,719.00,1,2024-02-01,Hyderabad
ORD11210,CUST391,PRD419,Electronics,Boat,849.00,2,2024-02-01,Pune
ORD11211,CUST1115,PRD186,Beauty,Himalaya,288.00,4,2024-02-01,Mumbai
ORD11212,CUST088,PRD565,Electronics,Samsung,941.00,1,2024-02-01,Delhi
ORD11213,CUST212,PRD057,Electronics,Sony,1157.00,3,2024-02-01,Bengaluru
ORD11213,CUST212,PRD522,Fashion,Woodland,302.00,1,2024-02-01,Bengaluru
ORD11214,CUST1152,PRD012,Home & Kitchen,Cello,615.00,2,2024-02-01,Pune
ORD11214,CUST1152,PRD245,Sports,Nike,3495.00,2,2024-02-01,Pune
ORD11214,CUST1152,PRD508,Electronics,Sony,1978.00,1,2024-02-01,Pune
ORD11215,CUST588,PRD228,Electronics,Realme,1737.00,1,2024-02-01,Bengaluru
ORD11215,CUST588,PRD508,Electronics,Sony,1978.00,1,2024-02-01,Bengaluru
ORD11216,CUST1181,PRD097,Beauty,Plum,617.00,1,2024-02-01,Chennai
ORD11216,CUST1181,PRD212,Electronics,Boult,149.00,1,2024-02-01,Chennai
ORD11217,CUST875,PRD445,Electronics,Samsung,236.00,2,2024-02-01,Mumbai
ORD11217,CUST875,PRD089,Fashion,Peter England,652.00,1,2024-02-01,Mumbai
ORD11218,CUST091,PRD197,Sports,Cosco,3499.00,1,2024-02-01,Delhi
ORD11219,CUST466,PRD295,Books,Rupa,420.00,2,2024-02-01,Mumbai
ORD11219,CUST466,PRD247,Sports,Campus,1130.00,1,2024-02-01,Mumbai
ORD11219,CUST466,PRD410,Electronics,OnePlus,4071.00,1,2024-02-01,Mumbai
ORD11220,CUST498,PRD197,Sports,Cosco,3499.00,1,2024-02-01,Pune
ORD11221,CUST351,PRD381,Fashion,Peter England,406.00,2,2024-02-02,Bengaluru
ORD11221,CUST351,PRD229,Electronics,,976.00,1,2024-02-02,Bengaluru
ORD11222,CUST1424,PRD325,Sports,Puma,827.00,1,2024-02-02,Ahmedabad
ORD11223,CUST955,PRD194,Electronics,Apple,821.00,2,2024-02-02,Chennai
ORD11224,CUST409,PRD202,Sports,Nike,1517.00,1,2024-02-02,Mumbai
ORD11225,CUST091,PRD421,Electronics,Realme,507.00,1,2024-02-02,Delhi
ORD11225,CUST091,PRD075,Fashion,Sparx,1008.00,1,2024-02-02,Delhi
ORD11226,CUST885,PRD318,Books,Westland,448.00,2,2024-02-02,Chennai
ORD11227,CUST1367,PRD289,Electronics,Boult,826.00,1,2024-02-02,Bengaluru
ORD11227,CUST1367,PRD225,Electronics,Samsung,469.00,3,2024-02-02,Bengaluru
ORD11227,CUST1367,PRD518,Electronics,Mi,4469.00,1,2024-02-02,Bengaluru
ORD11228,CUST379,PRD195,Books,Bloomsbury,599.00,1,2024-02-02,Bengaluru
ORD11229,CUST578,PRD535,Fashion,Bata,670.00,2,2024-02-02,Bengaluru
ORD11229,CUST578,PRD013,Fashion,Biba,2499.00,1,2024-02-02,Bengaluru
ORD11230,CUST115,PRD120,Fashion,Biba,650.00,1,2024-02-02,Pune
ORD11231,CUST1380,PRD385,Electronics,OnePlus,2378.00,1,2024-02-02,Delhi
ORD11232,CUST865,PRD287,Beauty,Plum,178.00,3,2024-02-02,Ahmedabad
ORD11232,CUST865,PRD295,Books,Rupa,420.00,6,2024-02-02,Ahmedabad
ORD11232,CUST865,PRD289,Electronics,Boult,826.00,1,2024-02-02,Ahmedabad
ORD11233,CUST1351,PRD564,Fashion,Peter England,647.00,2,2024-02-02,Mumbai
ORD11234,CUST761,PRD461,Fashion,Peter England,1071.00,1,2024-02-02,Mumbai
ORD11235,CUST631,PRD583,Fashion,Biba,735.00,1,2024-02-02,Hyderabad
ORD11236,CUST628,PRD143,Books,Rupa,497.00,3,2024-02-02,Mumbai
ORD11237,CUST997,PRD381,Fashion,Peter England,406.00,1,2024-02-02,Bengaluru
ORD11238,CUST1316,PRD162,Beauty,Nivea,177.00,2,2024-02-02,Bengaluru
ORD11239,CUST315,PRD197,Sports,Cosco,3499.00,1,2024-02-02,Chennai
ORD11239,CUST315,PRD204,Electronics,Boat,1299.00,1,2024-02-02,Chennai
ORD11240,CUST975,PRD350,Home & Kitchen,Borosil,4499.00,1,2024-02-02,Hyderabad
ORD11241,CUST100,PRD029,Beauty,Lakme,431.00,1,2024-02-02,Mumbai
ORD11242,CUST1186,PRD228,Electronics,Realme,1737.00,2,2024-02-02,Delhi
ORD11243,CUST1349,PRD225,Electronics,Samsung,469.00,2,2024-02-02,Hyderabad
ORD11243,CUST1349,PRD369,Sports,Decathlon,237.00,1,2024-02-02,Hyderabad
ORD11243,CUST1349,PRD044,Fashion,Woodland,1002.00,1,2024-02-02,Hyderabad
ORD11244,CUST1220,PRD468,Electronics,Mi,1890.00,1,2024-02-02,Delhi
ORD11245,CUST1226,PRD381,Fashion,Peter England,406.00,3,2024-02-02,Bengaluru
ORD11246,CUST270,PRD555,Electronics,Boult,2277.00,1,2024-02-02,Bengaluru
ORD11247,CUST067,PRD285,Electronics,Sony,613.00,1,2024-02-02,Mumbai
ORD11248,CUST423,PRD252,Electronics,OnePlus,270.00,3,2024-02-02,Mumbai
ORD11248,CUST423,PRD458,Fashion,Woodland,614.00,1,2024-02-02,Mumbai
ORD11249,CUST416,PRD584,Sports,Nike,202.00,1,2024-02-02,Bengaluru
ORD11250,CUST454,PRD197,Sports,Cosco,3499.00,1,2024-02-02,Chennai
ORD11250,CUST454,PRD174,Fashion,,1462.00,1,2024-02-02,Chennai
ORD11251,CUST1032,PRD497,Home & Kitchen,Borosil,776.00,1,2024-02-02,Delhi
ORD11252,CUST873,PRD476,Home & Kitchen,Wonderchef,1186.00,1,2024-02-02,Chennai
ORD11253,CUST808,PRD265,Books,HarperCollins,599.00,1,2024-02-02,Pune
ORD11254,CUST146,PRD042,Home & Kitchen,Prestige,2999.00,1,2024-02-02,Chennai
ORD11255,CUST815,PRD492,Fashion,Biba,452.00,1,2024-02-03,Mumbai
ORD11256,CUST907,PRD497,Home & Kitchen,Borosil,776.00,3,2024-02-03,Mumbai
ORD11256,CUST907,PRD444,Electronics,Samsung,346.00,3,2024-02-03,Mumbai
ORD11257,CUST631,PRD048,Beauty,Lakme,799.00,1,2024-02-03,Hyderabad
ORD11258,CUST1037,PRD365,Home & Kitchen,Butterfly,960.00,1,2024-02-03,Delhi
ORD11259,CUST557,PRD500,Electronics,Samsung,18999.00,1,2024-02-03,Mumbai
ORD11260,CUST689,PRD081,Home & Kitchen,Hawkins,616.00,1,2024-02-03,Delhi
ORD11260,CUST689,PRD132,Home & Kitchen,Milton,455.00,2,2024-02-03,Delhi
ORD11261,CUST1479,PRD258,Books,Aleph,364.00,2,2024-02-03,Delhi
ORD11262,CUST562,PRD514,Electronics,Samsung,170.00,1,2024-02-03,Bengaluru
ORD11263,CUST155,PRD421,Electronics,Realme,507.00,1,2024-02-03,Delhi
ORD11263,CUST155,PRD163,Electronics,Realme,1801.00,1,2024-02-03,Delhi
ORD11263,CUST155,PRD448,Fashion,Biba,920.00,2,2024-02-03,Delhi
ORD11264,CUST598,PRD452,Home & Kitchen,Wonderchef,462.00,1,2024-02-03,Delhi
ORD11264,CUST598,PRD588,Electronics,JBL,3249.00,1,2024-02-03,Delhi
ORD11264,CUST598,PRD234,Fashion,Bata,484.00,2,2024-02-03,Delhi
ORD11265,CUST1354,PRD588,Electronics,JBL,3249.00,1,2024-02-03,Chennai
ORD11266,CUST925,PRD235,Electronics,Boult,1773.00,1,2024-02-03,Delhi
ORD11266,CUST925,PRD111,Beauty,Nivea,266.00,1,2024-02-03,Delhi
ORD11266,CUST925,PRD206,Books,Rupa,458.00,1,2024-02-03,Delhi
ORD11267,CUST086,PRD550,Fashion,Biba,2786.00,1,2024-02-03,Mumbai
ORD11268,CUST138,PRD321,Beauty,Himalaya,237.00,5,2024-02-03,Hyderabad
ORD11269,CUST240,PRD354,Electronics,Apple,474.00,3,2024-02-03,Delhi
ORD11270,CUST887,PRD189,Electronics,Apple,2336.00,1,2024-02-03,Bengaluru
ORD11271,CUST997,PRD349,Books,Bloomsbury,864.00,2,2024-02-03,Bengaluru
ORD11271,CUST997,PRD187,Home & Kitchen,Butterfly,438.00,5,2024-02-03,Bengaluru
ORD11271,CUST997,PRD197,Sports,Cosco,3499.00,1,2024-02-03,Bengaluru
ORD11272,CUST1283,PRD572,Electronics,Apple,1534.00,1,2024-02-03,Chennai
ORD11272,CUST1283,PRD298,Home & Kitchen,Borosil,4499.00,1,2024-02-03,Chennai
ORD11273,CUST324,PRD086,Sports,Decathlon,1825.00,1,2024-02-03,Pune
ORD11274,CUST183,PRD471,Home & Kitchen,Pigeon,1156.00,1,2024-02-03,Delhi
ORD11274,CUST183,PRD381,Fashion,Peter England,406.00,2,2024-02-03,Delhi
ORD11275,CUST1409,PRD314,Electronics,Boult,422.00,2,2024-02-03,Mumbai
ORD11276,CUST1372,PRD176,Home & Kitchen,Borosil,459.00,3,2024-02-03,Pune
ORD11277,CUST1133,PRD439,Electronics,Boat,394.00,4,2024-02-03,Mumbai
ORD11277,CUST1133,PRD428,Electronics,OnePlus,921.00,2,2024-02-03,Mumbai
ORD11277,CUST1133,PRD022,Home & Kitchen,Hawkins,1213.00,1,2024-02-03,Mumbai
ORD11278,CUST1257,PRD225,Electronics,Samsung,469.00,1,2024-02-03,Ahmedabad
ORD11279,CUST075,PRD247,Sports,Campus,1130.00,1,2024-02-03,Mumbai
ORD11280,CUST443,PRD192,Electronics,Mi,2555.00,1,2024-02-03,Mumbai
ORD11281,CUST1417,PRD117,Electronics,Boult,831.00,1,2024-02-03,Bengaluru
ORD11282,CUST732,PRD321,Beauty,Himalaya,237.00,5,2024-02-03,Delhi
ORD11283,CUST1226,PRD508,Electronics,Sony,1978.00,1,2024-02-03,Bengaluru
ORD11284,CUST311,PRD552,Beauty,Nivea,154.00,1,2024-02-03,Mumbai
ORD11284,CUST311,PRD046,Home & Kitchen,Cello,2604.00,1,2024-02-03,Mumbai
ORD11285,CUST798,PRD310,Sports,Decathlon,2499.00,1,2024-02-03,Delhi
ORD11286,CUST878,PRD222,Home & Kitchen,Cello,968.00,1,2024-02-03,Mumbai
ORD11286,CUST878,PRD034,Electronics,Noise,150.00,8,2024-02-03,Mumbai
ORD11286,CUST878,PRD381,Fashion,Peter England,406.00,2,2024-02-03,Mumbai
ORD11287,CUST589,PRD508,Electronics,Sony,1978.00,1,2024-02-03,Delhi
ORD11288,CUST1431,PRD063,Electronics,JBL,1768.00,2,2024-02-03,Kolkata
ORD11288,CUST1431,PRD132,Home & Kitchen,Milton,455.00,4,2024-02-03,Kolkata
ORD11289,CUST418,PRD513,Sports,Decathlon,3680.00,1,2024-02-03,Mumbai
ORD11290,CUST1345,PRD522,Fashion,Woodland,302.00,4,2024-02-03,Pune
ORD11291,CUST117,PRD323,Fashion,Woodland,312.00,2,2024-02-03,Delhi
ORD11291,CUST117,PRD212,Electronics,Boult,149.00,2,2024-02-03,Delhi
ORD11292,CUST553,PRD381,Fashion,Peter England,406.00,3,2024-02-03,Delhi
ORD11293,CUST581,PRD449,Sports,Decathlon,1146.00,2,2024-02-03,Chennai
ORD11294,CUST951,PRD078,Fashion,Woodland,513.00,1,2024-02-04,Kolkata
ORD11294,CUST951,PRD535,Fashion,Bata,670.00,3,2024-02-04,Kolkata
ORD11295,CUST382,PRD013,Fashion,Biba,2499.00,1,2024-02-04,Delhi
ORD11296,CUST625,PRD162,Beauty,Nivea,177.00,3,2024-02-04,Mumbai
ORD11297,CUST669,PRD383,Electronics,Apple,199.00,1,2024-02-04,Bengaluru
ORD11297,CUST669,PRD405,Beauty,Maybelline,227.00,2,2024-02-04,Bengaluru
ORD11298,CUST064,PRD522,Fashion,Woodland,302.00,2,2024-02-04,Bengaluru
ORD11298,CUST064,PRD264,Home & Kitchen,Prestige,518.00,1,2024-02-04,Bengaluru
ORD11298,CUST064,PRD336,Electronics,Mi,185.00,2,2024-02-04,Bengaluru
ORD11299,CUST1333,PRD410,Electronics,OnePlus,4071.00,1,2024-02-04,Bengaluru
ORD11300,CUST730,PRD076,Sports,Nivia,579.00,1,2024-02-04,Pune
ORD11301,CUST1339,PRD460,Beauty,Lakme,252.00,1,2024-02-04,Pune
ORD11301,CUST1339,PRD429,Electronics,Boult,577.00,2,2024-02-04,Pune
ORD11302,CUST138,PRD028,Electronics,Mi,576.00,2,2024-02-04,Hyderabad
ORD11302,CUST138,PRD449,Sports,Decathlon,1146.00,1,2024-02-04,Hyderabad
ORD11303,CUST923,PRD522,Fashion,Woodland,302.00,2,2024-02-04,Mumbai
ORD11303,CUST923,PRD132,Home & Kitchen,Milton,455.00,1,2024-02-04,Mumbai
ORD11304,CUST401,PRD450,Sports,Adidas,413.00,4,2024-02-04,Mumbai
ORD11305,CUST1245,PRD381,Fashion,,406.00,1,2024-02-04,Chennai
ORD11306,CUST529,PRD445,Electronics,Samsung,236.00,1,2024-02-04,Mumbai
ORD11307,CUST640,PRD493,Home & Kitchen,Milton,722.00,1,2024-02-04,Chennai
ORD11307,CUST640,PRD554,Home & Kitchen,Borosil,403.00,6,2024-02-04,Chennai
ORD11307,CUST640,PRD355,Beauty,Plum,366.00,2,2024-02-04,Chennai
ORD11308,CUST1476,PRD104,Home & Kitchen,Butterfly,875.00,1,2024-02-04,Bengaluru
ORD11309,CUST1241,PRD192,Electronics,Mi,2555.00,1,2024-02-04,Delhi
ORD11309,CUST1241,PRD200,Beauty,Biotique,209.00,2,2024-02-04,Delhi
ORD11310,CUST818,PRD600,Fashion,Allen Solly,763.00,1,2024-02-04,Bengaluru
ORD11311,CUST1392,PRD153,Electronics,Apple,1631.00,1,2024-02-04,Delhi
ORD11311,CUST1392,PRD029,Beauty,Lakme,431.00,1,2024-02-04,Delhi
ORD11312,CUST1313,PRD117,Electronics,Boult,831.00,1,2024-02-04,Mumbai
ORD11312,CUST1313,PRD265,Books,HarperCollins,599.00,1,2024-02-04,Mumbai
ORD11313,CUST628,PRD418,Home & Kitchen,Borosil,473.00,1,2024-02-04,Mumbai
ORD11314,CUST1451,PRD513,Sports,Decathlon,3680.00,1,2024-02-04,Mumbai
ORD11315,CUST568,PRD233,Sports,Campus,1499.00,1,2024-02-04,Bengaluru
ORD11316,CUST435,PRD220,Books,Westland,415.00,1,2024-02-04,Delhi
ORD11317,CUST447,PRD326,Fashion,Bata,547.00,2,2024-02-04,Bengaluru
ORD11318,CUST1136,PRD010,Beauty,Maybelline,1040.00,1,2024-02-04,Bengaluru
ORD11319,CUST860,PRD211,Sports,Adidas,1428.00,1,2024-02-04,Pune
ORD11320,CUST485,PRD163,Electronics,Realme,1801.00,2,2024-02-04,Hyderabad
ORD11320,CUST485,PRD392,Home & Kitchen,Pigeon,1205.00,1,2024-02-04,Hyderabad
ORD11320,CUST485,PRD010,Beauty,Maybelline,1040.00,1,2024-02-04,Hyderabad
ORD11321,CUST357,PRD263,Electronics,JBL,1847.00,1,2024-02-04,Delhi
ORD11321,CUST357,PRD349,Books,Bloomsbury,864.00,1,2024-02-04,Delhi
ORD11322,CUST760,PRD040,Electronics,Apple,817.00,2,2024-02-04,Delhi
ORD11322,CUST760,PRD437,Beauty,Himalaya,333.00,8,2024-02-04,Delhi
ORD11323,CUST1160,PRD321,Beauty,Himalaya,237.00,3,2024-02-04,Bengaluru
ORD11324,CUST1157,PRD499,Home & Kitchen,Milton,1157.00,2,2024-02-04,Bengaluru
ORD11324,CUST1157,PRD228,Electronics,Realme,1737.00,1,2024-02-04,Bengaluru
ORD11325,CUST694,PRD272,Electronics,JBL,188.00,1,2024-02-04,Hyderabad
ORD11325,CUST694,PRD441,Electronics,Sony,8613.00,1,2024-02-04,Hyderabad
ORD11325,CUST694,PRD005,Electronics,JBL,3912.00,1,2024-02-04,Hyderabad
ORD11326,CUST836,PRD508,Electronics,Sony,1978.00,1,2024-02-04,Mumbai
ORD11327,CUST1487,PRD101,Electronics,Boult,1168.00,1,2024-02-04,Ahmedabad
ORD11328,CUST100,PRD197,Sports,Cosco,3499.00,1,2024-02-04,Mumbai
ORD11328,CUST100,PRD225,Electronics,Samsung,469.00,2,2024-02-04,Mumbai
ORD11328,CUST100,PRD508,Electronics,Sony,1978.00,1,2024-02-04,Mumbai
ORD11328,CUST100,PRD295,Books,Rupa,420.00,1,2024-02-04,Mumbai
ORD11329,CUST1119,PRD455,Electronics,Noise,1484.00,1,2024-02-04,Delhi
ORD11330,CUST950,PRD270,Home & Kitchen,Prestige,1377.00,3,2024-02-04,Delhi
ORD11330,CUST950,PRD296,Fashion,Biba,976.00,1,2024-02-04,Delhi
ORD11331,CUST067,PRD152,Electronics,Sony,699.00,1,2024-02-04,Mumbai
ORD11332,CUST169,PRD163,Electronics,Realme,1801.00,1,2024-02-04,Hyderabad
ORD11333,CUST1435,PRD140,Home & Kitchen,Prestige,2499.00,1,2024-02-04,Bengaluru
ORD11333,CUST1435,PRD337,Electronics,Boult,482.00,5,2024-02-04,Bengaluru
ORD11334,CUST946,PRD136,Sports,Adidas,3499.00,1,2024-02-04,Bengaluru
ORD11335,CUST442,PRD471,Home & Kitchen,Pigeon,1156.00,2,2024-02-04,Mumbai
ORD11336,CUST1025,PRD563,Electronics,Samsung,443.00,2,2024-02-04,Kolkata
ORD11337,CUST450,PRD422,Sports,Cosco,864.00,1,2024-02-04,Mumbai
ORD11337,CUST450,PRD521,Beauty,Plum,303.00,5,2024-02-04,Mumbai
ORD11338,CUST1020,PRD038,Fashion,Bata,691.00,2,2024-02-04,Chennai
ORD11339,CUST772,PRD222,Home & Kitchen,Cello,968.00,2,2024-02-04,Bengaluru
ORD11339,CUST772,PRD204,Electronics,Boat,1299.00,1,2024-02-04,Bengaluru
ORD11340,CUST386,PRD247,Sports,Campus,1130.00,1,2024-02-05,Kolkata
ORD11341,CUST328,PRD369,Sports,Decathlon,237.00,2,2024-02-05,Ahmedabad
ORD11342,CUST789,PRD382,Electronics,Realme,247.00,5,2024-02-05,Chennai
ORD11342,CUST789,PRD197,Sports,Cosco,3499.00,1,2024-02-05,Chennai
ORD11342,CUST789,PRD284,Electronics,OnePlus,1929.00,1,2024-02-05,Chennai
ORD11342,CUST789,PRD489,Electronics,Apple,9999.00,1,2024-02-05,Chennai
ORD11343,CUST317,PRD206,Books,Rupa,458.00,1,2024-02-05,Chennai
ORD11343,CUST317,PRD572,Electronics,Apple,1534.00,3,2024-02-05,Chennai
ORD11343,CUST317,PRD038,Fashion,Bata,691.00,1,2024-02-05,Chennai
ORD11343,CUST317,PRD392,Home & Kitchen,Pigeon,1205.00,1,2024-02-05,Chennai
ORD11344,CUST454,PRD521,Beauty,Plum,303.00,1,2024-02-05,Chennai
ORD11345,CUST255,PRD003,Electronics,JBL,3498.00,1,2024-02-05,Mumbai
ORD11345,CUST255,PRD429,Electronics,Boult,577.00,1,2024-02-05,Mumbai
ORD11346,CUST504,PRD354,Electronics,Apple,474.00,1,2024-02-05,Hyderabad
ORD11346,CUST504,PRD381,Fashion,Peter England,406.00,1,2024-02-05,Hyderabad
ORD11347,CUST390,PRD518,Electronics,Mi,4469.00,1,2024-02-05,Bengaluru
ORD11347,CUST390,PRD225,Electronics,Samsung,469.00,2,2024-02-05,Bengaluru
ORD11348,CUST1268,PRD129,Home & Kitchen,Pigeon,728.00,1,2024-02-05,Mumbai
ORD11349,CUST392,PRD052,Electronics,Boult,1689.00,2,2024-02-05,Chennai
ORD11350,CUST942,PRD449,Sports,Decathlon,1146.00,1,2024-02-05,Chennai
ORD11351,CUST157,PRD508,Electronics,Sony,1978.00,1,2024-02-05,Delhi
ORD11352,CUST1283,PRD170,Home & Kitchen,Hawkins,493.00,3,2024-02-05,Chennai
ORD11352,CUST1283,PRD013,Fashion,Biba,2499.00,1,2024-02-05,Chennai
ORD11353,CUST514,PRD257,Electronics,Noise,430.00,3,2024-02-05,Bengaluru
ORD11353,CUST514,PRD246,Sports,Decathlon,256.00,4,2024-02-05,Bengaluru
ORD11354,CUST755,PRD163,Electronics,Realme,1801.00,1,2024-02-05,Delhi
ORD11354,CUST755,PRD555,Electronics,Boult,2277.00,1,2024-02-05,Delhi
ORD11354,CUST755,PRD060,Books,HarperCollins,785.00,1,2024-02-05,Delhi
ORD11355,CUST704,PRD129,Home & Kitchen,Pigeon,728.00,1,2024-02-05,Bengaluru
ORD11356,CUST265,PRD407,Sports,Puma,235.00,1,2024-02-05,Pune
ORD11357,CUST957,PRD146,Electronics,Mi,227.00,1,2024-02-05,Mumbai
ORD11357,CUST957,PRD314,Electronics,Boult,422.00,2,2024-02-05,Mumbai
ORD11358,CUST499,PRD371,Beauty,Lakme,268.00,1,2024-02-05,Pune
ORD11359,CUST1214,PRD324,Fashion,Allen Solly,843.00,2,2024-02-05,Kolkata
ORD11359,CUST1214,PRD195,Books,Bloomsbury,599.00,2,2024-02-05,Kolkata
ORD11359,CUST1214,PRD197,Sports,Cosco,3499.00,1,2024-02-05,Kolkata
ORD11359,CUST1214,PRD372,Beauty,Biotique,415.00,1,2024-02-05,Kolkata
ORD11360,CUST587,PRD584,Sports,Nike,202.00,4,2024-02-05,Chennai
ORD11360,CUST587,PRD127,Beauty,Biotique,208.00,1,2024-02-05,Chennai
ORD11361,CUST626,PRD383,Electronics,Apple,199.00,4,2024-02-05,Mumbai
ORD11361,CUST626,PRD076,Sports,Nivia,579.00,1,2024-02-05,Mumbai
ORD11362,CUST507,PRD168,Home & Kitchen,Prestige,1522.00,1,2024-02-05,Pune
ORD11363,CUST1245,PRD508,Electronics,Sony,1978.00,1,2024-02-05,Chennai
ORD11364,CUST522,PRD558,Sports,Adidas,858.00,2,2024-02-05,Chennai
ORD11364,CUST522,PRD252,Electronics,OnePlus,270.00,2,2024-02-05,Chennai
ORD11365,CUST1161,PRD439,Electronics,Boat,394.00,3,2024-02-05,Bengaluru
ORD11365,CUST1161,PRD332,Fashion,Biba,597.00,1,2024-02-05,Bengaluru
ORD11365,CUST1161,PRD509,Electronics,Noise,1956.00,3,2024-02-05,Bengaluru
ORD11366,CUST851,PRD235,Electronics,Boult,1773.00,2,2024-02-05,Delhi
ORD11367,CUST1182,PRD588,Electronics,JBL,3249.00,1,2024-02-05,Delhi
ORD11368,CUST410,PRD072,Books,Aleph,226.00,2,2024-02-05,Mumbai
ORD11369,CUST138,PRD174,Fashion,Bata,1462.00,3,2024-02-05,Hyderabad
ORD11369,CUST138,PRD137,Home & Kitchen,Wonderchef,737.00,1,2024-02-05,Hyderabad
ORD11370,CUST1096,PRD364,Electronics,Realme,769.00,1,2024-02-05,Delhi
ORD11370,CUST1096,PRD579,Beauty,Plum,661.00,1,2024-02-05,Delhi
ORD11370,CUST1096,PRD521,Beauty,Plum,303.00,2,2024-02-05,Delhi
ORD11370,CUST1096,PRD216,Sports,Campus,559.00,1,2024-02-05,Delhi
ORD11371,CUST087,PRD215,Sports,Campus,638.00,2,2024-02-05,Mumbai
ORD11372,CUST971,PRD225,Electronics,Samsung,469.00,3,2024-02-05,Mumbai
ORD11373,CUST864,PRD454,Home & Kitchen,Milton,385.00,3,2024-02-05,Mumbai
ORD11373,CUST864,PRD529,Beauty,Biotique,234.00,4,2024-02-05,Mumbai
ORD11374,CUST941,PRD163,Electronics,Realme,1801.00,1,2024-02-05,Ahmedabad
ORD11374,CUST941,PRD289,Electronics,Boult,826.00,3,2024-02-05,Ahmedabad
ORD11375,CUST549,PRD120,Fashion,Biba,650.00,1,2024-02-05,Delhi
ORD11376,CUST668,PRD447,Fashion,Sparx,974.00,2,2024-02-05,Delhi
ORD11376,CUST668,PRD008,Beauty,Nivea,983.00,3,2024-02-05,Delhi
ORD11377,CUST518,PRD501,Electronics,Realme,1499.00,1,2024-02-05,Bengaluru
ORD11378,CUST1081,PRD031,Beauty,Lakme,547.00,1,2024-02-06,Hyderabad
ORD11379,CUST180,PRD342,Books,Westland,462.00,2,2024-02-06,Delhi
ORD11379,CUST180,PRD588,Electronics,JBL,3249.00,1,2024-02-06,Delhi
ORD11380,CUST1333,PRD174,Fashion,Bata,1462.00,1,2024-02-06,Bengaluru
ORD11381,CUST013,PRD116,Electronics,JBL,1323.00,1,2024-02-06,Chennai
ORD11382,CUST787,PRD204,Electronics,Boat,1299.00,3,2024-02-06,Mumbai
ORD11382,CUST787,PRD163,Electronics,Realme,1801.00,1,2024-02-06,Mumbai
ORD11382,CUST787,PRD508,Electronics,Sony,1978.00,1,2024-02-06,Mumbai
ORD11383,CUST1441,PRD024,Fashion,Levis,408.00,1,2024-02-06,Bengaluru
ORD11383,CUST1441,PRD548,Electronics,Boult,2691.00,1,2024-02-06,Bengaluru
ORD11384,CUST177,PRD090,Fashion,Biba,621.00,1,2024-02-06,Mumbai
ORD11385,CUST534,PRD015,Beauty,Plum,264.00,3,2024-02-06,Ahmedabad
ORD11386,CUST314,PRD334,Beauty,Maybelline,599.00,1,2024-02-06,Mumbai
ORD11386,CUST314,PRD551,Beauty,Nivea,535.00,3,2024-02-06,Mumbai
ORD11387,CUST1154,PRD140,Home & Kitchen,Prestige,2499.00,1,2024-02-06,Bengaluru
ORD11387,CUST1154,PRD028,Electronics,Mi,576.00,2,2024-02-06,Bengaluru
ORD11388,CUST842,PRD381,Fashion,,406.00,2,2024-02-06,Chennai
ORD11389,CUST048,PRD225,Electronics,Samsung,469.00,3,2024-02-06,Mumbai
ORD11389,CUST048,PRD388,Books,Rupa,437.00,1,2024-02-06,Mumbai
ORD11389,CUST048,PRD447,Fashion,Sparx,974.00,1,2024-02-06,Mumbai
ORD11390,CUST331,PRD410,Electronics,OnePlus,4071.00,1,2024-02-06,Mumbai
ORD11391,CUST1197,PRD238,Home & Kitchen,Borosil,948.00,1,2024-02-06,Mumbai
ORD11392,CUST866,PRD134,Electronics,OnePlus,346.00,2,2024-02-06,Pune
ORD11393,CUST1471,PRD129,Home & Kitchen,Pigeon,728.00,1,2024-02-06,Hyderabad
ORD11393,CUST1471,PRD577,Electronics,Mi,1502.00,1,2024-02-06,Hyderabad
ORD11394,CUST570,PRD583,Fashion,Biba,735.00,3,2024-02-06,Hyderabad
ORD11395,CUST1329,PRD410,Electronics,OnePlus,4071.00,1,2024-02-06,Hyderabad
ORD11396,CUST732,PRD056,Home & Kitchen,Milton,1613.00,1,2024-02-06,Delhi
ORD11397,CUST784,PRD086,Sports,Decathlon,1825.00,1,2024-02-06,Hyderabad
ORD11398,CUST1010,PRD508,Electronics,Sony,1978.00,1,2024-02-06,Pune
ORD11398,CUST1010,PRD300,Home & Kitchen,Butterfly,1761.00,1,2024-02-06,Pune
ORD11399,CUST1125,PRD491,Electronics,Boat,1154.00,1,2024-02-06,Delhi
ORD11399,CUST1125,PRD177,Fashion,Allen Solly,640.00,1,2024-02-06,Delhi
ORD11400,CUST344,PRD072,Books,Aleph,226.00,3,2024-02-06,Bengaluru
ORD11400,CUST344,PRD375,Home & Kitchen,,633.00,2,2024-02-06,Bengaluru
ORD11401,CUST340,PRD324,Fashion,Allen Solly,843.00,1,2024-02-06,Hyderabad
ORD11402,CUST1056,PRD031,Beauty,Lakme,547.00,1,2024-02-06,Ahmedabad
ORD11403,CUST828,PRD480,Sports,Nike,942.00,1,2024-02-06,Ahmedabad
ORD11404,CUST014,PRD048,Beauty,Lakme,799.00,1,2024-02-06,Pune
ORD11405,CUST237,PRD563,Electronics,Samsung,443.00,3,2024-02-06,Mumbai
ORD11405,CUST237,PRD517,Fashion,Biba,1273.00,2,2024-02-06,Mumbai
ORD11406,CUST175,PRD163,Electronics,Realme,1801.00,1,2024-02-06,Delhi
ORD11406,CUST175,PRD306,Home & Kitchen,Wonderchef,732.00,2,2024-02-06,Delhi
ORD11407,CUST1092,PRD285,Electronics,Sony,613.00,1,2024-02-06,Mumbai
ORD11408,CUST242,PRD445,Electronics,Samsung,236.00,2,2024-02-06,Chennai
ORD11408,CUST242,PRD500,Electronics,Samsung,18999.00,2,2024-02-06,Chennai
ORD11408,CUST242,PRD177,Fashion,Allen Solly,640.00,1,2024-02-06,Chennai
ORD11408,CUST242,PRD098,Fashion,Peter England,1499.00,2,2024-02-06,Chennai
ORD11409,CUST359,PRD264,Home & Kitchen,Prestige,518.00,1,2024-02-06,Delhi
ORD11410,CUST1199,PRD437,Beauty,Himalaya,333.00,4,2024-02-06,Bengaluru
ORD11410,CUST1199,PRD221,Fashion,Levis,2199.00,1,2024-02-06,Bengaluru
ORD11410,CUST1199,PRD194,Electronics,Apple,821.00,2,2024-02-06,Bengaluru
ORD11410,CUST1199,PRD080,Electronics,Realme,1211.00,1,2024-02-06,Bengaluru
ORD11411,CUST625,PRD060,Books,HarperCollins,785.00,2,2024-02-06,Mumbai
ORD11412,CUST1397,PRD240,Home & Kitchen,Pigeon,1232.00,1,2024-02-06,Mumbai
ORD11413,CUST049,PRD564,Fashion,Peter England,647.00,1,2024-02-06,Chennai
ORD11413,CUST049,PRD128,Books,Rupa,218.00,1,2024-02-06,Chennai
ORD11414,CUST1189,PRD281,Fashion,Levis,604.00,1,2024-02-06,Delhi
ORD11415,CUST1241,PRD129,Home & Kitchen,Pigeon,728.00,3,2024-02-06,Delhi
ORD11416,CUST627,PRD010,Beauty,Maybelline,1040.00,3,2024-02-06,Mumbai
ORD11417,CUST137,PRD584,Sports,Nike,202.00,8,2024-02-07,Mumbai
ORD11417,CUST137,PRD574,Electronics,Mi,318.00,4,2024-02-07,Mumbai
ORD11418,CUST1275,PRD027,Fashion,Puma,488.00,1,2024-02-07,Delhi
ORD11419,CUST1203,PRD519,Sports,Adidas,826.00,1,2024-02-07,Bengaluru
ORD11420,CUST839,PRD056,Home & Kitchen,Milton,1613.00,1,2024-02-07,Mumbai
ORD11421,CUST1319,PRD272,Electronics,JBL,188.00,4,2024-02-07,Mumbai
ORD11422,CUST996,PRD336,Electronics,Mi,185.00,1,2024-02-07,Bengaluru
ORD11422,CUST996,PRD508,Electronics,Sony,1978.00,1,2024-02-07,Bengaluru
ORD11423,CUST940,PRD574,Electronics,Mi,318.00,3,2024-02-07,Delhi
ORD11424,CUST881,PRD336,Electronics,Mi,185.00,2,2024-02-07,Kolkata
ORD11425,CUST794,PRD555,Electronics,Boult,2277.00,1,2024-02-07,Bengaluru
ORD11425,CUST794,PRD521,Beauty,Plum,303.00,1,2024-02-07,Bengaluru
ORD11426,CUST962,PRD401,Electronics,Realme,1790.00,1,2024-02-07,Delhi
ORD11427,CUST1369,PRD521,Beauty,Plum,303.00,5,2024-02-07,Mumbai
ORD11428,CUST910,PRD518,Electronics,Mi,4469.00,1,2024-02-07,Bengaluru
ORD11428,CUST910,PRD008,Beauty,Nivea,983.00,1,2024-02-07,Bengaluru
ORD11428,CUST910,PRD129,Home & Kitchen,Pigeon,728.00,1,2024-02-07,Bengaluru
ORD11429,CUST520,PRD110,Home & Kitchen,,1832.00,1,2024-02-07,Pune
ORD11429,CUST520,PRD081,Home & Kitchen,Hawkins,616.00,3,2024-02-07,Pune
ORD11430,CUST218,PRD522,Fashion,Woodland,302.00,2,2024-02-07,Bengaluru
ORD11431,CUST175,PRD443,Fashion,Puma,437.00,4,2024-02-07,Delhi
ORD11432,CUST1021,PRD064,Electronics,Noise,539.00,1,2024-02-07,Chennai
ORD11433,CUST971,PRD503,Fashion,,561.00,1,2024-02-07,Mumbai
ORD11434,CUST342,PRD218,Sports,Cosco,263.00,3,2024-02-07,Mumbai
ORD11434,CUST342,PRD243,Home & Kitchen,Borosil,658.00,1,2024-02-07,Mumbai
ORD11435,CUST526,PRD416,Electronics,Boat,1236.00,3,2024-02-07,Mumbai
ORD11436,CUST153,PRD320,Electronics,Mi,313.00,1,2024-02-07,Delhi
ORD11437,CUST401,PRD508,Electronics,Sony,1978.00,3,2024-02-07,Mumbai
ORD11438,CUST275,PRD181,Home & Kitchen,Wonderchef,1046.00,1,2024-02-07,Mumbai
ORD11438,CUST275,PRD250,Home & Kitchen,Pigeon,1541.00,3,2024-02-07,Mumbai
ORD11439,CUST340,PRD379,Electronics,Realme,3493.00,1,2024-02-07,Hyderabad
ORD11440,CUST1243,PRD179,Electronics,Noise,1044.00,1,2024-02-07,Hyderabad
ORD11441,CUST1113,PRD180,Home & Kitchen,Cello,835.00,1,2024-02-07,Kolkata
ORD11441,CUST1113,PRD526,Beauty,Plum,712.00,2,2024-02-07,Kolkata
ORD11442,CUST1288,PRD417,Electronics,Boult,467.00,2,2024-02-07,Pune
ORD11443,CUST168,PRD145,Electronics,Boult,241.00,1,2024-02-07,Delhi
ORD11444,CUST783,PRD076,Sports,Nivia,579.00,1,2024-02-07,Bengaluru
ORD11445,CUST243,PRD162,Beauty,Nivea,177.00,1,2024-02-07,Mumbai
ORD11446,CUST1428,PRD272,Electronics,JBL,188.00,4,2024-02-07,Mumbai
ORD11446,CUST1428,PRD116,Electronics,JBL,1323.00,3,2024-02-07,Mumbai
ORD11446,CUST1428,PRD295,Books,Rupa,420.00,2,2024-02-07,Mumbai
ORD11447,CUST852,PRD381,Fashion,Peter England,406.00,2,2024-02-07,Mumbai
ORD11448,CUST1073,PRD211,Sports,Adidas,1428.00,1,2024-02-07,Chennai
ORD11449,CUST121,PRD137,Home & Kitchen,Wonderchef,737.00,1,2024-02-07,Delhi
ORD11449,CUST121,PRD500,Electronics,Samsung,18999.00,1,2024-02-07,Delhi
ORD11450,CUST1395,PRD487,Sports,Nike,721.00,1,2024-02-07,Mumbai
ORD11450,CUST1395,PRD163,Electronics,Realme,1801.00,2,2024-02-07,Mumbai
ORD11451,CUST1291,PRD416,Electronics,Boat,1236.00,1,2024-02-07,Chennai
ORD11451,CUST1291,PRD522,Fashion,Woodland,302.00,1,2024-02-07,Chennai
ORD11452,CUST541,PRD471,Home & Kitchen,Pigeon,1156.00,1,2024-02-07,Chennai
ORD11452,CUST541,PRD171,Beauty,Lakme,599.00,1,2024-02-07,Chennai
ORD11453,CUST274,PRD199,Fashion,Woodland,4299.00,1,2024-02-07,Mumbai
ORD11454,CUST723,PRD460,Beauty,Lakme,252.00,3,2024-02-07,Mumbai
ORD11455,CUST1075,PRD036,Electronics,JBL,313.00,2,2024-02-07,Delhi
ORD11455,CUST1075,PRD060,Books,HarperCollins,785.00,1,2024-02-07,Delhi
ORD11455,CUST1075,PRD107,Electronics,JBL,844.00,1,2024-02-07,Delhi
ORD11456,CUST588,PRD035,Home & Kitchen,Hawkins,438.00,2,2024-02-07,Bengaluru
ORD11457,CUST413,PRD592,Fashion,Levis,555.00,1,2024-02-07,Pune
ORD11458,CUST024,PRD522,Fashion,Woodland,302.00,5,2024-02-08,Hyderabad
ORD11458,CUST024,PRD521,Beauty,Plum,303.00,1,2024-02-08,Hyderabad
ORD11458,CUST024,PRD361,Fashion,Allen Solly,1073.00,1,2024-02-08,Hyderabad
ORD11459,CUST1127,PRD451,Home & Kitchen,Hawkins,1999.00,1,2024-02-08,Pune
ORD11459,CUST1127,PRD381,Fashion,Peter England,406.00,6,2024-02-08,Pune
ORD11460,CUST1134,PRD246,Sports,Decathlon,256.00,1,2024-02-08,Mumbai
ORD11461,CUST1451,PRD380,Home & Kitchen,Cello,1074.00,2,2024-02-08,Mumbai
ORD11461,CUST1451,PRD287,Beauty,Plum,178.00,3,2024-02-08,Mumbai
ORD11461,CUST1451,PRD254,Electronics,Mi,1014.00,1,2024-02-08,Mumbai
ORD11462,CUST1158,PRD163,Electronics,Realme,1801.00,1,2024-02-08,Kolkata
ORD11463,CUST070,PRD251,Fashion,Puma,761.00,1,2024-02-08,Chennai
ORD11464,CUST1193,PRD468,Electronics,Mi,1890.00,2,2024-02-08,Mumbai
ORD11464,CUST1193,PRD197,Sports,Cosco,3499.00,1,2024-02-08,Mumbai
ORD11465,CUST1370,PRD225,Electronics,Samsung,469.00,1,2024-02-08,Mumbai
ORD11465,CUST1370,PRD162,Beauty,Nivea,177.00,2,2024-02-08,Mumbai
ORD11466,CUST1036,PRD174,Fashion,Bata,1462.00,3,2024-02-08,Delhi
ORD11466,CUST1036,PRD359,Home & Kitchen,Milton,1125.00,2,2024-02-08,Delhi
ORD11467,CUST763,PRD252,Electronics,OnePlus,270.00,3,2024-02-08,Bengaluru
ORD11468,CUST540,PRD283,Beauty,Himalaya,318.00,2,2024-02-08,Bengaluru
ORD11469,CUST1225,PRD600,Fashion,Allen Solly,763.00,1,2024-02-08,Bengaluru
ORD11469,CUST1225,PRD381,Fashion,Peter England,406.00,1,2024-02-08,Bengaluru
ORD11470,CUST331,PRD324,Fashion,Allen Solly,843.00,1,2024-02-08,Mumbai
ORD11471,CUST180,PRD339,Electronics,OnePlus,1061.00,1,2024-02-08,Delhi
ORD11472,CUST1347,PRD126,Sports,Decathlon,1107.00,2,2024-02-08,Bengaluru
ORD11472,CUST1347,PRD020,Beauty,Maybelline,169.00,3,2024-02-08,Bengaluru
ORD11473,CUST971,PRD521,Beauty,Plum,303.00,1,2024-02-08,Mumbai
ORD11474,CUST1281,PRD294,Electronics,Mi,615.00,2,2024-02-08,Mumbai
ORD11475,CUST690,PRD295,Books,Rupa,420.00,6,2024-02-08,Mumbai
ORD11476,CUST1074,PRD222,Home & Kitchen,Cello,968.00,2,2024-02-08,Kolkata
ORD11477,CUST355,PRD228,Electronics,Realme,1737.00,1,2024-02-08,Ahmedabad
ORD11478,CUST1174,PRD129,Home & Kitchen,Pigeon,728.00,3,2024-02-08,Delhi
ORD11478,CUST1174,PRD358,Electronics,Apple,205.00,1,2024-02-08,Delhi
ORD11479,CUST1040,PRD398,Fashion,Biba,591.00,1,2024-02-08,Delhi
ORD11479,CUST1040,PRD341,Electronics,Noise,196.00,2,2024-02-08,Delhi
ORD11480,CUST223,PRD285,Electronics,Sony,613.00,3,2024-02-08,Mumbai
ORD11480,CUST223,PRD474,Electronics,Noise,355.00,1,2024-02-08,Mumbai
ORD11480,CUST223,PRD249,Fashion,Levis,335.00,2,2024-02-08,Mumbai
ORD11480,CUST223,PRD081,Home & Kitchen,Hawkins,616.00,1,2024-02-08,Mumbai
ORD11481,CUST016,PRD547,Electronics,JBL,812.00,2,2024-02-08,Mumbai
ORD11482,CUST726,PRD371,Beauty,Lakme,268.00,1,2024-02-08,Bengaluru
ORD11482,CUST726,PRD137,Home & Kitchen,Wonderchef,737.00,1,2024-02-08,Bengaluru
ORD11483,CUST469,PRD486,Electronics,Sony,907.00,2,2024-02-08,Pune
ORD11484,CUST474,PRD174,Fashion,Bata,1462.00,1,2024-02-08,Hyderabad
ORD11484,CUST474,PRD068,Fashion,Peter England,1019.00,1,2024-02-08,Hyderabad
ORD11485,CUST106,PRD381,Fashion,Peter England,406.00,2,2024-02-08,Bengaluru
ORD11486,CUST433,PRD555,Electronics,Boult,2277.00,1,2024-02-08,Delhi
ORD11487,CUST1283,PRD432,Home & Kitchen,Pigeon,1110.00,1,2024-02-08,Chennai
ORD11488,CUST1113,PRD164,Fashion,Biba,1226.00,2,2024-02-08,Kolkata
ORD11489,CUST1164,PRD440,Beauty,Maybelline,250.00,5,2024-02-08,Pune
ORD11489,CUST1164,PRD140,Home & Kitchen,Prestige,2499.00,1,2024-02-08,Pune
ORD11489,CUST1164,PRD401,Electronics,Realme,1790.00,1,2024-02-08,Pune
ORD11490,CUST851,PRD106,Sports,Nike,1746.00,1,2024-02-08,Delhi
ORD11491,CUST1255,PRD573,Fashion,Peter England,652.00,2,2024-02-08,Hyderabad
ORD11492,CUST1333,PRD124,Beauty,Maybelline,221.00,1,2024-02-08,Bengaluru
ORD11493,CUST1276,PRD306,Home & Kitchen,Wonderchef,732.00,1,2024-02-08,Bengaluru
ORD11494,CUST440,PRD120,Fashion,Biba,650.00,1,2024-02-08,Hyderabad
ORD11494,CUST440,PRD385,Electronics,OnePlus,2378.00,1,2024-02-08,Hyderabad
ORD11495,CUST1144,PRD238,Home & Kitchen,Borosil,948.00,1,2024-02-08,Hyderabad
ORD11496,CUST580,PRD060,Books,HarperCollins,785.00,1,2024-02-08,Hyderabad
ORD11497,CUST491,PRD068,Fashion,Peter England,1019.00,1,2024-02-09,Kolkata
ORD11497,CUST491,PRD521,Beauty,Plum,303.00,5,2024-02-09,Kolkata
ORD11497,CUST491,PRD197,Sports,Cosco,3499.00,1,2024-02-09,Kolkata
ORD11497,CUST491,PRD280,Electronics,,4376.00,1,2024-02-09,Kolkata
ORD11498,CUST865,PRD338,Fashion,Sparx,711.00,2,2024-02-09,Ahmedabad
ORD11499,CUST1204,PRD035,Home & Kitchen,Hawkins,438.00,1,2024-02-09,Delhi
ORD11499,CUST1204,PRD520,Books,Bloomsbury,739.00,1,2024-02-09,Delhi
ORD11500,CUST437,PRD238,Home & Kitchen,Borosil,948.00,1,2024-02-09,Delhi
ORD11501,CUST1181,PRD530,Home & Kitchen,Prestige,1101.00,1,2024-02-09,Chennai
ORD11501,CUST1181,PRD444,Electronics,Samsung,346.00,1,2024-02-09,Chennai
ORD11502,CUST420,PRD234,Fashion,Bata,484.00,8,2024-02-09,Delhi
ORD11503,CUST275,PRD151,Electronics,Realme,620.00,1,2024-02-09,Mumbai
ORD11504,CUST1372,PRD595,Fashion,Sparx,934.00,1,2024-02-09,Pune
ORD11505,CUST999,PRD182,Books,Westland,197.00,1,2024-02-09,Kolkata
ORD11506,CUST959,PRD363,Home & Kitchen,Milton,399.00,2,2024-02-09,Delhi
ORD11506,CUST959,PRD237,Electronics,Mi,1210.00,1,2024-02-09,Delhi
ORD11507,CUST249,PRD140,Home & Kitchen,Prestige,2499.00,1,2024-02-09,Hyderabad
ORD11507,CUST249,PRD193,Sports,Nivia,1965.00,1,2024-02-09,Hyderabad
ORD11508,CUST708,PRD163,Electronics,Realme,1801.00,1,2024-02-09,Delhi
ORD11508,CUST708,PRD506,Fashion,Allen Solly,745.00,1,2024-02-09,Delhi
ORD11509,CUST283,PRD080,Electronics,Realme,1211.00,1,2024-02-09,Delhi
ORD11510,CUST515,PRD197,Sports,Cosco,3499.00,1,2024-02-09,Mumbai
ORD11510,CUST515,PRD379,Electronics,Realme,3493.00,1,2024-02-09,Mumbai
ORD11511,CUST1194,PRD051,Fashion,Woodland,755.00,2,2024-02-09,Hyderabad
ORD11511,CUST1194,PRD225,Electronics,Samsung,469.00,1,2024-02-09,Hyderabad
ORD11512,CUST227,PRD197,Sports,Cosco,3499.00,1,2024-02-09,Mumbai
ORD11512,CUST227,PRD487,Sports,Nike,721.00,1,2024-02-09,Mumbai
ORD11513,CUST411,PRD015,Beauty,Plum,264.00,1,2024-02-09,Delhi
ORD11513,CUST411,PRD197,Sports,Cosco,3499.00,1,2024-02-09,Delhi
ORD11514,CUST084,PRD480,Sports,Nike,942.00,1,2024-02-09,Delhi
ORD11514,CUST084,PRD506,Fashion,Allen Solly,745.00,2,2024-02-09,Delhi
ORD11515,CUST1231,PRD343,Home & Kitchen,Hawkins,805.00,2,2024-02-09,Mumbai
ORD11516,CUST470,PRD226,Electronics,Sony,413.00,5,2024-02-09,Kolkata
ORD11517,CUST1321,PRD522,Fashion,Woodland,302.00,2,2024-02-09,Delhi
ORD11517,CUST1321,PRD563,Electronics,Samsung,443.00,2,2024-02-09,Delhi
ORD11518,CUST365,PRD401,Electronics,Realme,1790.00,3,2024-02-09,Delhi
ORD11518,CUST365,PRD498,Fashion,Levis,2999.00,1,2024-02-09,Delhi
ORD11519,CUST1189,PRD225,Electronics,Samsung,469.00,2,2024-02-09,Delhi
ORD11519,CUST1189,PRD295,Books,Rupa,420.00,6,2024-02-09,Delhi
ORD11520,CUST230,PRD066,Electronics,JBL,487.00,1,2024-02-09,Kolkata
ORD11521,CUST360,PRD561,Home & Kitchen,Hawkins,1136.00,2,2024-02-09,Pune
ORD11521,CUST360,PRD030,Electronics,Mi,1686.00,1,2024-02-09,Pune
ORD11522,CUST1173,PRD337,Electronics,Boult,482.00,4,2024-02-09,Mumbai
ORD11523,CUST1403,PRD426,Beauty,Biotique,492.00,2,2024-02-09,Kolkata
ORD11523,CUST1403,PRD264,Home & Kitchen,Prestige,518.00,1,2024-02-09,Kolkata
ORD11523,CUST1403,PRD117,Electronics,Boult,831.00,1,2024-02-09,Kolkata
ORD11524,CUST386,PRD324,Fashion,Allen Solly,843.00,1,2024-02-09,Kolkata
ORD11524,CUST386,PRD310,Sports,Decathlon,2499.00,1,2024-02-09,Kolkata
ORD11524,CUST386,PRD332,Fashion,Biba,597.00,1,2024-02-09,Kolkata
ORD11525,CUST157,PRD460,Beauty,Lakme,252.00,3,2024-02-09,Delhi
ORD11526,CUST828,PRD313,Home & Kitchen,Milton,2090.00,1,2024-02-09,Ahmedabad
ORD11526,CUST828,PRD069,Fashion,Woodland,1644.00,1,2024-02-09,Ahmedabad
ORD11526,CUST828,PRD193,Sports,Nivia,1965.00,2,2024-02-09,Ahmedabad
ORD11527,CUST526,PRD351,Electronics,Noise,344.00,2,2024-02-09,Mumbai
ORD11527,CUST526,PRD091,Home & Kitchen,Cello,349.00,2,2024-02-09,Mumbai
ORD11528,CUST556,PRD389,Fashion,Biba,1746.00,1,2024-02-09,Bengaluru
ORD11528,CUST556,PRD279,Fashion,Peter England,462.00,1,2024-02-09,Bengaluru
ORD11529,CUST1320,PRD358,Electronics,Apple,205.00,3,2024-02-09,Mumbai
ORD11529,CUST1320,PRD122,Sports,Yonex,2499.00,1,2024-02-09,Mumbai
ORD11529,CUST1320,PRD433,Home & Kitchen,Pigeon,755.00,2,2024-02-09,Mumbai
ORD11530,CUST661,PRD111,Beauty,Nivea,266.00,1,2024-02-09,Mumbai
ORD11531,CUST623,PRD521,Beauty,Plum,303.00,4,2024-02-09,Pune
ORD11531,CUST623,PRD057,Electronics,Sony,1157.00,2,2024-02-09,Pune
ORD11532,CUST078,PRD218,Sports,Cosco,263.00,6,2024-02-09,Mumbai
ORD11532,CUST078,PRD561,Home & Kitchen,Hawkins,1136.00,3,2024-02-09,Mumbai
ORD11532,CUST078,PRD257,Electronics,Noise,430.00,5,2024-02-09,Mumbai
ORD11532,CUST078,PRD225,Electronics,Samsung,469.00,1,2024-02-09,Mumbai
ORD11533,CUST1065,PRD521,Beauty,Plum,303.00,1,2024-02-09,Pune
ORD11534,CUST504,PRD021,Fashion,Sparx,853.00,2,2024-02-10,Hyderabad
ORD11535,CUST355,PRD379,Electronics,Realme,3493.00,1,2024-02-10,Ahmedabad
ORD11535,CUST355,PRD583,Fashion,Biba,735.00,1,2024-02-10,Ahmedabad
ORD11536,CUST1191,PRD265,Books,HarperCollins,599.00,1,2024-02-10,Delhi
ORD11537,CUST911,PRD572,Electronics,Apple,1534.00,1,2024-02-10,Mumbai
ORD11538,CUST007,PRD357,Home & Kitchen,Milton,918.00,2,2024-02-10,Mumbai
ORD11539,CUST1047,PRD162,Beauty,Nivea,177.00,1,2024-02-10,Mumbai
ORD11540,CUST277,PRD567,Electronics,Realme,5695.00,2,2024-02-10,Chennai
ORD11540,CUST277,PRD344,Beauty,Lakme,222.00,3,2024-02-10,Chennai
ORD11541,CUST258,PRD401,Electronics,Realme,1790.00,1,2024-02-10,Mumbai
ORD11541,CUST258,PRD390,Electronics,Apple,1322.00,1,2024-02-10,Mumbai
ORD11541,CUST258,PRD439,Electronics,Boat,394.00,1,2024-02-10,Mumbai
ORD11542,CUST023,PRD030,Electronics,Mi,1686.00,1,2024-02-10,Kolkata
ORD11543,CUST161,PRD026,Home & Kitchen,Milton,781.00,1,2024-02-10,Pune
ORD11544,CUST813,PRD013,Fashion,Biba,2499.00,1,2024-02-10,Delhi
ORD11545,CUST015,PRD013,Fashion,Biba,2499.00,2,2024-02-10,Delhi
ORD11546,CUST1161,PRD090,Fashion,Biba,621.00,2,2024-02-10,Bengaluru
ORD11547,CUST1108,PRD572,Electronics,Apple,1534.00,1,2024-02-10,Delhi
ORD11548,CUST947,PRD042,Home & Kitchen,Prestige,2999.00,1,2024-02-10,Chennai
ORD11548,CUST947,PRD375,Home & Kitchen,Borosil,633.00,2,2024-02-10,Chennai
ORD11548,CUST947,PRD028,Electronics,Mi,576.00,2,2024-02-10,Chennai
ORD11549,CUST768,PRD325,Sports,Puma,827.00,2,2024-02-10,Kolkata
ORD11549,CUST768,PRD018,Fashion,Puma,418.00,2,2024-02-10,Kolkata
ORD11550,CUST778,PRD539,Electronics,Realme,956.00,2,2024-02-10,Chennai
ORD11551,CUST1167,PRD097,Beauty,Plum,617.00,1,2024-02-10,Ahmedabad
ORD11551,CUST1167,PRD381,Fashion,Peter England,406.00,3,2024-02-10,Ahmedabad
ORD11552,CUST965,PRD035,Home & Kitchen,Hawkins,438.00,8,2024-02-10,Mumbai
ORD11553,CUST1304,PRD551,Beauty,Nivea,535.00,2,2024-02-10,Bengaluru
ORD11554,CUST009,PRD352,Home & Kitchen,Prestige,460.00,4,2024-02-10,Ahmedabad
ORD11555,CUST011,PRD044,Fashion,Woodland,1002.00,1,2024-02-10,Delhi
ORD11555,CUST011,PRD035,Home & Kitchen,Hawkins,438.00,2,2024-02-10,Delhi
ORD11556,CUST568,PRD260,Home & Kitchen,Borosil,352.00,2,2024-02-10,Bengaluru
ORD11556,CUST568,PRD225,Electronics,Samsung,469.00,2,2024-02-10,Bengaluru
ORD11557,CUST342,PRD140,Home & Kitchen,Prestige,2499.00,1,2024-02-10,Mumbai
ORD11558,CUST327,PRD259,Electronics,Realme,1941.00,1,2024-02-10,Hyderabad
ORD11559,CUST902,PRD521,Beauty,Plum,303.00,5,2024-02-10,Hyderabad
ORD11560,CUST1437,PRD068,Fashion,Peter England,1019.00,1,2024-02-10,Bengaluru
ORD11560,CUST1437,PRD248,Home & Kitchen,Wonderchef,980.00,1,2024-02-10,Bengaluru
ORD11560,CUST1437,PRD548,Electronics,Boult,2691.00,1,2024-02-10,Bengaluru
ORD11561,CUST1091,PRD006,Beauty,Lakme,160.00,3,2024-02-10,Pune
ORD11562,CUST1410,PRD323,Fashion,Woodland,312.00,2,2024-02-10,Mumbai
ORD11563,CUST499,PRD405,Beauty,Maybelline,227.00,1,2024-02-10,Pune
ORD11563,CUST499,PRD500,Electronics,Samsung,18999.00,2,2024-02-10,Pune
ORD11563,CUST499,PRD456,Fashion,Sparx,519.00,1,2024-02-10,Pune
ORD11564,CUST797,PRD298,Home & Kitchen,Borosil,4499.00,2,2024-02-10,Chennai
ORD11565,CUST877,PRD381,Fashion,Peter England,406.00,1,2024-02-10,Ahmedabad
ORD11566,CUST1038,PRD163,Electronics,Realme,1801.00,1,2024-02-10,Mumbai
ORD11567,CUST852,PRD481,Home & Kitchen,Butterfly,1864.00,1,2024-02-10,Mumbai
ORD11568,CUST1092,PRD577,Electronics,Mi,1502.00,1,2024-02-10,Mumbai
ORD11568,CUST1092,PRD080,Electronics,Realme,1211.00,2,2024-02-10,Mumbai
ORD11569,CUST419,PRD132,Home & Kitchen,Milton,455.00,2,2024-02-10,Delhi
ORD11569,CUST419,PRD220,Books,Westland,415.00,4,2024-02-10,Delhi
ORD11570,CUST002,PRD160,Home & Kitchen,Borosil,899.00,1,2024-02-10,Delhi
ORD11570,CUST002,PRD066,Electronics,JBL,487.00,1,2024-02-10,Delhi
ORD11570,CUST002,PRD174,Fashion,Bata,1462.00,2,2024-02-10,Delhi
ORD11571,CUST357,PRD262,Electronics,Apple,3501.00,1,2024-02-10,Delhi
ORD11572,CUST055,PRD535,Fashion,Bata,670.00,1,2024-02-10,Hyderabad
ORD11572,CUST055,PRD050,Fashion,Allen Solly,312.00,1,2024-02-10,Hyderabad
ORD11573,CUST522,PRD461,Fashion,Peter England,1071.00,1,2024-02-10,Chennai
ORD11573,CUST522,PRD237,Electronics,Mi,1210.00,1,2024-02-10,Chennai
ORD11573,CUST522,PRD216,Sports,Campus,559.00,1,2024-02-10,Chennai
ORD11574,CUST966,PRD331,Fashion,Allen Solly,801.00,2,2024-02-10,Bengaluru
ORD11575,CUST461,PRD509,Electronics,Noise,1956.00,1,2024-02-10,Delhi
ORD11576,CUST204,PRD209,Home & Kitchen,Pigeon,503.00,2,2024-02-10,Delhi
ORD11576,CUST204,PRD110,Home & Kitchen,Cello,1832.00,1,2024-02-10,Delhi
ORD11576,CUST204,PRD197,Sports,Cosco,3499.00,1,2024-02-10,Delhi
ORD11577,CUST682,PRD168,Home & Kitchen,Prestige,1522.00,1,2024-02-10,Delhi
ORD11578,CUST512,PRD289,Electronics,Boult,826.00,1,2024-02-11,Bengaluru
ORD11579,CUST1335,PRD156,Beauty,Lakme,399.00,1,2024-02-11,Hyderabad
ORD11580,CUST765,PRD583,Fashion,Biba,735.00,2,2024-02-11,Hyderabad
ORD11581,CUST574,PRD115,Fashion,Woodland,547.00,1,2024-02-11,Hyderabad
ORD11581,CUST574,PRD467,Home & Kitchen,Prestige,845.00,1,2024-02-11,Hyderabad
ORD11582,CUST420,PRD381,Fashion,Peter England,406.00,1,2024-02-11,Delhi
ORD11582,CUST420,PRD094,Books,Rupa,415.00,8,2024-02-11,Delhi
ORD11583,CUST141,PRD126,Sports,Decathlon,1107.00,1,2024-02-11,Chennai
ORD11584,CUST150,PRD321,Beauty,Himalaya,237.00,3,2024-02-11,Kolkata
ORD11585,CUST1471,PRD008,Beauty,Nivea,983.00,2,2024-02-11,Hyderabad
ORD11585,CUST1471,PRD126,Sports,Decathlon,1107.00,1,2024-02-11,Hyderabad
ORD11586,CUST1382,PRD363,Home & Kitchen,Milton,399.00,6,2024-02-11,Bengaluru
ORD11587,CUST121,PRD577,Electronics,Mi,1502.00,2,2024-02-11,Delhi
ORD11588,CUST1092,PRD555,Electronics,Boult,2277.00,1,2024-02-11,Mumbai
ORD11588,CUST1092,PRD592,Fashion,Levis,555.00,1,2024-02-11,Mumbai
ORD11589,CUST449,PRD361,Fashion,Allen Solly,1073.00,1,2024-02-11,Delhi
ORD11590,CUST719,PRD410,Electronics,OnePlus,4071.00,1,2024-02-11,Delhi
ORD11590,CUST719,PRD562,Books,Westland,999.00,1,2024-02-11,Delhi
ORD11590,CUST719,PRD251,Fashion,Puma,761.00,1,2024-02-11,Delhi
ORD11591,CUST650,PRD442,Electronics,Apple,1029.00,2,2024-02-11,Pune
ORD11592,CUST1472,PRD020,Beauty,Maybelline,169.00,1,2024-02-11,Bengaluru
ORD11592,CUST1472,PRD129,Home & Kitchen,Pigeon,728.00,1,2024-02-11,Bengaluru
ORD11593,CUST1086,PRD475,Fashion,Peter England,1447.00,1,2024-02-11,Delhi
ORD11594,CUST587,PRD275,Electronics,JBL,464.00,3,2024-02-11,Chennai
ORD11595,CUST924,PRD444,Electronics,Samsung,346.00,2,2024-02-11,Chennai
ORD11596,CUST360,PRD343,Home & Kitchen,Hawkins,805.00,1,2024-02-11,Pune
ORD11597,CUST143,PRD014,Sports,Yonex,1280.00,2,2024-02-11,Delhi
ORD11598,CUST324,PRD437,Beauty,Himalaya,333.00,1,2024-02-11,Pune
ORD11599,CUST966,PRD584,Sports,Nike,202.00,1,2024-02-11,Bengaluru
ORD11599,CUST966,PRD197,Sports,Cosco,3499.00,1,2024-02-11,Bengaluru
ORD11600,CUST576,PRD277,Electronics,Samsung,2013.00,2,2024-02-11,Mumbai
ORD11601,CUST322,PRD052,Electronics,Boult,1689.00,1,2024-02-11,Delhi
ORD11601,CUST322,PRD163,Electronics,Realme,1801.00,1,2024-02-11,Delhi
ORD11602,CUST1183,PRD129,Home & Kitchen,Pigeon,728.00,1,2024-02-11,Chennai
ORD11603,CUST268,PRD343,Home & Kitchen,Hawkins,805.00,2,2024-02-11,Chennai
ORD11603,CUST268,PRD245,Sports,Nike,3495.00,1,2024-02-11,Chennai
ORD11604,CUST292,PRD076,Sports,Nivia,579.00,1,2024-02-11,Mumbai
ORD11605,CUST106,PRD479,Electronics,JBL,180.00,1,2024-02-11,Bengaluru
ORD11606,CUST673,PRD531,Electronics,Boat,2084.00,1,2024-02-11,Chennai
ORD11606,CUST673,PRD271,Home & Kitchen,Cello,404.00,1,2024-02-11,Chennai
ORD11607,CUST423,PRD137,Home & Kitchen,Wonderchef,737.00,2,2024-02-11,Mumbai
ORD11608,CUST1231,PRD327,Electronics,OnePlus,457.00,6,2024-02-11,Mumbai
ORD11608,CUST1231,PRD122,Sports,Yonex,2499.00,1,2024-02-11,Mumbai
ORD11608,CUST1231,PRD204,Electronics,Boat,1299.00,1,2024-02-11,Mumbai
ORD11609,CUST1494,PRD031,Beauty,Lakme,547.00,1,2024-02-11,Mumbai
ORD11609,CUST1494,PRD381,Fashion,Peter England,406.00,1,2024-02-11,Mumbai
ORD11610,CUST204,PRD013,Fashion,Biba,2499.00,1,2024-02-11,Delhi
ORD11611,CUST269,PRD126,Sports,Decathlon,1107.00,1,2024-02-11,Mumbai
ORD11611,CUST269,PRD234,Fashion,Bata,484.00,3,2024-02-11,Mumbai
ORD11611,CUST269,PRD562,Books,Westland,999.00,2,2024-02-11,Mumbai
ORD11611,CUST269,PRD347,Fashion,Sparx,873.00,1,2024-02-11,Mumbai
ORD11612,CUST325,PRD509,Electronics,Noise,1956.00,1,2024-02-11,Mumbai
ORD11612,CUST325,PRD132,Home & Kitchen,Milton,455.00,2,2024-02-11,Mumbai
ORD11612,CUST325,PRD126,Sports,Decathlon,1107.00,2,2024-02-11,Mumbai
ORD11613,CUST1333,PRD377,Sports,Adidas,558.00,1,2024-02-11,Bengaluru
ORD11614,CUST847,PRD180,Home & Kitchen,Cello,835.00,1,2024-02-11,Ahmedabad
ORD11615,CUST361,PRD140,Home & Kitchen,Prestige,2499.00,1,2024-02-11,Ahmedabad
ORD11615,CUST361,PRD341,Electronics,Noise,196.00,2,2024-02-11,Ahmedabad
ORD11615,CUST361,PRD434,Home & Kitchen,Cello,2260.00,1,2024-02-11,Ahmedabad
ORD11615,CUST361,PRD415,Fashion,Woodland,2499.00,1,2024-02-11,Ahmedabad
ORD11616,CUST610,PRD156,Beauty,Lakme,399.00,3,2024-02-11,Delhi
ORD11617,CUST538,PRD506,Fashion,Allen Solly,745.00,2,2024-02-11,Mumbai
ORD11618,CUST694,PRD058,Electronics,Mi,2999.00,1,2024-02-11,Hyderabad
ORD11619,CUST731,PRD040,Electronics,Apple,817.00,1,2024-02-11,Bengaluru
ORD11619,CUST731,PRD129,Home & Kitchen,Pigeon,728.00,2,2024-02-11,Bengaluru
ORD11620,CUST1305,PRD257,Electronics,Noise,430.00,1,2024-02-12,Hyderabad
ORD11621,CUST1161,PRD116,Electronics,JBL,1323.00,1,2024-02-12,Bengaluru
ORD11622,CUST182,PRD107,Electronics,JBL,844.00,1,2024-02-12,Chennai
ORD11623,CUST1080,PRD592,Fashion,Levis,555.00,2,2024-02-12,Bengaluru
ORD11623,CUST1080,PRD379,Electronics,Realme,3493.00,1,2024-02-12,Bengaluru
ORD11624,CUST1131,PRD521,Beauty,Plum,303.00,3,2024-02-12,Chennai
ORD11625,CUST1283,PRD566,Electronics,Boat,2710.00,1,2024-02-12,Chennai
ORD11626,CUST534,PRD037,Home & Kitchen,Cello,584.00,1,2024-02-12,Ahmedabad
ORD11627,CUST317,PRD225,Electronics,Samsung,469.00,3,2024-02-12,Chennai
ORD11628,CUST425,PRD439,Electronics,Boat,394.00,1,2024-02-12,Bengaluru
ORD11628,CUST425,PRD161,Home & Kitchen,Cello,1367.00,1,2024-02-12,Bengaluru
ORD11628,CUST425,PRD444,Electronics,Samsung,346.00,2,2024-02-12,Bengaluru
ORD11628,CUST425,PRD468,Electronics,Mi,1890.00,3,2024-02-12,Bengaluru
ORD11629,CUST1037,PRD018,Fashion,Puma,418.00,6,2024-02-12,Delhi
ORD11629,CUST1037,PRD174,Fashion,Bata,1462.00,1,2024-02-12,Delhi
ORD11630,CUST165,PRD197,Sports,,3499.00,1,2024-02-12,Kolkata
ORD11631,CUST1429,PRD592,Fashion,Levis,555.00,1,2024-02-12,Chennai
ORD11632,CUST708,PRD197,Sports,Cosco,3499.00,1,2024-02-12,Delhi
ORD11633,CUST672,PRD235,Electronics,Boult,1773.00,1,2024-02-12,Bengaluru
ORD11633,CUST672,PRD215,Sports,Campus,638.00,1,2024-02-12,Bengaluru
ORD11634,CUST897,PRD195,Books,Bloomsbury,599.00,3,2024-02-12,Chennai
ORD11635,CUST749,PRD599,Electronics,Samsung,1030.00,2,2024-02-12,Hyderabad
ORD11636,CUST943,PRD170,Home & Kitchen,Hawkins,493.00,1,2024-02-12,Pune
ORD11637,CUST354,PRD577,Electronics,Mi,1502.00,1,2024-02-12,Hyderabad
ORD11638,CUST360,PRD035,Home & Kitchen,Hawkins,438.00,1,2024-02-12,Pune
ORD11638,CUST360,PRD225,Electronics,Samsung,469.00,1,2024-02-12,Pune
ORD11638,CUST360,PRD019,Fashion,Woodland,707.00,1,2024-02-12,Pune
ORD11639,CUST505,PRD379,Electronics,Realme,3493.00,1,2024-02-12,Hyderabad
ORD11639,CUST505,PRD197,Sports,Cosco,3499.00,1,2024-02-12,Hyderabad
ORD11640,CUST971,PRD521,Beauty,Plum,303.00,4,2024-02-12,Mumbai
ORD11641,CUST1362,PRD350,Home & Kitchen,Borosil,4499.00,1,2024-02-12,Delhi
ORD11642,CUST394,PRD022,Home & Kitchen,Hawkins,1213.00,1,2024-02-12,Delhi
ORD11643,CUST842,PRD463,Beauty,Plum,432.00,2,2024-02-12,Chennai
ORD11644,CUST599,PRD144,Fashion,Allen Solly,315.00,2,2024-02-12,Bengaluru
ORD11644,CUST599,PRD295,Books,Rupa,420.00,1,2024-02-12,Bengaluru
ORD11645,CUST1396,PRD460,Beauty,Lakme,252.00,1,2024-02-12,Mumbai
ORD11645,CUST1396,PRD323,Fashion,Woodland,312.00,4,2024-02-12,Mumbai
ORD11646,CUST342,PRD111,Beauty,Nivea,266.00,2,2024-02-12,Mumbai
ORD11647,CUST1246,PRD574,Electronics,Mi,318.00,3,2024-02-12,Mumbai
ORD11648,CUST1349,PRD301,Electronics,Boult,813.00,1,2024-02-12,Hyderabad
ORD11649,CUST1405,PRD357,Home & Kitchen,Milton,918.00,1,2024-02-12,Bengaluru
ORD11650,CUST1472,PRD572,Electronics,Apple,1534.00,3,2024-02-12,Bengaluru
ORD11650,CUST1472,PRD021,Fashion,Sparx,853.00,1,2024-02-12,Bengaluru
ORD11650,CUST1472,PRD421,Electronics,Realme,507.00,1,2024-02-12,Bengaluru
ORD11650,CUST1472,PRD394,Home & Kitchen,Butterfly,1799.00,1,2024-02-12,Bengaluru
ORD11651,CUST972,PRD225,Electronics,Samsung,469.00,2,2024-02-12,Mumbai
ORD11651,CUST972,PRD522,Fashion,Woodland,302.00,4,2024-02-12,Mumbai
ORD11651,CUST972,PRD130,Electronics,Sony,897.00,1,2024-02-12,Mumbai
ORD11652,CUST795,PRD181,Home & Kitchen,Wonderchef,1046.00,1,2024-02-12,Bengaluru
ORD11653,CUST554,PRD510,Sports,Cosco,583.00,1,2024-02-12,Bengaluru
ORD11654,CUST902,PRD508,Electronics,Sony,1978.00,3,2024-02-12,Hyderabad
ORD11654,CUST902,PRD225,Electronics,Samsung,469.00,3,2024-02-12,Hyderabad
ORD11655,CUST142,PRD379,Electronics,Realme,3493.00,1,2024-02-12,Delhi
ORD11656,CUST1354,PRD529,Beauty,Biotique,234.00,2,2024-02-12,Chennai
ORD11657,CUST885,PRD243,Home & Kitchen,Borosil,658.00,3,2024-02-12,Chennai
ORD11658,CUST480,PRD401,Electronics,Realme,1790.00,2,2024-02-12,Mumbai
ORD11659,CUST075,PRD225,Electronics,Samsung,469.00,1,2024-02-12,Mumbai
ORD11659,CUST075,PRD115,Fashion,Woodland,547.00,1,2024-02-12,Mumbai
ORD11660,CUST1049,PRD247,Sports,Campus,1130.00,2,2024-02-12,Hyderabad
ORD11661,CUST527,PRD541,Fashion,Biba,418.00,3,2024-02-12,Pune
ORD11661,CUST527,PRD163,Electronics,Realme,1801.00,2,2024-02-12,Pune
ORD11661,CUST527,PRD264,Home & Kitchen,Prestige,518.00,1,2024-02-12,Pune
ORD11662,CUST1231,PRD052,Electronics,Boult,1689.00,1,2024-02-12,Mumbai
ORD11662,CUST1231,PRD538,Sports,Nivia,347.00,1,2024-02-12,Mumbai
ORD11662,CUST1231,PRD055,Beauty,Maybelline,497.00,1,2024-02-12,Mumbai
ORD11663,CUST1086,PRD511,Electronics,Boult,1972.00,1,2024-02-12,Delhi
ORD11664,CUST092,PRD588,Electronics,JBL,3249.00,1,2024-02-12,Mumbai
ORD11664,CUST092,PRD174,Fashion,Bata,1462.00,1,2024-02-12,Mumbai
ORD11665,CUST1288,PRD344,Beauty,Lakme,222.00,2,2024-02-12,Pune
ORD11666,CUST780,PRD469,Fashion,Puma,616.00,1,2024-02-12,Kolkata
ORD11666,CUST780,PRD163,Electronics,Realme,1801.00,1,2024-02-12,Kolkata
ORD11667,CUST1276,PRD521,Beauty,Plum,303.00,2,2024-02-13,Bengaluru
ORD11668,CUST239,PRD355,Beauty,Plum,366.00,2,2024-02-13,Hyderabad
ORD11668,CUST239,PRD284,Electronics,OnePlus,1929.00,1,2024-02-13,Hyderabad
ORD11669,CUST1324,PRD468,Electronics,Mi,1890.00,1,2024-02-13,Mumbai
ORD11669,CUST1324,PRD140,Home & Kitchen,Prestige,2499.00,1,2024-02-13,Mumbai
ORD11670,CUST666,PRD225,Electronics,Samsung,469.00,1,2024-02-13,Chennai
ORD11671,CUST669,PRD407,Sports,Puma,235.00,6,2024-02-13,Bengaluru
ORD11672,CUST489,PRD199,Fashion,Woodland,4299.00,1,2024-02-13,Mumbai
ORD11672,CUST489,PRD317,Home & Kitchen,Butterfly,2280.00,1,2024-02-13,Mumbai
ORD11673,CUST1268,PRD465,Fashion,Allen Solly,715.00,1,2024-02-13,Mumbai
ORD11674,CUST662,PRD425,Electronics,Realme,1566.00,1,2024-02-13,Delhi
ORD11675,CUST1223,PRD437,Beauty,Himalaya,333.00,1,2024-02-13,Ahmedabad
ORD11676,CUST1251,PRD237,Electronics,Mi,1210.00,1,2024-02-13,Chennai
ORD11676,CUST1251,PRD072,Books,Aleph,226.00,2,2024-02-13,Chennai
ORD11677,CUST102,PRD508,Electronics,Sony,1978.00,1,2024-02-13,Bengaluru
ORD11678,CUST1037,PRD012,Home & Kitchen,Cello,615.00,1,2024-02-13,Delhi
ORD11678,CUST1037,PRD262,Electronics,Apple,3501.00,1,2024-02-13,Delhi
ORD11679,CUST811,PRD245,Sports,Nike,3495.00,1,2024-02-13,Kolkata
ORD11679,CUST811,PRD286,Electronics,Noise,437.00,6,2024-02-13,Kolkata
ORD11680,CUST664,PRD460,Beauty,Lakme,252.00,1,2024-02-13,Hyderabad
ORD11681,CUST632,PRD174,Fashion,Bata,1462.00,2,2024-02-13,Pune
ORD11681,CUST632,PRD448,Fashion,Biba,920.00,1,2024-02-13,Pune
ORD11682,CUST965,PRD114,Fashion,Bata,1028.00,1,2024-02-13,Mumbai
ORD11682,CUST965,PRD407,Sports,Puma,235.00,5,2024-02-13,Mumbai
ORD11683,CUST374,PRD011,Electronics,Noise,1933.00,2,2024-02-13,Chennai
ORD11683,CUST374,PRD225,Electronics,Samsung,469.00,2,2024-02-13,Chennai
ORD11684,CUST975,PRD478,Electronics,OnePlus,1494.00,1,2024-02-13,Hyderabad
ORD11685,CUST1417,PRD369,Sports,Decathlon,237.00,2,2024-02-13,Bengaluru
ORD11686,CUST410,PRD225,Electronics,Samsung,469.00,2,2024-02-13,Mumbai
ORD11686,CUST410,PRD035,Home & Kitchen,Hawkins,438.00,2,2024-02-13,Mumbai
ORD11687,CUST1010,PRD057,Electronics,Sony,1157.00,2,2024-02-13,Pune
ORD11687,CUST1010,PRD212,Electronics,Boult,149.00,1,2024-02-13,Pune
ORD11688,CUST401,PRD434,Home & Kitchen,Cello,2260.00,1,2024-02-13,Mumbai
ORD11688,CUST401,PRD465,Fashion,Allen Solly,715.00,1,2024-02-13,Mumbai
ORD11689,CUST763,PRD600,Fashion,Allen Solly,763.00,2,2024-02-13,Bengaluru
ORD11689,CUST763,PRD109,Electronics,OnePlus,160.00,3,2024-02-13,Bengaluru
ORD11690,CUST587,PRD504,Electronics,Mi,155.00,2,2024-02-13,Chennai
ORD11691,CUST1410,PRD369,Sports,Decathlon,237.00,3,2024-02-13,Mumbai
ORD11692,CUST923,PRD035,Home & Kitchen,Hawkins,438.00,1,2024-02-13,Mumbai
ORD11693,CUST1098,PRD506,Fashion,Allen Solly,745.00,1,2024-02-13,Delhi
ORD11694,CUST355,PRD494,Fashion,Sparx,605.00,3,2024-02-13,Ahmedabad
ORD11694,CUST355,PRD100,Electronics,Boat,413.00,3,2024-02-13,Ahmedabad
ORD11695,CUST512,PRD137,Home & Kitchen,Wonderchef,737.00,2,2024-02-13,Bengaluru
ORD11696,CUST1070,PRD200,Beauty,Biotique,209.00,2,2024-02-13,Pune
ORD11697,CUST1496,PRD219,Beauty,Nivea,480.00,2,2024-02-13,Hyderabad
ORD11697,CUST1496,PRD433,Home & Kitchen,Pigeon,755.00,1,2024-02-13,Hyderabad
ORD11697,CUST1496,PRD320,Electronics,Mi,313.00,6,2024-02-13,Hyderabad
ORD11698,CUST203,PRD535,Fashion,Bata,670.00,1,2024-02-13,Mumbai
ORD11699,CUST592,PRD238,Home & Kitchen,Borosil,948.00,1,2024-02-13,Bengaluru
ORD11700,CUST1332,PRD563,Electronics,Samsung,443.00,1,2024-02-13,Chennai
ORD11700,CUST1332,PRD476,Home & Kitchen,Wonderchef,1186.00,1,2024-02-13,Chennai
ORD11701,CUST140,PRD575,Sports,Cosco,2199.00,1,2024-02-13,Mumbai
ORD11702,CUST268,PRD521,Beauty,Plum,303.00,5,2024-02-13,Chennai
ORD11702,CUST268,PRD292,Home & Kitchen,Cello,2099.00,1,2024-02-13,Chennai
ORD11703,CUST792,PRD321,Beauty,Himalaya,237.00,4,2024-02-13,Pune
ORD11704,CUST845,PRD129,Home & Kitchen,Pigeon,728.00,1,2024-02-13,Pune
ORD11704,CUST845,PRD439,Electronics,Boat,394.00,1,2024-02-13,Pune
ORD11704,CUST845,PRD421,Electronics,Realme,507.00,1,2024-02-13,Pune
ORD11704,CUST845,PRD521,Beauty,Plum,303.00,3,2024-02-13,Pune
ORD11705,CUST544,PRD144,Fashion,Allen Solly,315.00,3,2024-02-13,Chennai
ORD11706,CUST1086,PRD107,Electronics,JBL,844.00,1,2024-02-13,Delhi
ORD11706,CUST1086,PRD317,Home & Kitchen,Butterfly,2280.00,1,2024-02-13,Delhi
ORD11706,CUST1086,PRD181,Home & Kitchen,Wonderchef,1046.00,2,2024-02-13,Delhi
ORD11706,CUST1086,PRD300,Home & Kitchen,Butterfly,1761.00,1,2024-02-13,Delhi
ORD11707,CUST514,PRD595,Fashion,Sparx,934.00,1,2024-02-13,Bengaluru
ORD11707,CUST514,PRD590,Fashion,Sparx,389.00,5,2024-02-13,Bengaluru
ORD11708,CUST1073,PRD221,Fashion,Levis,2199.00,1,2024-02-13,Chennai
ORD11708,CUST1073,PRD152,Electronics,Sony,699.00,1,2024-02-13,Chennai
ORD11708,CUST1073,PRD228,Electronics,Realme,1737.00,1,2024-02-13,Chennai
ORD11709,CUST400,PRD030,Electronics,Mi,1686.00,2,2024-02-13,Mumbai
ORD11710,CUST967,PRD436,Sports,Nivia,2199.00,1,2024-02-14,Pune
ORD11711,CUST752,PRD415,Fashion,Woodland,2499.00,2,2024-02-14,Delhi
ORD11711,CUST752,PRD284,Electronics,OnePlus,1929.00,1,2024-02-14,Delhi
ORD11712,CUST465,PRD220,Books,Westland,415.00,3,2024-02-14,Bengaluru
ORD11713,CUST784,PRD135,Books,Westland,243.00,2,2024-02-14,Hyderabad
ORD11714,CUST1136,PRD355,Beauty,Plum,366.00,1,2024-02-14,Bengaluru
ORD11715,CUST1056,PRD324,Fashion,Allen Solly,843.00,1,2024-02-14,Ahmedabad
ORD11716,CUST313,PRD228,Electronics,Realme,1737.00,1,2024-02-14,Bengaluru
ORD11717,CUST258,PRD222,Home & Kitchen,Cello,968.00,2,2024-02-14,Mumbai
ORD11717,CUST258,PRD295,Books,Rupa,420.00,1,2024-02-14,Mumbai
ORD11718,CUST638,PRD486,Electronics,Sony,907.00,1,2024-02-14,Bengaluru
ORD11719,CUST892,PRD147,Home & Kitchen,Borosil,615.00,1,2024-02-14,Pune
ORD11719,CUST892,PRD071,Beauty,Himalaya,243.00,1,2024-02-14,Pune
ORD11719,CUST892,PRD381,Fashion,Peter England,406.00,1,2024-02-14,Pune
ORD11719,CUST892,PRD391,Fashion,Bata,1999.00,1,2024-02-14,Pune
ORD11720,CUST675,PRD298,Home & Kitchen,Borosil,4499.00,1,2024-02-14,Mumbai
ORD11720,CUST675,PRD573,Fashion,Peter England,652.00,1,2024-02-14,Mumbai
ORD11720,CUST675,PRD451,Home & Kitchen,Hawkins,1999.00,1,2024-02-14,Mumbai
ORD11721,CUST461,PRD521,Beauty,Plum,303.00,3,2024-02-14,Delhi
ORD11722,CUST996,PRD272,Electronics,JBL,188.00,1,2024-02-14,Bengaluru
ORD11723,CUST872,PRD070,Home & Kitchen,Wonderchef,1246.00,1,2024-02-14,Chennai
ORD11724,CUST1468,PRD407,Sports,Puma,235.00,1,2024-02-14,Bengaluru
ORD11725,CUST973,PRD181,Home & Kitchen,Wonderchef,1046.00,1,2024-02-14,Delhi
ORD11726,CUST418,PRD078,Fashion,Woodland,513.00,1,2024-02-14,Mumbai
ORD11727,CUST1250,PRD076,Sports,Nivia,579.00,1,2024-02-14,Mumbai
ORD11728,CUST016,PRD584,Sports,,202.00,2,2024-02-14,Mumbai
ORD11728,CUST016,PRD508,Electronics,Sony,1978.00,1,2024-02-14,Mumbai
ORD11729,CUST086,PRD140,Home & Kitchen,Prestige,2499.00,1,2024-02-14,Mumbai
ORD11729,CUST086,PRD252,Electronics,OnePlus,270.00,3,2024-02-14,Mumbai
ORD11730,CUST975,PRD161,Home & Kitchen,Cello,1367.00,1,2024-02-14,Hyderabad
ORD11730,CUST975,PRD177,Fashion,Allen Solly,640.00,2,2024-02-14,Hyderabad
ORD11731,CUST1451,PRD544,Home & Kitchen,Butterfly,1694.00,1,2024-02-14,Mumbai
ORD11731,CUST1451,PRD439,Electronics,Boat,394.00,1,2024-02-14,Mumbai
ORD11731,CUST1451,PRD126,Sports,Decathlon,1107.00,1,2024-02-14,Mumbai
ORD11732,CUST514,PRD148,Electronics,Realme,455.00,3,2024-02-14,Bengaluru
ORD11732,CUST514,PRD020,Beauty,Maybelline,169.00,1,2024-02-14,Bengaluru
ORD11733,CUST625,PRD310,Sports,Decathlon,2499.00,1,2024-02-14,Mumbai
ORD11734,CUST568,PRD476,Home & Kitchen,Wonderchef,1186.00,2,2024-02-14,Bengaluru
ORD11735,CUST170,PRD006,Beauty,Lakme,160.00,4,2024-02-14,Mumbai
ORD11736,CUST506,PRD307,Books,Rupa,1199.00,3,2024-02-14,Bengaluru
ORD11737,CUST1396,PRD193,Sports,Nivia,1965.00,1,2024-02-14,Mumbai
ORD11738,CUST1038,PRD575,Sports,Cosco,2199.00,1,2024-02-14,Mumbai
ORD11739,CUST108,PRD315,Home & Kitchen,Prestige,668.00,1,2024-02-14,Hyderabad
ORD11739,CUST108,PRD091,Home & Kitchen,Cello,349.00,5,2024-02-14,Hyderabad
ORD11740,CUST633,PRD521,Beauty,Plum,303.00,1,2024-02-14,Hyderabad
ORD11741,CUST165,PRD505,Beauty,Nivea,307.00,2,2024-02-14,Kolkata
ORD11741,CUST165,PRD177,Fashion,Allen Solly,640.00,1,2024-02-14,Kolkata
ORD11741,CUST165,PRD400,Fashion,Sparx,1492.00,1,2024-02-14,Kolkata
ORD11741,CUST165,PRD295,Books,Rupa,420.00,4,2024-02-14,Kolkata
ORD11742,CUST727,PRD257,Electronics,Noise,430.00,1,2024-02-14,Mumbai
ORD11742,CUST727,PRD461,Fashion,Peter England,1071.00,1,2024-02-14,Mumbai
ORD11743,CUST494,PRD548,Electronics,Boult,2691.00,1,2024-02-14,Mumbai
ORD11743,CUST494,PRD349,Books,Bloomsbury,864.00,2,2024-02-14,Mumbai
ORD11744,CUST1163,PRD174,Fashion,Bata,1462.00,1,2024-02-14,Delhi
ORD11745,CUST150,PRD202,Sports,Nike,1517.00,2,2024-02-14,Kolkata
ORD11746,CUST052,PRD319,Fashion,Peter England,1416.00,1,2024-02-14,Hyderabad
ORD11746,CUST052,PRD228,Electronics,Realme,1737.00,2,2024-02-14,Hyderabad
ORD11747,CUST249,PRD047,Electronics,Apple,1555.00,2,2024-02-14,Hyderabad
ORD11748,CUST1319,PRD366,Electronics,Sony,1638.00,1,2024-02-14,Mumbai
ORD11749,CUST356,PRD178,Beauty,Maybelline,1099.00,2,2024-02-14,Mumbai
ORD11750,CUST473,PRD129,Home & Kitchen,Pigeon,728.00,1,2024-02-14,Pune
ORD11750,CUST473,PRD203,Sports,Campus,720.00,1,2024-02-14,Pune
ORD11751,CUST1106,PRD004,Home & Kitchen,Pigeon,874.00,1,2024-02-14,Bengaluru
ORD11751,CUST1106,PRD371,Beauty,Lakme,268.00,1,2024-02-14,Bengaluru
ORD11752,CUST380,PRD129,Home & Kitchen,Pigeon,728.00,1,2024-02-14,Pune
ORD11753,CUST1333,PRD316,Home & Kitchen,Milton,458.00,1,2024-02-15,Bengaluru
ORD11754,CUST881,PRD508,Electronics,Sony,1978.00,1,2024-02-15,Kolkata
ORD11755,CUST247,PRD225,Electronics,Samsung,469.00,1,2024-02-15,Pune
ORD11756,CUST1479,PRD092,Beauty,Maybelline,184.00,4,2024-02-15,Delhi
ORD11757,CUST892,PRD029,Beauty,Lakme,431.00,1,2024-02-15,Pune
ORD11757,CUST892,PRD349,Books,Bloomsbury,864.00,1,2024-02-15,Pune
ORD11757,CUST892,PRD176,Home & Kitchen,,459.00,2,2024-02-15,Pune
ORD11758,CUST901,PRD315,Home & Kitchen,Prestige,668.00,1,2024-02-15,Mumbai
ORD11758,CUST901,PRD143,Books,Rupa,497.00,1,2024-02-15,Mumbai
ORD11758,CUST901,PRD029,Beauty,Lakme,431.00,2,2024-02-15,Mumbai
ORD11758,CUST901,PRD030,Electronics,Mi,1686.00,2,2024-02-15,Mumbai
ORD11759,CUST055,PRD119,Fashion,Allen Solly,969.00,1,2024-02-15,Hyderabad
ORD11760,CUST482,PRD488,Beauty,Maybelline,409.00,1,2024-02-15,Mumbai
ORD11761,CUST879,PRD409,Sports,Yonex,1739.00,1,2024-02-15,Mumbai
ORD11761,CUST879,PRD256,Fashion,Biba,546.00,1,2024-02-15,Mumbai
ORD11762,CUST1088,PRD485,Electronics,Apple,420.00,2,2024-02-15,Pune
ORD11763,CUST876,PRD197,Sports,Cosco,3499.00,1,2024-02-15,Kolkata
ORD11764,CUST1108,PRD134,Electronics,OnePlus,346.00,1,2024-02-15,Delhi
ORD11765,CUST880,PRD220,Books,Westland,415.00,3,2024-02-15,Mumbai
ORD11766,CUST587,PRD070,Home & Kitchen,Wonderchef,1246.00,1,2024-02-15,Chennai
ORD11767,CUST973,PRD129,Home & Kitchen,Pigeon,728.00,2,2024-02-15,Delhi
ORD11768,CUST1398,PRD516,Beauty,Lakme,469.00,2,2024-02-15,Bengaluru
ORD11768,CUST1398,PRD163,Electronics,Realme,1801.00,3,2024-02-15,Bengaluru
ORD11769,CUST507,PRD245,Sports,Nike,3495.00,1,2024-02-15,Pune
ORD11769,CUST507,PRD471,Home & Kitchen,Pigeon,1156.00,2,2024-02-15,Pune
ORD11769,CUST507,PRD508,Electronics,Sony,1978.00,1,2024-02-15,Pune
ORD11769,CUST507,PRD035,Home & Kitchen,Hawkins,438.00,2,2024-02-15,Pune
ORD11770,CUST795,PRD116,Electronics,JBL,1323.00,1,2024-02-15,Bengaluru
ORD11771,CUST180,PRD197,Sports,Cosco,3499.00,1,2024-02-15,Delhi
ORD11771,CUST180,PRD401,Electronics,Realme,1790.00,2,2024-02-15,Delhi
ORD11771,CUST180,PRD411,Fashion,Bata,815.00,3,2024-02-15,Delhi
ORD11771,CUST180,PRD030,Electronics,Mi,1686.00,1,2024-02-15,Delhi
ORD11772,CUST1214,PRD380,Home & Kitchen,Cello,1074.00,1,2024-02-15,Kolkata
ORD11773,CUST465,PRD548,Electronics,Boult,2691.00,1,2024-02-15,Bengaluru
ORD11773,CUST465,PRD258,Books,Aleph,364.00,2,2024-02-15,Bengaluru
ORD11774,CUST1421,PRD332,Fashion,Biba,597.00,1,2024-02-15,Bengaluru
ORD11775,CUST903,PRD353,Beauty,Nivea,228.00,1,2024-02-15,Mumbai
ORD11775,CUST903,PRD367,Electronics,Realme,505.00,1,2024-02-15,Mumbai
ORD11776,CUST775,PRD082,Home & Kitchen,Butterfly,614.00,2,2024-02-15,Delhi
ORD11777,CUST308,PRD045,Fashion,Sparx,959.00,1,2024-02-15,Pune
ORD11777,CUST308,PRD485,Electronics,Apple,420.00,1,2024-02-15,Pune
ORD11777,CUST308,PRD229,Electronics,Boat,976.00,2,2024-02-15,Pune
ORD11777,CUST308,PRD150,Beauty,Maybelline,726.00,1,2024-02-15,Pune
ORD11778,CUST787,PRD447,Fashion,Sparx,974.00,1,2024-02-15,Mumbai
ORD11779,CUST1437,PRD026,Home & Kitchen,Milton,781.00,1,2024-02-15,Bengaluru
ORD11780,CUST242,PRD163,Electronics,Realme,1801.00,1,2024-02-15,Chennai
ORD11780,CUST242,PRD444,Electronics,Samsung,346.00,1,2024-02-15,Chennai
ORD11781,CUST1058,PRD575,Sports,Cosco,2199.00,1,2024-02-15,Pune
ORD11782,CUST749,PRD063,Electronics,JBL,1768.00,2,2024-02-15,Hyderabad
ORD11783,CUST488,PRD379,Electronics,Realme,3493.00,1,2024-02-15,Chennai
ORD11783,CUST488,PRD318,Books,Westland,448.00,2,2024-02-15,Chennai
ORD11784,CUST1137,PRD388,Books,Rupa,437.00,2,2024-02-15,Delhi
ORD11784,CUST1137,PRD543,Fashion,Woodland,511.00,1,2024-02-15,Delhi
ORD11784,CUST1137,PRD117,Electronics,Boult,831.00,1,2024-02-15,Delhi
ORD11785,CUST906,PRD373,Fashion,Peter England,527.00,1,2024-02-15,Kolkata
ORD11785,CUST906,PRD340,Fashion,Peter England,1499.00,1,2024-02-15,Kolkata
ORD11785,CUST906,PRD146,Electronics,Mi,227.00,4,2024-02-15,Kolkata
ORD11786,CUST1274,PRD401,Electronics,Realme,1790.00,1,2024-02-15,Bengaluru
ORD11786,CUST1274,PRD245,Sports,Nike,3495.00,1,2024-02-15,Bengaluru
ORD11787,CUST142,PRD521,Beauty,Plum,303.00,2,2024-02-15,Delhi
ORD11787,CUST142,PRD508,Electronics,Sony,1978.00,3,2024-02-15,Delhi
ORD11788,CUST1281,PRD477,Fashion,Levis,678.00,1,2024-02-15,Mumbai
ORD11789,CUST1090,PRD574,Electronics,Mi,318.00,1,2024-02-15,Delhi
ORD11790,CUST504,PRD515,Fashion,Allen Solly,589.00,1,2024-02-15,Hyderabad
ORD11790,CUST504,PRD513,Sports,Decathlon,3680.00,1,2024-02-15,Hyderabad
ORD11790,CUST504,PRD480,Sports,Nike,942.00,1,2024-02-15,Hyderabad
ORD11791,CUST926,PRD154,Beauty,Lakme,404.00,2,2024-02-15,Delhi
ORD11792,CUST998,PRD163,Electronics,Realme,1801.00,1,2024-02-15,Mumbai
ORD11792,CUST998,PRD473,Electronics,Realme,6236.00,1,2024-02-15,Mumbai
ORD11793,CUST242,PRD410,Electronics,OnePlus,4071.00,1,2024-02-16,Chennai
ORD11794,CUST857,PRD274,Beauty,Himalaya,188.00,2,2024-02-16,Mumbai
ORD11795,CUST1280,PRD596,Electronics,Sony,440.00,1,2024-02-16,Hyderabad
ORD11795,CUST1280,PRD444,Electronics,Samsung,346.00,2,2024-02-16,Hyderabad
ORD11795,CUST1280,PRD228,Electronics,Realme,1737.00,3,2024-02-16,Hyderabad
ORD11796,CUST447,PRD456,Fashion,Sparx,519.00,1,2024-02-16,Bengaluru
ORD11797,CUST106,PRD365,Home & Kitchen,Butterfly,960.00,1,2024-02-16,Bengaluru
ORD11797,CUST106,PRD522,Fashion,Woodland,302.00,1,2024-02-16,Bengaluru
ORD11798,CUST1160,PRD191,Fashion,Levis,651.00,1,2024-02-16,Bengaluru
ORD11799,CUST536,PRD441,Electronics,Sony,8613.00,1,2024-02-16,Bengaluru
ORD11800,CUST923,PRD584,Sports,Nike,202.00,2,2024-02-16,Mumbai
ORD11801,CUST078,PRD488,Beauty,Maybelline,409.00,2,2024-02-16,Mumbai
ORD11801,CUST078,PRD200,Beauty,Biotique,209.00,4,2024-02-16,Mumbai
ORD11802,CUST994,PRD026,Home & Kitchen,Milton,781.00,1,2024-02-16,Kolkata
ORD11802,CUST994,PRD307,Books,Rupa,1199.00,2,2024-02-16,Kolkata
ORD11803,CUST135,PRD019,Fashion,Woodland,707.00,1,2024-02-16,Chennai
ORD11804,CUST1396,PRD204,Electronics,Boat,1299.00,1,2024-02-16,Mumbai
ORD11805,CUST214,PRD551,Beauty,Nivea,535.00,2,2024-02-16,Bengaluru
ORD11806,CUST493,PRD391,Fashion,Bata,1999.00,2,2024-02-16,Mumbai
ORD11807,CUST601,PRD418,Home & Kitchen,Borosil,473.00,3,2024-02-16,Mumbai
ORD11808,CUST598,PRD357,Home & Kitchen,Milton,918.00,1,2024-02-16,Delhi
ORD11809,CUST243,PRD010,Beauty,Maybelline,1040.00,2,2024-02-16,Mumbai
ORD11809,CUST243,PRD411,Fashion,Bata,815.00,2,2024-02-16,Mumbai
ORD11810,CUST1471,PRD410,Electronics,OnePlus,4071.00,1,2024-02-16,Hyderabad
ORD11810,CUST1471,PRD304,Sports,Campus,1385.00,1,2024-02-16,Hyderabad
ORD11810,CUST1471,PRD208,Electronics,Boult,7315.00,1,2024-02-16,Hyderabad
ORD11811,CUST1376,PRD295,Books,Rupa,420.00,1,2024-02-16,Hyderabad
ORD11812,CUST1003,PRD071,Beauty,Himalaya,243.00,1,2024-02-16,Mumbai
ORD11812,CUST1003,PRD033,Electronics,Mi,160.00,2,2024-02-16,Mumbai
ORD11812,CUST1003,PRD451,Home & Kitchen,Hawkins,1999.00,1,2024-02-16,Mumbai
ORD11812,CUST1003,PRD283,Beauty,Himalaya,318.00,1,2024-02-16,Mumbai
ORD11813,CUST1314,PRD443,Fashion,Puma,437.00,1,2024-02-16,Delhi
ORD11814,CUST996,PRD518,Electronics,Mi,4469.00,1,2024-02-16,Bengaluru
ORD11815,CUST1240,PRD228,Electronics,Realme,1737.00,1,2024-02-16,Mumbai
ORD11816,CUST1347,PRD488,Beauty,Maybelline,409.00,1,2024-02-16,Bengaluru
ORD11817,CUST951,PRD563,Electronics,Samsung,443.00,3,2024-02-16,Kolkata
ORD11818,CUST837,PRD409,Sports,Yonex,1739.00,1,2024-02-16,Mumbai
ORD11819,CUST226,PRD307,Books,Rupa,1199.00,1,2024-02-16,Bengaluru
ORD11820,CUST312,PRD117,Electronics,Boult,831.00,1,2024-02-16,Delhi
ORD11821,CUST1368,PRD304,Sports,Campus,1385.00,2,2024-02-16,Mumbai
ORD11821,CUST1368,PRD444,Electronics,Samsung,346.00,6,2024-02-16,Mumbai
ORD11821,CUST1368,PRD176,Home & Kitchen,Borosil,459.00,3,2024-02-16,Mumbai
ORD11822,CUST1333,PRD312,Sports,Nike,3499.00,1,2024-02-16,Bengaluru
ORD11823,CUST1487,PRD082,Home & Kitchen,Butterfly,614.00,3,2024-02-16,Ahmedabad
ORD11823,CUST1487,PRD483,Beauty,Lakme,162.00,5,2024-02-16,Ahmedabad
ORD11824,CUST1098,PRD577,Electronics,Mi,1502.00,1,2024-02-16,Delhi
ORD11824,CUST1098,PRD588,Electronics,JBL,3249.00,1,2024-02-16,Delhi
ORD11825,CUST393,PRD474,Electronics,Noise,355.00,1,2024-02-16,Hyderabad
ORD11826,CUST1134,PRD275,Electronics,JBL,464.00,2,2024-02-16,Mumbai
ORD11827,CUST906,PRD129,Home & Kitchen,Pigeon,728.00,1,2024-02-16,Kolkata
ORD11828,CUST1024,PRD564,Fashion,Peter England,647.00,1,2024-02-16,Bengaluru
ORD11829,CUST903,PRD066,Electronics,JBL,487.00,2,2024-02-16,Mumbai
ORD11829,CUST903,PRD531,Electronics,Boat,2084.00,1,2024-02-16,Mumbai
ORD11829,CUST903,PRD245,Sports,Nike,3495.00,2,2024-02-16,Mumbai
ORD11829,CUST903,PRD326,Fashion,Bata,547.00,1,2024-02-16,Mumbai
ORD11830,CUST069,PRD197,Sports,Cosco,3499.00,1,2024-02-16,Mumbai
ORD11831,CUST1268,PRD143,Books,Rupa,497.00,2,2024-02-16,Mumbai
ORD11832,CUST1304,PRD279,Fashion,Peter England,462.00,2,2024-02-16,Bengaluru
ORD11833,CUST975,PRD396,Electronics,OnePlus,887.00,1,2024-02-16,Hyderabad
ORD11833,CUST975,PRD342,Books,Westland,462.00,1,2024-02-16,Hyderabad
ORD11834,CUST182,PRD255,Books,Rupa,223.00,2,2024-02-16,Chennai
ORD11834,CUST182,PRD197,Sports,Cosco,3499.00,1,2024-02-16,Chennai
ORD11834,CUST182,PRD046,Home & Kitchen,Cello,2604.00,1,2024-02-16,Chennai
ORD11835,CUST590,PRD228,Electronics,Realme,1737.00,1,2024-02-16,Mumbai
ORD11836,CUST244,PRD430,Fashion,,527.00,1,2024-02-16,Mumbai
ORD11836,CUST244,PRD160,Home & Kitchen,Borosil,899.00,1,2024-02-16,Mumbai
ORD11836,CUST244,PRD197,Sports,Cosco,3499.00,1,2024-02-16,Mumbai
ORD11837,CUST540,PRD035,Home & Kitchen,Hawkins,438.00,3,2024-02-16,Bengaluru
ORD11837,CUST540,PRD116,Electronics,JBL,1323.00,3,2024-02-16,Bengaluru
ORD11838,CUST1213,PRD339,Electronics,OnePlus,1061.00,2,2024-02-16,Chennai
ORD11839,CUST775,PRD218,Sports,Cosco,263.00,1,2024-02-16,Delhi
ORD11840,CUST742,PRD030,Electronics,Mi,1686.00,1,2024-02-16,Mumbai
ORD11840,CUST742,PRD155,Sports,Cosco,663.00,1,2024-02-16,Mumbai
ORD11841,CUST208,PRD513,Sports,Decathlon,3680.00,1,2024-02-16,Mumbai
ORD11842,CUST192,PRD336,Electronics,Mi,185.00,1,2024-02-16,Hyderabad
ORD11842,CUST192,PRD177,Fashion,Allen Solly,640.00,1,2024-02-16,Hyderabad
ORD11843,CUST733,PRD199,Fashion,Woodland,4299.00,2,2024-02-16,Delhi
ORD11844,CUST609,PRD256,Fashion,Biba,546.00,1,2024-02-16,Mumbai
ORD11844,CUST609,PRD439,Electronics,Boat,394.00,1,2024-02-16,Mumbai
ORD11844,CUST609,PRD527,Home & Kitchen,Borosil,731.00,1,2024-02-16,Mumbai
ORD11845,CUST1203,PRD307,Books,Rupa,1199.00,1,2024-02-17,Bengaluru
ORD11846,CUST260,PRD296,Fashion,Biba,976.00,3,2024-02-17,Delhi
ORD11847,CUST218,PRD057,Electronics,Sony,1157.00,1,2024-02-17,Bengaluru
ORD11847,CUST218,PRD563,Electronics,Samsung,443.00,3,2024-02-17,Bengaluru
ORD11848,CUST513,PRD250,Home & Kitchen,Pigeon,1541.00,2,2024-02-17,Mumbai
ORD11848,CUST513,PRD344,Beauty,Lakme,222.00,5,2024-02-17,Mumbai
ORD11849,CUST1132,PRD046,Home & Kitchen,Cello,2604.00,1,2024-02-17,Bengaluru
ORD11849,CUST1132,PRD174,Fashion,Bata,1462.00,1,2024-02-17,Bengaluru
ORD11849,CUST1132,PRD427,Beauty,Biotique,217.00,1,2024-02-17,Bengaluru
ORD11850,CUST344,PRD318,Books,Westland,448.00,2,2024-02-17,Bengaluru
ORD11850,CUST344,PRD521,Beauty,Plum,303.00,5,2024-02-17,Bengaluru
ORD11851,CUST1215,PRD336,Electronics,Mi,185.00,1,2024-02-17,Bengaluru
ORD11852,CUST1342,PRD076,Sports,Nivia,579.00,1,2024-02-17,Delhi
ORD11853,CUST092,PRD225,Electronics,Samsung,469.00,1,2024-02-17,Mumbai
ORD11853,CUST092,PRD380,Home & Kitchen,Cello,1074.00,1,2024-02-17,Mumbai
ORD11853,CUST092,PRD197,Sports,Cosco,3499.00,1,2024-02-17,Mumbai
ORD11854,CUST1181,PRD140,Home & Kitchen,Prestige,2499.00,1,2024-02-17,Chennai
ORD11854,CUST1181,PRD197,Sports,Cosco,3499.00,1,2024-02-17,Chennai
ORD11855,CUST188,PRD525,Books,Bloomsbury,699.00,1,2024-02-17,Pune
ORD11856,CUST215,PRD335,Beauty,Nivea,305.00,2,2024-02-17,Chennai
ORD11857,CUST634,PRD225,Electronics,Samsung,469.00,3,2024-02-17,Delhi
ORD11857,CUST634,PRD308,Sports,Decathlon,1488.00,1,2024-02-17,Delhi
ORD11858,CUST1128,PRD168,Home & Kitchen,Prestige,1522.00,1,2024-02-17,Mumbai
ORD11858,CUST1128,PRD298,Home & Kitchen,Borosil,4499.00,1,2024-02-17,Mumbai
ORD11859,CUST661,PRD239,Fashion,Levis,644.00,1,2024-02-17,Mumbai
ORD11860,CUST1133,PRD437,Beauty,Himalaya,333.00,6,2024-02-17,Mumbai
ORD11860,CUST1133,PRD391,Fashion,Bata,1999.00,2,2024-02-17,Mumbai
ORD11861,CUST198,PRD146,Electronics,Mi,227.00,2,2024-02-17,Ahmedabad
ORD11861,CUST198,PRD407,Sports,Puma,235.00,1,2024-02-17,Ahmedabad
ORD11861,CUST198,PRD461,Fashion,Peter England,1071.00,3,2024-02-17,Ahmedabad
ORD11862,CUST064,PRD286,Electronics,Noise,437.00,1,2024-02-17,Bengaluru
ORD11863,CUST322,PRD090,Fashion,Biba,621.00,1,2024-02-17,Delhi
ORD11864,CUST622,PRD373,Fashion,Peter England,527.00,1,2024-02-17,Delhi
ORD11864,CUST622,PRD586,Fashion,Biba,738.00,1,2024-02-17,Delhi
ORD11865,CUST155,PRD519,Sports,Adidas,826.00,1,2024-02-17,Delhi
ORD11865,CUST155,PRD197,Sports,Cosco,3499.00,1,2024-02-17,Delhi
ORD11866,CUST567,PRD437,Beauty,Himalaya,333.00,2,2024-02-17,Mumbai
ORD11867,CUST130,PRD449,Sports,Decathlon,1146.00,2,2024-02-17,Delhi
ORD11868,CUST472,PRD215,Sports,Campus,638.00,3,2024-02-17,Delhi
ORD11868,CUST472,PRD280,Electronics,Apple,4376.00,1,2024-02-17,Delhi
ORD11868,CUST472,PRD044,Fashion,Woodland,1002.00,2,2024-02-17,Delhi
ORD11868,CUST472,PRD455,Electronics,Noise,1484.00,1,2024-02-17,Delhi
ORD11869,CUST1290,PRD221,Fashion,Levis,2199.00,1,2024-02-17,Mumbai
ORD11870,CUST073,PRD252,Electronics,OnePlus,270.00,1,2024-02-17,Mumbai
ORD11870,CUST073,PRD201,Fashion,Puma,841.00,1,2024-02-17,Mumbai
ORD11871,CUST401,PRD225,Electronics,Samsung,469.00,2,2024-02-17,Mumbai
ORD11872,CUST1382,PRD535,Fashion,Bata,670.00,2,2024-02-17,Bengaluru
ORD11873,CUST1421,PRD326,Fashion,Bata,547.00,1,2024-02-17,Bengaluru
ORD11874,CUST305,PRD026,Home & Kitchen,Milton,781.00,1,2024-02-17,Bengaluru
ORD11874,CUST305,PRD574,Electronics,Mi,318.00,1,2024-02-17,Bengaluru
ORD11874,CUST305,PRD225,Electronics,Samsung,469.00,1,2024-02-17,Bengaluru
ORD11875,CUST1344,PRD385,Electronics,OnePlus,2378.00,2,2024-02-17,Bengaluru
ORD11876,CUST1319,PRD094,Books,Rupa,415.00,1,2024-02-17,Mumbai
ORD11877,CUST707,PRD229,Electronics,Boat,976.00,2,2024-02-17,Mumbai
ORD11877,CUST707,PRD073,Electronics,Mi,1540.00,1,2024-02-17,Mumbai
ORD11878,CUST185,PRD407,Sports,Puma,235.00,1,2024-02-17,Pune
ORD11878,CUST185,PRD464,Books,Bloomsbury,502.00,1,2024-02-17,Pune
ORD11879,CUST086,PRD193,Sports,Nivia,1965.00,1,2024-02-17,Mumbai
ORD11879,CUST086,PRD163,Electronics,Realme,1801.00,1,2024-02-17,Mumbai
ORD11879,CUST086,PRD079,Fashion,Biba,1249.00,1,2024-02-17,Mumbai
ORD11880,CUST1442,PRD091,Home & Kitchen,Cello,349.00,4,2024-02-17,Bengaluru
ORD11880,CUST1442,PRD391,Fashion,Bata,1999.00,1,2024-02-17,Bengaluru
ORD11881,CUST592,PRD444,Electronics,Samsung,346.00,2,2024-02-17,Bengaluru
ORD11881,CUST592,PRD247,Sports,Campus,1130.00,2,2024-02-17,Bengaluru
ORD11882,CUST1245,PRD410,Electronics,OnePlus,4071.00,1,2024-02-17,Chennai
ORD11882,CUST1245,PRD415,Fashion,Woodland,2499.00,2,2024-02-17,Chennai
ORD11882,CUST1245,PRD247,Sports,Campus,1130.00,1,2024-02-17,Chennai
ORD11883,CUST331,PRD379,Electronics,Realme,3493.00,1,2024-02-17,Mumbai
ORD11884,CUST719,PRD197,Sports,Cosco,3499.00,1,2024-02-17,Delhi
ORD11885,CUST1431,PRD588,Electronics,JBL,3249.00,1,2024-02-17,Kolkata
ORD11885,CUST1431,PRD531,Electronics,Boat,2084.00,1,2024-02-17,Kolkata
ORD11886,CUST298,PRD484,Beauty,Himalaya,150.00,4,2024-02-17,Delhi
ORD11886,CUST298,PRD391,Fashion,Bata,1999.00,1,2024-02-17,Delhi
ORD11887,CUST037,PRD129,Home & Kitchen,Pigeon,728.00,1,2024-02-17,Chennai
ORD11888,CUST1499,PRD461,Fashion,Peter England,1071.00,1,2024-02-17,Ahmedabad
ORD11889,CUST1047,PRD340,Fashion,Peter England,1499.00,1,2024-02-17,Mumbai
ORD11890,CUST878,PRD457,Beauty,Himalaya,385.00,2,2024-02-17,Mumbai
ORD11890,CUST878,PRD484,Beauty,Himalaya,150.00,3,2024-02-17,Mumbai
ORD11891,CUST810,PRD496,Sports,Yonex,1064.00,1,2024-02-17,Mumbai
ORD11892,CUST371,PRD580,Sports,Nivia,762.00,1,2024-02-17,Bengaluru
ORD11893,CUST045,PRD037,Home & Kitchen,Cello,584.00,1,2024-02-17,Delhi
ORD11893,CUST045,PRD356,Electronics,Samsung,211.00,3,2024-02-17,Delhi
ORD11893,CUST045,PRD074,Beauty,Plum,209.00,2,2024-02-17,Delhi
ORD11894,CUST1108,PRD076,Sports,Nivia,579.00,2,2024-02-17,Delhi
ORD11895,CUST1294,PRD508,Electronics,Sony,1978.00,1,2024-02-17,Kolkata
ORD11896,CUST537,PRD382,Electronics,Realme,247.00,2,2024-02-17,Pune
ORD11897,CUST325,PRD284,Electronics,OnePlus,1929.00,1,2024-02-18,Mumbai
ORD11897,CUST325,PRD381,Fashion,Peter England,406.00,1,2024-02-18,Mumbai
ORD11898,CUST1021,PRD204,Electronics,Boat,1299.00,1,2024-02-18,Chennai
ORD11898,CUST1021,PRD409,Sports,Yonex,1739.00,2,2024-02-18,Chennai
ORD11898,CUST1021,PRD253,Home & Kitchen,Milton,1106.00,1,2024-02-18,Chennai
ORD11899,CUST1342,PRD381,Fashion,Peter England,406.00,2,2024-02-18,Delhi
ORD11900,CUST466,PRD426,Beauty,Biotique,492.00,2,2024-02-18,Mumbai
ORD11901,CUST765,PRD287,Beauty,Plum,178.00,1,2024-02-18,Hyderabad
ORD11902,CUST661,PRD019,Fashion,Woodland,707.00,1,2024-02-18,Mumbai
ORD11903,CUST607,PRD140,Home & Kitchen,Prestige,2499.00,1,2024-02-18,Delhi
ORD11903,CUST607,PRD464,Books,Bloomsbury,502.00,1,2024-02-18,Delhi
ORD11904,CUST539,PRD343,Home & Kitchen,Hawkins,805.00,1,2024-02-18,Kolkata
ORD11904,CUST539,PRD417,Electronics,Boult,467.00,1,2024-02-18,Kolkata
ORD11904,CUST539,PRD312,Sports,Nike,3499.00,1,2024-02-18,Kolkata
ORD11905,CUST827,PRD132,Home & Kitchen,Milton,455.00,2,2024-02-18,Delhi
ORD11906,CUST638,PRD230,Electronics,Apple,1596.00,1,2024-02-18,Bengaluru
ORD11906,CUST638,PRD368,Electronics,JBL,955.00,3,2024-02-18,Bengaluru
ORD11906,CUST638,PRD063,Electronics,JBL,1768.00,1,2024-02-18,Bengaluru
ORD11907,CUST043,PRD056,Home & Kitchen,Milton,1613.00,2,2024-02-18,Mumbai
ORD11907,CUST043,PRD069,Fashion,Woodland,1644.00,1,2024-02-18,Mumbai
ORD11907,CUST043,PRD444,Electronics,Samsung,346.00,3,2024-02-18,Mumbai
ORD11907,CUST043,PRD235,Electronics,Boult,1773.00,1,2024-02-18,Mumbai
ORD11908,CUST1276,PRD255,Books,Rupa,223.00,4,2024-02-18,Bengaluru
ORD11909,CUST866,PRD195,Books,Bloomsbury,599.00,2,2024-02-18,Pune
ORD11910,CUST792,PRD140,Home & Kitchen,Prestige,2499.00,1,2024-02-18,Pune
ORD11911,CUST877,PRD440,Beauty,Maybelline,250.00,1,2024-02-18,Ahmedabad
ORD11912,CUST1298,PRD027,Fashion,Puma,488.00,2,2024-02-18,Delhi
ORD11913,CUST1411,PRD306,Home & Kitchen,Wonderchef,732.00,1,2024-02-18,Mumbai
ORD11914,CUST489,PRD500,Electronics,Samsung,18999.00,1,2024-02-18,Mumbai
ORD11914,CUST489,PRD398,Fashion,Biba,591.00,2,2024-02-18,Mumbai
ORD11915,CUST404,PRD163,Electronics,Realme,1801.00,3,2024-02-18,Mumbai
ORD11916,CUST023,PRD238,Home & Kitchen,Borosil,948.00,1,2024-02-18,Kolkata
ORD11917,CUST1081,PRD497,Home & Kitchen,Borosil,776.00,2,2024-02-18,Hyderabad
ORD11918,CUST534,PRD129,Home & Kitchen,Pigeon,728.00,1,2024-02-18,Ahmedabad
ORD11919,CUST778,PRD001,Home & Kitchen,Prestige,1327.00,2,2024-02-18,Chennai
ORD11919,CUST778,PRD407,Sports,Puma,235.00,2,2024-02-18,Chennai
ORD11920,CUST571,PRD349,Books,Bloomsbury,864.00,1,2024-02-18,Delhi
ORD11920,CUST571,PRD324,Fashion,Allen Solly,843.00,1,2024-02-18,Delhi
ORD11920,CUST571,PRD520,Books,Bloomsbury,739.00,1,2024-02-18,Delhi
ORD11921,CUST237,PRD140,Home & Kitchen,Prestige,2499.00,1,2024-02-18,Mumbai
ORD11922,CUST339,PRD488,Beauty,Maybelline,409.00,1,2024-02-18,Bengaluru
ORD11923,CUST768,PRD336,Electronics,Mi,185.00,1,2024-02-18,Kolkata
ORD11924,CUST1206,PRD521,Beauty,Plum,303.00,1,2024-02-18,Bengaluru
ORD11924,CUST1206,PRD053,Sports,Cosco,2360.00,1,2024-02-18,Bengaluru
ORD11925,CUST379,PRD343,Home & Kitchen,Hawkins,805.00,1,2024-02-18,Bengaluru
ORD11926,CUST1379,PRD106,Sports,Nike,1746.00,1,2024-02-18,Kolkata
ORD11927,CUST108,PRD225,Electronics,Samsung,469.00,4,2024-02-18,Hyderabad
ORD11927,CUST108,PRD205,Beauty,Plum,497.00,1,2024-02-18,Hyderabad
ORD11928,CUST128,PRD532,Electronics,Noise,719.00,1,2024-02-18,Delhi
ORD11929,CUST1363,PRD410,Electronics,OnePlus,4071.00,1,2024-02-18,Kolkata
ORD11930,CUST279,PRD207,Beauty,Maybelline,467.00,2,2024-02-18,Mumbai
ORD11931,CUST494,PRD480,Sports,Nike,942.00,1,2024-02-18,Mumbai
ORD11932,CUST1271,PRD076,Sports,,579.00,1,2024-02-19,Mumbai
ORD11933,CUST528,PRD507,Books,Aleph,640.00,1,2024-02-19,Pune
ORD11933,CUST528,PRD563,Electronics,Samsung,443.00,2,2024-02-19,Pune
ORD11934,CUST456,PRD197,Sports,Cosco,3499.00,1,2024-02-19,Bengaluru
ORD11934,CUST456,PRD543,Fashion,Woodland,511.00,1,2024-02-19,Bengaluru
ORD11935,CUST1205,PRD429,Electronics,Boult,577.00,1,2024-02-19,Mumbai
ORD11936,CUST1411,PRD505,Beauty,Nivea,307.00,1,2024-02-19,Mumbai
ORD11937,CUST883,PRD391,Fashion,Bata,1999.00,2,2024-02-19,Delhi
ORD11938,CUST324,PRD325,Sports,Puma,827.00,1,2024-02-19,Pune
ORD11939,CUST707,PRD237,Electronics,Mi,1210.00,2,2024-02-19,Mumbai
ORD11939,CUST707,PRD524,Beauty,Himalaya,249.00,1,2024-02-19,Mumbai
ORD11940,CUST875,PRD170,Home & Kitchen,Hawkins,493.00,4,2024-02-19,Mumbai
ORD11941,CUST860,PRD044,Fashion,Woodland,1002.00,1,2024-02-19,Pune
ORD11942,CUST714,PRD035,Home & Kitchen,Hawkins,438.00,4,2024-02-19,Delhi
ORD11943,CUST339,PRD026,Home & Kitchen,Milton,781.00,3,2024-02-19,Bengaluru
ORD11943,CUST339,PRD443,Fashion,Puma,437.00,2,2024-02-19,Bengaluru
ORD11944,CUST1425,PRD563,Electronics,Samsung,443.00,3,2024-02-19,Bengaluru
ORD11945,CUST720,PRD007,Books,HarperCollins,336.00,4,2024-02-19,Mumbai
ORD11945,CUST720,PRD554,Home & Kitchen,Borosil,403.00,3,2024-02-19,Mumbai
ORD11946,CUST363,PRD379,Electronics,Realme,3493.00,1,2024-02-19,Hyderabad
ORD11947,CUST483,PRD445,Electronics,Samsung,236.00,4,2024-02-19,Kolkata
ORD11948,CUST438,PRD177,Fashion,Allen Solly,640.00,2,2024-02-19,Mumbai
ORD11948,CUST438,PRD307,Books,Rupa,1199.00,1,2024-02-19,Mumbai
ORD11949,CUST1241,PRD076,Sports,Nivia,579.00,1,2024-02-19,Delhi
ORD11950,CUST813,PRD439,Electronics,Boat,394.00,2,2024-02-19,Delhi
ORD11951,CUST821,PRD228,Electronics,Realme,1737.00,1,2024-02-19,Hyderabad
ORD11951,CUST821,PRD237,Electronics,Mi,1210.00,1,2024-02-19,Hyderabad
ORD11952,CUST296,PRD162,Beauty,Nivea,177.00,1,2024-02-19,Hyderabad
ORD11953,CUST907,PRD038,Fashion,Bata,691.00,1,2024-02-19,Mumbai
ORD11953,CUST907,PRD382,Electronics,Realme,247.00,1,2024-02-19,Mumbai
ORD11953,CUST907,PRD310,Sports,Decathlon,2499.00,1,2024-02-19,Mumbai
ORD11953,CUST907,PRD477,Fashion,Levis,678.00,1,2024-02-19,Mumbai
ORD11954,CUST951,PRD282,Fashion,Levis,846.00,3,2024-02-19,Kolkata
ORD11955,CUST461,PRD155,Sports,Cosco,663.00,1,2024-02-19,Delhi
ORD11956,CUST626,PRD298,Home & Kitchen,Borosil,4499.00,1,2024-02-19,Mumbai
ORD11957,CUST062,PRD070,Home & Kitchen,Wonderchef,1246.00,1,2024-02-19,Mumbai
ORD11958,CUST1002,PRD115,Fashion,Woodland,547.00,3,2024-02-19,Mumbai
ORD11959,CUST258,PRD256,Fashion,Biba,546.00,2,2024-02-19,Mumbai
ORD11960,CUST269,PRD087,Books,Rupa,699.00,1,2024-02-19,Mumbai
ORD11960,CUST269,PRD003,Electronics,JBL,3498.00,1,2024-02-19,Mumbai
ORD11960,CUST269,PRD506,Fashion,Allen Solly,745.00,2,2024-02-19,Mumbai
ORD11961,CUST259,PRD129,Home & Kitchen,Pigeon,728.00,1,2024-02-19,Hyderabad
ORD11961,CUST259,PRD385,Electronics,OnePlus,2378.00,1,2024-02-19,Hyderabad
ORD11961,CUST259,PRD328,Books,Westland,163.00,1,2024-02-19,Hyderabad
ORD11962,CUST471,PRD289,Electronics,Boult,826.00,2,2024-02-19,Mumbai
ORD11962,CUST471,PRD583,Fashion,Biba,735.00,2,2024-02-19,Mumbai
ORD11962,CUST471,PRD381,Fashion,Peter England,406.00,2,2024-02-19,Mumbai
ORD11963,CUST764,PRD181,Home & Kitchen,Wonderchef,1046.00,1,2024-02-19,Bengaluru
ORD11964,CUST1318,PRD170,Home & Kitchen,Hawkins,493.00,1,2024-02-19,Pune
ORD11964,CUST1318,PRD353,Beauty,Nivea,228.00,2,2024-02-19,Pune
ORD11964,CUST1318,PRD015,Beauty,Plum,264.00,2,2024-02-19,Pune
ORD11965,CUST067,PRD321,Beauty,Himalaya,237.00,5,2024-02-19,Mumbai
ORD11965,CUST067,PRD070,Home & Kitchen,Wonderchef,1246.00,1,2024-02-19,Mumbai
ORD11966,CUST834,PRD283,Beauty,Himalaya,318.00,2,2024-02-19,Delhi
ORD11967,CUST155,PRD521,Beauty,Plum,303.00,3,2024-02-19,Delhi
ORD11967,CUST155,PRD107,Electronics,JBL,844.00,2,2024-02-19,Delhi
ORD11968,CUST1108,PRD227,Home & Kitchen,Hawkins,1799.00,1,2024-02-19,Delhi
ORD11968,CUST1108,PRD177,Fashion,Allen Solly,640.00,1,2024-02-19,Delhi
ORD11969,CUST784,PRD362,Home & Kitchen,Wonderchef,564.00,1,2024-02-19,Hyderabad
ORD11970,CUST969,PRD470,Beauty,Plum,397.00,3,2024-02-19,Delhi
ORD11970,CUST969,PRD381,Fashion,Peter England,406.00,2,2024-02-19,Delhi
ORD11971,CUST223,PRD419,Electronics,Boat,849.00,2,2024-02-19,Mumbai
ORD11971,CUST223,PRD185,Fashion,Woodland,444.00,4,2024-02-19,Mumbai
ORD11971,CUST223,PRD228,Electronics,Realme,1737.00,1,2024-02-19,Mumbai
ORD11971,CUST223,PRD448,Fashion,Biba,920.00,3,2024-02-19,Mumbai
ORD11972,CUST1047,PRD295,Books,Rupa,420.00,8,2024-02-19,Mumbai
ORD11973,CUST938,PRD410,Electronics,OnePlus,4071.00,1,2024-02-19,Pune
ORD11973,CUST938,PRD397,Sports,Decathlon,1292.00,1,2024-02-19,Pune
ORD11974,CUST1434,PRD483,Beauty,Lakme,162.00,1,2024-02-20,Mumbai
ORD11975,CUST643,PRD110,Home & Kitchen,Cello,1832.00,1,2024-02-20,Chennai
ORD11975,CUST643,PRD180,Home & Kitchen,Cello,835.00,1,2024-02-20,Chennai
ORD11976,CUST973,PRD126,Sports,Decathlon,1107.00,2,2024-02-20,Delhi
ORD11976,CUST973,PRD229,Electronics,Boat,976.00,1,2024-02-20,Delhi
ORD11977,CUST918,PRD452,Home & Kitchen,Wonderchef,462.00,1,2024-02-20,Hyderabad
ORD11978,CUST1348,PRD340,Fashion,Peter England,1499.00,1,2024-02-20,Mumbai
ORD11979,CUST014,PRD355,Beauty,Plum,366.00,2,2024-02-20,Pune
ORD11979,CUST014,PRD290,Electronics,Apple,504.00,1,2024-02-20,Pune
ORD11980,CUST235,PRD508,Electronics,Sony,1978.00,1,2024-02-20,Chennai
ORD11980,CUST235,PRD213,Home & Kitchen,Butterfly,482.00,4,2024-02-20,Chennai
ORD11981,CUST1096,PRD328,Books,Westland,163.00,1,2024-02-20,Delhi
ORD11981,CUST1096,PRD410,Electronics,OnePlus,4071.00,1,2024-02-20,Delhi
ORD11982,CUST504,PRD238,Home & Kitchen,Borosil,948.00,1,2024-02-20,Hyderabad
ORD11983,CUST465,PRD434,Home & Kitchen,Cello,2260.00,1,2024-02-20,Bengaluru
ORD11984,CUST331,PRD218,Sports,Cosco,263.00,1,2024-02-20,Mumbai
ORD11985,CUST220,PRD272,Electronics,JBL,188.00,2,2024-02-20,Pune
ORD11986,CUST258,PRD122,Sports,Yonex,2499.00,1,2024-02-20,Mumbai
ORD11987,CUST249,PRD122,Sports,Yonex,2499.00,1,2024-02-20,Hyderabad
ORD11988,CUST592,PRD010,Beauty,,1040.00,1,2024-02-20,Bengaluru
ORD11988,CUST592,PRD163,Electronics,Realme,1801.00,1,2024-02-20,Bengaluru
ORD11988,CUST592,PRD461,Fashion,Peter England,1071.00,1,2024-02-20,Bengaluru
ORD11989,CUST204,PRD410,Electronics,OnePlus,4071.00,1,2024-02-20,Delhi
ORD11990,CUST1267,PRD357,Home & Kitchen,Milton,918.00,1,2024-02-20,Mumbai
ORD11991,CUST942,PRD550,Fashion,Biba,2786.00,1,2024-02-20,Chennai
ORD11991,CUST942,PRD022,Home & Kitchen,Hawkins,1213.00,1,2024-02-20,Chennai
ORD11992,CUST1002,PRD594,Electronics,JBL,3866.00,1,2024-02-20,Mumbai
ORD11993,CUST1398,PRD076,Sports,Nivia,579.00,1,2024-02-20,Bengaluru
ORD11994,CUST243,PRD225,Electronics,Samsung,469.00,3,2024-02-20,Mumbai
ORD11994,CUST243,PRD274,Beauty,Himalaya,188.00,2,2024-02-20,Mumbai
ORD11994,CUST243,PRD421,Electronics,Realme,507.00,1,2024-02-20,Mumbai
ORD11995,CUST1072,PRD564,Fashion,Peter England,647.00,1,2024-02-20,Mumbai
ORD11996,CUST507,PRD071,Beauty,Himalaya,243.00,1,2024-02-20,Pune
ORD11996,CUST507,PRD452,Home & Kitchen,Wonderchef,462.00,3,2024-02-20,Pune
ORD11997,CUST1452,PRD005,Electronics,JBL,3912.00,1,2024-02-20,Ahmedabad
ORD11997,CUST1452,PRD264,Home & Kitchen,Prestige,518.00,3,2024-02-20,Ahmedabad
ORD11998,CUST1285,PRD189,Electronics,Apple,2336.00,2,2024-02-20,Bengaluru
ORD11999,CUST002,PRD129,Home & Kitchen,Pigeon,728.00,2,2024-02-20,Delhi
ORD12000,CUST456,PRD233,Sports,Campus,1499.00,1,2024-02-20,Bengaluru
ORD12000,CUST456,PRD600,Fashion,Allen Solly,763.00,1,2024-02-20,Bengaluru
ORD12001,CUST1033,PRD208,Electronics,Boult,7315.00,1,2024-02-20,Chennai
ORD12001,CUST1033,PRD407,Sports,Puma,235.00,1,2024-02-20,Chennai
ORD12002,CUST039,PRD163,Electronics,Realme,1801.00,1,2024-02-20,Pune
ORD12002,CUST039,PRD200,Beauty,,209.00,1,2024-02-20,Pune
ORD12003,CUST904,PRD162,Beauty,Nivea,177.00,5,2024-02-20,Ahmedabad
ORD12004,CUST843,PRD076,Sports,Nivia,579.00,1,2024-02-20,Mumbai
ORD12004,CUST843,PRD392,Home & Kitchen,Pigeon,1205.00,1,2024-02-20,Mumbai
ORD12004,CUST843,PRD137,Home & Kitchen,Wonderchef,737.00,1,2024-02-20,Mumbai
ORD12004,CUST843,PRD553,Books,Rupa,163.00,4,2024-02-20,Mumbai
ORD12005,CUST278,PRD464,Books,,502.00,1,2024-02-20,Mumbai
ORD12005,CUST278,PRD008,Beauty,Nivea,983.00,1,2024-02-20,Mumbai
ORD12006,CUST1258,PRD468,Electronics,Mi,1890.00,2,2024-02-20,Delhi
ORD12006,CUST1258,PRD174,Fashion,Bata,1462.00,1,2024-02-20,Delhi
ORD12007,CUST944,PRD381,Fashion,Peter England,406.00,2,2024-02-20,Chennai
ORD12007,CUST944,PRD238,Home & Kitchen,Borosil,948.00,3,2024-02-20,Chennai
ORD12008,CUST675,PRD246,Sports,Decathlon,256.00,2,2024-02-20,Mumbai
ORD12008,CUST675,PRD245,Sports,Nike,3495.00,1,2024-02-20,Mumbai
ORD12009,CUST1389,PRD197,Sports,,3499.00,1,2024-02-20,Bengaluru
ORD12009,CUST1389,PRD030,Electronics,Mi,1686.00,1,2024-02-20,Bengaluru
ORD12010,CUST604,PRD198,Electronics,Samsung,341.00,1,2024-02-20,Pune
ORD12011,CUST319,PRD061,Home & Kitchen,Prestige,1999.00,1,2024-02-20,Delhi
ORD12012,CUST1398,PRD225,Electronics,Samsung,469.00,1,2024-02-20,Bengaluru
ORD12013,CUST704,PRD162,Beauty,Nivea,177.00,2,2024-02-21,Bengaluru
ORD12013,CUST704,PRD238,Home & Kitchen,Borosil,948.00,1,2024-02-21,Bengaluru
ORD12013,CUST704,PRD076,Sports,Nivia,579.00,1,2024-02-21,Bengaluru
ORD12014,CUST078,PRD225,Electronics,Samsung,469.00,8,2024-02-21,Mumbai
ORD12015,CUST490,PRD230,Electronics,Apple,1596.00,3,2024-02-21,Ahmedabad
ORD12016,CUST943,PRD410,Electronics,OnePlus,4071.00,1,2024-02-21,Pune
ORD12017,CUST226,PRD368,Electronics,JBL,955.00,1,2024-02-21,Bengaluru
ORD12018,CUST674,PRD163,Electronics,Realme,1801.00,3,2024-02-21,Mumbai
ORD12019,CUST280,PRD156,Beauty,Lakme,399.00,3,2024-02-21,Bengaluru
ORD12020,CUST175,PRD295,Books,Rupa,420.00,1,2024-02-21,Delhi
ORD12020,CUST175,PRD163,Electronics,Realme,1801.00,1,2024-02-21,Delhi
ORD12020,CUST175,PRD300,Home & Kitchen,Butterfly,1761.00,1,2024-02-21,Delhi
ORD12020,CUST175,PRD267,Sports,Campus,1579.00,1,2024-02-21,Delhi
ORD12021,CUST215,PRD400,Fashion,Sparx,1492.00,1,2024-02-21,Chennai
ORD12021,CUST215,PRD381,Fashion,Peter England,406.00,2,2024-02-21,Chennai
ORD12022,CUST1131,PRD265,Books,HarperCollins,599.00,1,2024-02-21,Chennai
ORD12023,CUST070,PRD225,Electronics,Samsung,469.00,2,2024-02-21,Chennai
ORD12024,CUST214,PRD521,Beauty,Plum,303.00,2,2024-02-21,Bengaluru
ORD12025,CUST149,PRD270,Home & Kitchen,Prestige,1377.00,1,2024-02-21,Delhi
ORD12026,CUST374,PRD171,Beauty,Lakme,599.00,1,2024-02-21,Chennai
ORD12027,CUST708,PRD500,Electronics,Samsung,18999.00,1,2024-02-21,Delhi
ORD12027,CUST708,PRD211,Sports,Adidas,1428.00,3,2024-02-21,Delhi
ORD12027,CUST708,PRD295,Books,Rupa,420.00,1,2024-02-21,Delhi
ORD12027,CUST708,PRD197,Sports,Cosco,3499.00,1,2024-02-21,Delhi
ORD12028,CUST589,PRD471,Home & Kitchen,Pigeon,1156.00,2,2024-02-21,Delhi
ORD12029,CUST240,PRD388,Books,Rupa,437.00,4,2024-02-21,Delhi
ORD12030,CUST886,PRD600,Fashion,Allen Solly,763.00,1,2024-02-21,Pune
ORD12030,CUST886,PRD107,Electronics,,844.00,2,2024-02-21,Pune
ORD12030,CUST886,PRD020,Beauty,Maybelline,169.00,1,2024-02-21,Pune
ORD12031,CUST087,PRD019,Fashion,Woodland,707.00,2,2024-02-21,Mumbai
ORD12031,CUST087,PRD310,Sports,Decathlon,2499.00,1,2024-02-21,Mumbai
ORD12032,CUST1223,PRD334,Beauty,Maybelline,599.00,1,2024-02-21,Ahmedabad
ORD12033,CUST680,PRD552,Beauty,Nivea,154.00,3,2024-02-21,Bengaluru
ORD12033,CUST680,PRD588,Electronics,JBL,3249.00,1,2024-02-21,Bengaluru
ORD12033,CUST680,PRD522,Fashion,Woodland,302.00,1,2024-02-21,Bengaluru
ORD12033,CUST680,PRD162,Beauty,Nivea,177.00,1,2024-02-21,Bengaluru
ORD12034,CUST821,PRD006,Beauty,Lakme,160.00,4,2024-02-21,Hyderabad
ORD12034,CUST821,PRD283,Beauty,Himalaya,318.00,2,2024-02-21,Hyderabad
ORD12034,CUST821,PRD540,Home & Kitchen,Cello,2999.00,2,2024-02-21,Hyderabad
ORD12034,CUST821,PRD324,Fashion,Allen Solly,843.00,1,2024-02-21,Hyderabad
ORD12035,CUST1349,PRD094,Books,Rupa,415.00,2,2024-02-21,Hyderabad
ORD12036,CUST730,PRD163,Electronics,Realme,1801.00,3,2024-02-21,Pune
ORD12037,CUST1312,PRD476,Home & Kitchen,Wonderchef,1186.00,2,2024-02-21,Bengaluru
ORD12037,CUST1312,PRD264,Home & Kitchen,Prestige,518.00,1,2024-02-21,Bengaluru
ORD12038,CUST535,PRD012,Home & Kitchen,Cello,615.00,1,2024-02-21,Bengaluru
ORD12039,CUST141,PRD225,Electronics,Samsung,469.00,8,2024-02-21,Chennai
ORD12039,CUST141,PRD185,Fashion,Woodland,444.00,2,2024-02-21,Chennai
ORD12040,CUST1054,PRD225,Electronics,Samsung,469.00,4,2024-02-21,Bengaluru
ORD12040,CUST1054,PRD252,Electronics,OnePlus,270.00,1,2024-02-21,Bengaluru
ORD12040,CUST1054,PRD357,Home & Kitchen,Milton,918.00,2,2024-02-21,Bengaluru
ORD12041,CUST1122,PRD288,Electronics,Realme,472.00,1,2024-02-21,Pune
ORD12041,CUST1122,PRD170,Home & Kitchen,Hawkins,493.00,1,2024-02-21,Pune
ORD12041,CUST1122,PRD173,Sports,Cosco,555.00,1,2024-02-21,Pune
ORD12041,CUST1122,PRD381,Fashion,Peter England,406.00,1,2024-02-21,Pune
ORD12042,CUST481,PRD317,Home & Kitchen,Butterfly,2280.00,1,2024-02-21,Bengaluru
ORD12042,CUST481,PRD511,Electronics,Boult,1972.00,1,2024-02-21,Bengaluru
ORD12043,CUST838,PRD238,Home & Kitchen,Borosil,948.00,1,2024-02-21,Mumbai
ORD12044,CUST1231,PRD385,Electronics,OnePlus,2378.00,1,2024-02-21,Mumbai
ORD12044,CUST1231,PRD298,Home & Kitchen,Borosil,4499.00,1,2024-02-21,Mumbai
ORD12044,CUST1231,PRD245,Sports,Nike,3495.00,1,2024-02-21,Mumbai
ORD12045,CUST902,PRD511,Electronics,Boult,1972.00,1,2024-02-21,Hyderabad
ORD12046,CUST253,PRD493,Home & Kitchen,Milton,722.00,1,2024-02-21,Mumbai
ORD12047,CUST744,PRD218,Sports,Cosco,263.00,1,2024-02-21,Pune
ORD12048,CUST1402,PRD105,Beauty,Biotique,179.00,1,2024-02-21,Delhi
ORD12049,CUST840,PRD322,Sports,Puma,1255.00,3,2024-02-21,Mumbai
ORD12050,CUST045,PRD228,Electronics,Realme,1737.00,1,2024-02-21,Delhi
ORD12051,CUST365,PRD208,Electronics,Boult,7315.00,1,2024-02-21,Delhi
ORD12052,CUST255,PRD391,Fashion,Bata,1999.00,2,2024-02-21,Mumbai
ORD12053,CUST066,PRD168,Home & Kitchen,Prestige,1522.00,1,2024-02-21,Bengaluru
ORD12053,CUST066,PRD340,Fashion,Peter England,1499.00,2,2024-02-21,Bengaluru
ORD12053,CUST066,PRD475,Fashion,Peter England,1447.00,1,2024-02-21,Bengaluru
ORD12054,CUST247,PRD491,Electronics,Boat,1154.00,1,2024-02-21,Pune
ORD12054,CUST247,PRD225,Electronics,Samsung,469.00,2,2024-02-21,Pune
ORD12055,CUST009,PRD134,Electronics,OnePlus,346.00,2,2024-02-21,Ahmedabad
ORD12055,CUST009,PRD540,Home & Kitchen,Cello,2999.00,1,2024-02-21,Ahmedabad
ORD12056,CUST1047,PRD538,Sports,Nivia,347.00,3,2024-02-21,Mumbai
ORD12056,CUST1047,PRD084,Fashion,Woodland,332.00,2,2024-02-21,Mumbai
ORD12057,CUST874,PRD513,Sports,Decathlon,3680.00,1,2024-02-21,Hyderabad
ORD12058,CUST140,PRD508,Electronics,Sony,1978.00,2,2024-02-21,Mumbai
ORD12058,CUST140,PRD256,Fashion,Biba,546.00,1,2024-02-21,Mumbai
ORD12058,CUST140,PRD076,Sports,Nivia,579.00,1,2024-02-21,Mumbai
ORD12058,CUST140,PRD362,Home & Kitchen,Wonderchef,564.00,1,2024-02-21,Mumbai
ORD12059,CUST1154,PRD513,Sports,Decathlon,3680.00,1,2024-02-21,Bengaluru
ORD12060,CUST1189,PRD521,Beauty,Plum,303.00,1,2024-02-21,Delhi
ORD12061,CUST440,PRD403,Books,Rupa,201.00,2,2024-02-22,Hyderabad
ORD12062,CUST1372,PRD523,Electronics,Apple,1042.00,1,2024-02-22,Pune
ORD12062,CUST1372,PRD129,Home & Kitchen,Pigeon,728.00,3,2024-02-22,Pune
ORD12062,CUST1372,PRD430,Fashion,Biba,527.00,1,2024-02-22,Pune
ORD12063,CUST138,PRD375,Home & Kitchen,Borosil,633.00,1,2024-02-22,Hyderabad
ORD12063,CUST138,PRD519,Sports,Adidas,826.00,1,2024-02-22,Hyderabad
ORD12063,CUST138,PRD581,Fashion,Woodland,637.00,1,2024-02-22,Hyderabad
ORD12064,CUST181,PRD444,Electronics,Samsung,346.00,2,2024-02-22,Chennai
ORD12065,CUST890,PRD488,Beauty,Maybelline,409.00,1,2024-02-22,Kolkata
ORD12065,CUST890,PRD332,Fashion,Biba,597.00,2,2024-02-22,Kolkata
ORD12066,CUST410,PRD306,Home & Kitchen,Wonderchef,732.00,1,2024-02-22,Mumbai
ORD12066,CUST410,PRD198,Electronics,Samsung,341.00,1,2024-02-22,Mumbai
ORD12067,CUST344,PRD094,Books,Rupa,415.00,3,2024-02-22,Bengaluru
ORD12067,CUST344,PRD155,Sports,Cosco,663.00,2,2024-02-22,Bengaluru
ORD12067,CUST344,PRD225,Electronics,,469.00,2,2024-02-22,Bengaluru
ORD12067,CUST344,PRD308,Sports,Decathlon,1488.00,1,2024-02-22,Bengaluru
ORD12068,CUST663,PRD440,Beauty,Maybelline,250.00,1,2024-02-22,Bengaluru
ORD12068,CUST663,PRD110,Home & Kitchen,Cello,1832.00,2,2024-02-22,Bengaluru
ORD12068,CUST663,PRD153,Electronics,Apple,1631.00,2,2024-02-22,Bengaluru
ORD12068,CUST663,PRD568,Fashion,Sparx,1466.00,1,2024-02-22,Bengaluru
ORD12069,CUST048,PRD583,Fashion,Biba,735.00,1,2024-02-22,Mumbai
ORD12070,CUST999,PRD157,Electronics,OnePlus,2785.00,1,2024-02-22,Kolkata
ORD12071,CUST761,PRD474,Electronics,Noise,355.00,5,2024-02-22,Mumbai
ORD12072,CUST629,PRD234,Fashion,Bata,484.00,1,2024-02-22,Delhi
ORD12072,CUST629,PRD020,Beauty,Maybelline,169.00,2,2024-02-22,Delhi
ORD12073,CUST218,PRD147,Home & Kitchen,Borosil,615.00,2,2024-02-22,Bengaluru
ORD12074,CUST1476,PRD471,Home & Kitchen,Pigeon,1156.00,1,2024-02-22,Bengaluru
ORD12074,CUST1476,PRD437,Beauty,Himalaya,333.00,5,2024-02-22,Bengaluru
ORD12074,CUST1476,PRD232,Fashion,Biba,822.00,1,2024-02-22,Bengaluru
ORD12075,CUST047,PRD101,Electronics,Boult,1168.00,1,2024-02-22,Chennai
ORD12076,CUST302,PRD352,Home & Kitchen,Prestige,460.00,2,2024-02-22,Delhi
ORD12077,CUST086,PRD177,Fashion,Allen Solly,640.00,1,2024-02-22,Mumbai
ORD12078,CUST1126,PRD443,Fashion,Puma,437.00,2,2024-02-22,Mumbai
ORD12079,CUST140,PRD223,Electronics,Samsung,450.00,5,2024-02-22,Mumbai
ORD12080,CUST1500,PRD272,Electronics,JBL,188.00,2,2024-02-22,Delhi
ORD12080,CUST1500,PRD126,Sports,Decathlon,1107.00,1,2024-02-22,Delhi
ORD12081,CUST165,PRD410,Electronics,OnePlus,4071.00,1,2024-02-22,Kolkata
ORD12081,CUST165,PRD271,Home & Kitchen,Cello,404.00,8,2024-02-22,Kolkata
ORD12082,CUST1149,PRD468,Electronics,Mi,1890.00,1,2024-02-22,Mumbai
ORD12082,CUST1149,PRD381,Fashion,Peter England,406.00,1,2024-02-22,Mumbai
ORD12083,CUST1196,PRD323,Fashion,Woodland,312.00,3,2024-02-22,Mumbai
ORD12084,CUST797,PRD508,Electronics,Sony,1978.00,2,2024-02-22,Chennai
ORD12085,CUST860,PRD082,Home & Kitchen,,614.00,1,2024-02-22,Pune
ORD12086,CUST214,PRD522,Fashion,Woodland,302.00,5,2024-02-22,Bengaluru
ORD12086,CUST214,PRD442,Electronics,Apple,1029.00,3,2024-02-22,Bengaluru
ORD12087,CUST818,PRD554,Home & Kitchen,Borosil,403.00,4,2024-02-22,Bengaluru
ORD12088,CUST606,PRD590,Fashion,Sparx,389.00,3,2024-02-22,Kolkata
ORD12089,CUST105,PRD535,Fashion,Bata,670.00,2,2024-02-22,Mumbai
ORD12089,CUST105,PRD225,Electronics,Samsung,469.00,2,2024-02-22,Mumbai
ORD12090,CUST1496,PRD456,Fashion,Sparx,519.00,1,2024-02-22,Hyderabad
ORD12091,CUST1122,PRD298,Home & Kitchen,Borosil,4499.00,1,2024-02-22,Pune
ORD12091,CUST1122,PRD006,Beauty,Lakme,160.00,1,2024-02-22,Pune
ORD12091,CUST1122,PRD156,Beauty,Lakme,399.00,6,2024-02-22,Pune
ORD12092,CUST1092,PRD140,Home & Kitchen,Prestige,2499.00,1,2024-02-22,Mumbai
ORD12092,CUST1092,PRD407,Sports,Puma,235.00,2,2024-02-22,Mumbai
ORD12093,CUST1146,PRD054,Sports,Nike,1327.00,1,2024-02-22,Delhi
ORD12094,CUST1303,PRD129,Home & Kitchen,Pigeon,728.00,2,2024-02-22,Chennai
ORD12095,CUST1015,PRD247,Sports,Campus,1130.00,2,2024-02-22,Pune
ORD12095,CUST1015,PRD357,Home & Kitchen,Milton,918.00,1,2024-02-22,Pune
ORD12096,CUST959,PRD195,Books,Bloomsbury,599.00,1,2024-02-22,Delhi
ORD12096,CUST959,PRD343,Home & Kitchen,Hawkins,805.00,1,2024-02-22,Delhi
ORD12097,CUST1090,PRD005,Electronics,JBL,3912.00,1,2024-02-22,Delhi
ORD12097,CUST1090,PRD141,Fashion,Puma,677.00,2,2024-02-22,Delhi
ORD12098,CUST1161,PRD183,Books,Aleph,566.00,1,2024-02-22,Bengaluru
ORD12098,CUST1161,PRD016,Electronics,Sony,1624.00,1,2024-02-22,Bengaluru
ORD12098,CUST1161,PRD295,Books,Rupa,420.00,2,2024-02-22,Bengaluru
ORD12099,CUST688,PRD033,Electronics,Mi,160.00,1,2024-02-22,Mumbai
ORD12100,CUST1454,PRD076,Sports,Nivia,579.00,2,2024-02-22,Bengaluru
ORD12101,CUST830,PRD488,Beauty,Maybelline,409.00,1,2024-02-22,Bengaluru
ORD12102,CUST1250,PRD155,Sports,Cosco,663.00,2,2024-02-22,Mumbai
ORD12102,CUST1250,PRD526,Beauty,Plum,712.00,1,2024-02-22,Mumbai
ORD12102,CUST1250,PRD169,Home & Kitchen,Milton,801.00,2,2024-02-22,Mumbai
ORD12103,CUST658,PRD324,Fashion,Allen Solly,843.00,1,2024-02-22,Delhi
ORD12104,CUST179,PRD222,Home & Kitchen,Cello,968.00,1,2024-02-22,Ahmedabad
ORD12105,CUST1323,PRD468,Electronics,Mi,1890.00,1,2024-02-22,Chennai
ORD12105,CUST1323,PRD236,Home & Kitchen,Butterfly,1329.00,1,2024-02-22,Chennai
ORD12106,CUST942,PRD583,Fashion,Biba,735.00,1,2024-02-23,Chennai
ORD12106,CUST942,PRD143,Books,Rupa,497.00,2,2024-02-23,Chennai
ORD12106,CUST942,PRD163,Electronics,Realme,1801.00,1,2024-02-23,Chennai
ORD12106,CUST942,PRD379,Electronics,Realme,3493.00,1,2024-02-23,Chennai
ORD12107,CUST499,PRD445,Electronics,Samsung,236.00,2,2024-02-23,Pune
ORD12107,CUST499,PRD598,Electronics,Boult,1275.00,1,2024-02-23,Pune
ORD12107,CUST499,PRD012,Home & Kitchen,Cello,615.00,1,2024-02-23,Pune
ORD12108,CUST1317,PRD392,Home & Kitchen,Pigeon,1205.00,2,2024-02-23,Delhi
ORD12109,CUST906,PRD407,Sports,Puma,235.00,1,2024-02-23,Kolkata
ORD12109,CUST906,PRD051,Fashion,Woodland,755.00,1,2024-02-23,Kolkata
ORD12110,CUST875,PRD574,Electronics,Mi,318.00,3,2024-02-23,Mumbai
ORD12111,CUST049,PRD521,Beauty,Plum,303.00,1,2024-02-23,Chennai
ORD12112,CUST157,PRD375,Home & Kitchen,Borosil,633.00,2,2024-02-23,Delhi
ORD12112,CUST157,PRD202,Sports,Nike,1517.00,1,2024-02-23,Delhi
ORD12113,CUST855,PRD521,Beauty,Plum,303.00,2,2024-02-23,Chennai
ORD12114,CUST540,PRD326,Fashion,Bata,547.00,1,2024-02-23,Bengaluru
ORD12115,CUST1010,PRD197,Sports,Cosco,3499.00,1,2024-02-23,Pune
ORD12116,CUST1122,PRD450,Sports,Adidas,413.00,3,2024-02-23,Pune
ORD12117,CUST1074,PRD577,Electronics,Mi,1502.00,2,2024-02-23,Kolkata
ORD12118,CUST1281,PRD010,Beauty,Maybelline,1040.00,1,2024-02-23,Mumbai
ORD12118,CUST1281,PRD475,Fashion,Peter England,1447.00,1,2024-02-23,Mumbai
ORD12119,CUST273,PRD163,Electronics,Realme,1801.00,1,2024-02-23,Kolkata
ORD12119,CUST273,PRD129,Home & Kitchen,Pigeon,728.00,1,2024-02-23,Kolkata
ORD12119,CUST273,PRD366,Electronics,Sony,1638.00,2,2024-02-23,Kolkata
ORD12120,CUST1316,PRD590,Fashion,Sparx,389.00,1,2024-02-23,Bengaluru
ORD12120,CUST1316,PRD332,Fashion,Biba,597.00,2,2024-02-23,Bengaluru
ORD12120,CUST1316,PRD476,Home & Kitchen,Wonderchef,1186.00,1,2024-02-23,Bengaluru
ORD12120,CUST1316,PRD460,Beauty,Lakme,252.00,2,2024-02-23,Bengaluru
ORD12121,CUST858,PRD528,Books,Bloomsbury,1299.00,1,2024-02-23,Chennai
ORD12121,CUST858,PRD480,Sports,Nike,942.00,1,2024-02-23,Chennai
ORD12121,CUST858,PRD392,Home & Kitchen,Pigeon,1205.00,1,2024-02-23,Chennai
ORD12122,CUST1389,PRD428,Electronics,OnePlus,921.00,1,2024-02-23,Bengaluru
ORD12123,CUST1455,PRD028,Electronics,Mi,576.00,1,2024-02-23,Hyderabad
ORD12124,CUST1297,PRD416,Electronics,Boat,1236.00,2,2024-02-23,Hyderabad
ORD12125,CUST474,PRD086,Sports,Decathlon,1825.00,2,2024-02-23,Hyderabad
ORD12125,CUST474,PRD441,Electronics,Sony,8613.00,1,2024-02-23,Hyderabad
ORD12126,CUST1362,PRD398,Fashion,Biba,591.00,1,2024-02-23,Delhi
ORD12127,CUST043,PRD137,Home & Kitchen,Wonderchef,737.00,1,2024-02-23,Mumbai
ORD12127,CUST043,PRD401,Electronics,Realme,1790.00,1,2024-02-23,Mumbai
ORD12128,CUST073,PRD334,Beauty,,599.00,1,2024-02-23,Mumbai
ORD12129,CUST1449,PRD247,Sports,Campus,1130.00,2,2024-02-23,Mumbai
ORD12129,CUST1449,PRD475,Fashion,Peter England,1447.00,2,2024-02-23,Mumbai
ORD12129,CUST1449,PRD126,Sports,Decathlon,1107.00,1,2024-02-23,Mumbai
ORD12130,CUST267,PRD371,Beauty,Lakme,268.00,2,2024-02-23,Bengaluru
ORD12130,CUST267,PRD444,Electronics,Samsung,346.00,1,2024-02-23,Bengaluru
ORD12130,CUST267,PRD440,Beauty,Maybelline,250.00,1,2024-02-23,Bengaluru
ORD12131,CUST628,PRD577,Electronics,Mi,1502.00,1,2024-02-23,Mumbai
ORD12131,CUST628,PRD163,Electronics,Realme,1801.00,1,2024-02-23,Mumbai
ORD12132,CUST344,PRD321,Beauty,Himalaya,237.00,2,2024-02-23,Bengaluru
ORD12133,CUST916,PRD171,Beauty,Lakme,599.00,1,2024-02-24,Chennai
ORD12133,CUST916,PRD496,Sports,Yonex,1064.00,3,2024-02-24,Chennai
ORD12134,CUST938,PRD519,Sports,Adidas,826.00,1,2024-02-24,Pune
ORD12135,CUST1298,PRD381,Fashion,Peter England,406.00,1,2024-02-24,Delhi
ORD12136,CUST1108,PRD583,Fashion,,735.00,1,2024-02-24,Delhi
ORD12137,CUST1180,PRD427,Beauty,Biotique,217.00,3,2024-02-24,Mumbai
ORD12137,CUST1180,PRD521,Beauty,Plum,303.00,2,2024-02-24,Mumbai
ORD12137,CUST1180,PRD333,Home & Kitchen,Wonderchef,422.00,1,2024-02-24,Mumbai
ORD12137,CUST1180,PRD295,Books,Rupa,420.00,2,2024-02-24,Mumbai
ORD12138,CUST539,PRD310,Sports,Decathlon,2499.00,1,2024-02-24,Kolkata
ORD12138,CUST539,PRD282,Fashion,Levis,846.00,1,2024-02-24,Kolkata
ORD12139,CUST1323,PRD445,Electronics,Samsung,236.00,1,2024-02-24,Chennai
ORD12140,CUST1397,PRD504,Electronics,Mi,155.00,1,2024-02-24,Mumbai
ORD12141,CUST220,PRD373,Fashion,Peter England,527.00,1,2024-02-24,Pune
ORD12142,CUST1191,PRD162,Beauty,Nivea,177.00,1,2024-02-24,Delhi
ORD12142,CUST1191,PRD034,Electronics,Noise,150.00,3,2024-02-24,Delhi
ORD12143,CUST372,PRD145,Electronics,Boult,241.00,6,2024-02-24,Delhi
ORD12144,CUST1455,PRD042,Home & Kitchen,Prestige,2999.00,1,2024-02-24,Hyderabad
ORD12145,CUST837,PRD406,Fashion,Levis,1299.00,1,2024-02-24,Mumbai
ORD12146,CUST1373,PRD172,Electronics,Realme,318.00,3,2024-02-24,Mumbai
ORD12146,CUST1373,PRD264,Home & Kitchen,Prestige,518.00,1,2024-02-24,Mumbai
ORD12146,CUST1373,PRD508,Electronics,Sony,1978.00,1,2024-02-24,Mumbai
ORD12146,CUST1373,PRD134,Electronics,OnePlus,346.00,2,2024-02-24,Mumbai
ORD12147,CUST353,PRD205,Beauty,Plum,497.00,5,2024-02-24,Mumbai
ORD12148,CUST665,PRD324,Fashion,Allen Solly,843.00,3,2024-02-24,Hyderabad
ORD12148,CUST665,PRD439,Electronics,Boat,394.00,6,2024-02-24,Hyderabad
ORD12149,CUST732,PRD080,Electronics,Realme,1211.00,1,2024-02-24,Delhi
ORD12150,CUST1161,PRD376,Fashion,Sparx,1189.00,1,2024-02-24,Bengaluru
ORD12151,CUST878,PRD522,Fashion,Woodland,302.00,3,2024-02-24,Mumbai
ORD12152,CUST1206,PRD240,Home & Kitchen,Pigeon,1232.00,1,2024-02-24,Bengaluru
ORD12152,CUST1206,PRD410,Electronics,OnePlus,4071.00,1,2024-02-24,Bengaluru
ORD12152,CUST1206,PRD242,Home & Kitchen,Cello,890.00,1,2024-02-24,Bengaluru
ORD12153,CUST1319,PRD163,Electronics,Realme,1801.00,3,2024-02-24,Mumbai
ORD12154,CUST259,PRD266,Beauty,Himalaya,637.00,1,2024-02-24,Hyderabad
ORD12155,CUST1193,PRD020,Beauty,Maybelline,169.00,5,2024-02-24,Mumbai
ORD12156,CUST932,PRD513,Sports,Decathlon,3680.00,1,2024-02-24,Pune
ORD12157,CUST472,PRD137,Home & Kitchen,Wonderchef,737.00,2,2024-02-24,Delhi
ORD12158,CUST1324,PRD476,Home & Kitchen,Wonderchef,1186.00,2,2024-02-24,Mumbai
ORD12159,CUST295,PRD411,Fashion,Bata,815.00,1,2024-02-24,Mumbai
ORD12160,CUST306,PRD027,Fashion,Puma,488.00,5,2024-02-24,Delhi
ORD12161,CUST090,PRD579,Beauty,Plum,661.00,1,2024-02-24,Bengaluru
ORD12162,CUST453,PRD339,Electronics,OnePlus,1061.00,1,2024-02-24,Hyderabad
ORD12163,CUST419,PRD162,Beauty,Nivea,177.00,2,2024-02-24,Delhi
ORD12163,CUST419,PRD508,Electronics,Sony,1978.00,2,2024-02-24,Delhi
ORD12163,CUST419,PRD158,Fashion,Bata,668.00,1,2024-02-24,Delhi
ORD12164,CUST1439,PRD107,Electronics,JBL,844.00,1,2024-02-24,Mumbai
ORD12165,CUST723,PRD476,Home & Kitchen,Wonderchef,1186.00,1,2024-02-24,Mumbai
ORD12165,CUST723,PRD584,Sports,Nike,202.00,2,2024-02-24,Mumbai
ORD12165,CUST723,PRD247,Sports,Campus,1130.00,2,2024-02-24,Mumbai
ORD12166,CUST123,PRD501,Electronics,Realme,1499.00,2,2024-02-24,Bengaluru
ORD12166,CUST123,PRD197,Sports,Cosco,3499.00,1,2024-02-24,Bengaluru
ORD12167,CUST447,PRD490,Electronics,Mi,1499.00,1,2024-02-24,Bengaluru
ORD12168,CUST562,PRD199,Fashion,Woodland,4299.00,1,2024-02-24,Bengaluru
ORD12168,CUST562,PRD577,Electronics,Mi,1502.00,2,2024-02-24,Bengaluru
ORD12169,CUST128,PRD574,Electronics,Mi,318.00,5,2024-02-24,Delhi
ORD12170,CUST766,PRD583,Fashion,Biba,735.00,1,2024-02-24,Mumbai
ORD12171,CUST1382,PRD208,Electronics,Boult,7315.00,1,2024-02-24,Bengaluru
ORD12171,CUST1382,PRD076,Sports,Nivia,579.00,1,2024-02-24,Bengaluru
ORD12171,CUST1382,PRD187,Home & Kitchen,Butterfly,438.00,2,2024-02-24,Bengaluru
ORD12171,CUST1382,PRD469,Fashion,Puma,616.00,1,2024-02-24,Bengaluru
ORD12172,CUST670,PRD024,Fashion,Levis,408.00,2,2024-02-24,Mumbai
ORD12172,CUST670,PRD444,Electronics,Samsung,346.00,1,2024-02-24,Mumbai
ORD12172,CUST670,PRD451,Home & Kitchen,Hawkins,1999.00,1,2024-02-24,Mumbai
ORD12172,CUST670,PRD298,Home & Kitchen,Borosil,4499.00,1,2024-02-24,Mumbai
ORD12173,CUST1060,PRD183,Books,Aleph,566.00,1,2024-02-24,Hyderabad
ORD12174,CUST1493,PRD385,Electronics,OnePlus,2378.00,2,2024-02-24,Mumbai
ORD12174,CUST1493,PRD225,Electronics,Samsung,469.00,1,2024-02-24,Mumbai
ORD12174,CUST1493,PRD577,Electronics,Mi,1502.00,2,2024-02-24,Mumbai
ORD12174,CUST1493,PRD163,Electronics,Realme,1801.00,1,2024-02-24,Mumbai
ORD12175,CUST750,PRD554,Home & Kitchen,Borosil,403.00,1,2024-02-24,Chennai
ORD12175,CUST750,PRD420,Sports,Campus,624.00,2,2024-02-24,Chennai
ORD12176,CUST1078,PRD500,Electronics,Samsung,18999.00,2,2024-02-24,Hyderabad
ORD12177,CUST1165,PRD508,Electronics,Sony,1978.00,2,2024-02-24,Mumbai
ORD12178,CUST1297,PRD295,Books,Rupa,420.00,3,2024-02-24,Hyderabad
ORD12179,CUST476,PRD197,Sports,Cosco,3499.00,1,2024-02-24,Pune
ORD12179,CUST476,PRD110,Home & Kitchen,Cello,1832.00,1,2024-02-24,Pune
ORD12180,CUST1157,PRD587,Sports,Yonex,1709.00,1,2024-02-24,Bengaluru
ORD12181,CUST827,PRD075,Fashion,Sparx,1008.00,1,2024-02-24,Delhi
ORD12182,CUST150,PRD046,Home & Kitchen,Cello,2604.00,1,2024-02-24,Kolkata
ORD12182,CUST150,PRD115,Fashion,Woodland,547.00,1,2024-02-24,Kolkata
ORD12183,CUST901,PRD277,Electronics,Samsung,2013.00,1,2024-02-24,Mumbai
ORD12184,CUST1139,PRD513,Sports,Decathlon,3680.00,1,2024-02-24,Chennai
ORD12184,CUST1139,PRD286,Electronics,Noise,437.00,2,2024-02-24,Chennai
ORD12184,CUST1139,PRD323,Fashion,Woodland,312.00,6,2024-02-24,Chennai
ORD12184,CUST1139,PRD498,Fashion,Levis,2999.00,1,2024-02-24,Chennai
ORD12185,CUST1020,PRD202,Sports,Nike,1517.00,1,2024-02-25,Chennai
ORD12186,CUST875,PRD592,Fashion,Levis,555.00,1,2024-02-25,Mumbai
ORD12187,CUST1329,PRD163,Electronics,Realme,1801.00,1,2024-02-25,Hyderabad
ORD12187,CUST1329,PRD573,Fashion,Peter England,652.00,1,2024-02-25,Hyderabad
ORD12188,CUST169,PRD346,Electronics,Mi,2922.00,1,2024-02-25,Hyderabad
ORD12189,CUST957,PRD137,Home & Kitchen,Wonderchef,737.00,2,2024-02-25,Mumbai
ORD12190,CUST583,PRD258,Books,Aleph,364.00,6,2024-02-25,Mumbai
ORD12191,CUST439,PRD326,Fashion,Bata,547.00,2,2024-02-25,Mumbai
ORD12191,CUST439,PRD521,Beauty,Plum,303.00,1,2024-02-25,Mumbai
ORD12192,CUST223,PRD126,Sports,Decathlon,1107.00,1,2024-02-25,Mumbai
ORD12192,CUST223,PRD161,Home & Kitchen,Cello,1367.00,2,2024-02-25,Mumbai
ORD12193,CUST727,PRD020,Beauty,Maybelline,169.00,3,2024-02-25,Mumbai
ORD12194,CUST765,PRD469,Fashion,Puma,616.00,1,2024-02-25,Hyderabad
ORD12195,CUST247,PRD410,Electronics,OnePlus,4071.00,1,2024-02-25,Pune
ORD12196,CUST858,PRD121,Beauty,Biotique,1199.00,1,2024-02-25,Chennai
ORD12197,CUST527,PRD249,Fashion,Levis,335.00,1,2024-02-25,Pune
ORD12197,CUST527,PRD162,Beauty,Nivea,177.00,1,2024-02-25,Pune
ORD12198,CUST331,PRD343,Home & Kitchen,Hawkins,805.00,2,2024-02-25,Mumbai
ORD12199,CUST078,PRD265,Books,HarperCollins,599.00,1,2024-02-25,Mumbai
ORD12200,CUST1347,PRD505,Beauty,Nivea,307.00,1,2024-02-25,Bengaluru
ORD12201,CUST1058,PRD307,Books,Rupa,1199.00,1,2024-02-25,Pune
ORD12201,CUST1058,PRD225,Electronics,Samsung,469.00,1,2024-02-25,Pune
ORD12202,CUST490,PRD410,Electronics,OnePlus,4071.00,1,2024-02-25,Ahmedabad
ORD12202,CUST490,PRD163,Electronics,Realme,1801.00,1,2024-02-25,Ahmedabad
ORD12203,CUST292,PRD508,Electronics,Sony,1978.00,1,2024-02-25,Mumbai
ORD12204,CUST1134,PRD212,Electronics,Boult,149.00,2,2024-02-25,Mumbai
ORD12204,CUST1134,PRD439,Electronics,Boat,394.00,6,2024-02-25,Mumbai
ORD12205,CUST631,PRD468,Electronics,Mi,1890.00,1,2024-02-25,Hyderabad
ORD12206,CUST036,PRD163,Electronics,Realme,1801.00,2,2024-02-25,Pune
ORD12206,CUST036,PRD348,Electronics,Apple,2298.00,1,2024-02-25,Pune
ORD12206,CUST036,PRD195,Books,Bloomsbury,599.00,1,2024-02-25,Pune
ORD12207,CUST735,PRD224,Sports,Nivia,634.00,1,2024-02-25,Mumbai
ORD12208,CUST425,PRD214,Fashion,Bata,650.00,1,2024-02-25,Bengaluru
ORD12209,CUST301,PRD522,Fashion,Woodland,302.00,4,2024-02-25,Mumbai
ORD12209,CUST301,PRD583,Fashion,Biba,735.00,1,2024-02-25,Mumbai
ORD12209,CUST301,PRD019,Fashion,Woodland,707.00,1,2024-02-25,Mumbai
ORD12210,CUST646,PRD521,Beauty,Plum,303.00,2,2024-02-25,Delhi
ORD12211,CUST099,PRD163,Electronics,Realme,1801.00,2,2024-02-25,Mumbai
ORD12211,CUST099,PRD391,Fashion,Bata,1999.00,1,2024-02-25,Mumbai
ORD12211,CUST099,PRD181,Home & Kitchen,Wonderchef,1046.00,1,2024-02-25,Mumbai
ORD12211,CUST099,PRD410,Electronics,OnePlus,4071.00,1,2024-02-25,Mumbai
ORD12212,CUST049,PRD508,Electronics,Sony,1978.00,2,2024-02-25,Chennai
ORD12212,CUST049,PRD383,Electronics,Apple,199.00,3,2024-02-25,Chennai
ORD12213,CUST768,PRD122,Sports,Yonex,2499.00,1,2024-02-25,Kolkata
ORD12214,CUST1202,PRD207,Beauty,Maybelline,467.00,4,2024-02-25,Pune
ORD12215,CUST1231,PRD151,Electronics,Realme,620.00,2,2024-02-25,Mumbai
ORD12216,CUST079,PRD538,Sports,Nivia,347.00,2,2024-02-25,Mumbai
ORD12216,CUST079,PRD441,Electronics,Sony,8613.00,1,2024-02-25,Mumbai
ORD12216,CUST079,PRD356,Electronics,Samsung,211.00,2,2024-02-25,Mumbai
ORD12217,CUST1240,PRD444,Electronics,Samsung,346.00,1,2024-02-25,Mumbai
ORD12218,CUST1154,PRD439,Electronics,Boat,394.00,1,2024-02-25,Bengaluru
ORD12219,CUST789,PRD140,Home & Kitchen,Prestige,2499.00,1,2024-02-25,Chennai
ORD12220,CUST309,PRD419,Electronics,Boat,849.00,1,2024-02-25,Chennai
ORD12221,CUST876,PRD600,Fashion,Allen Solly,763.00,1,2024-02-25,Kolkata
ORD12222,CUST872,PRD177,Fashion,Allen Solly,640.00,2,2024-02-25,Chennai
ORD12223,CUST1032,PRD185,Fashion,Woodland,444.00,5,2024-02-25,Delhi
ORD12223,CUST1032,PRD163,Electronics,Realme,1801.00,1,2024-02-25,Delhi
ORD12224,CUST181,PRD036,Electronics,JBL,313.00,1,2024-02-25,Chennai
ORD12225,CUST942,PRD389,Fashion,Biba,1746.00,1,2024-02-25,Chennai
ORD12225,CUST942,PRD419,Electronics,Boat,849.00,1,2024-02-25,Chennai
ORD12226,CUST478,PRD101,Electronics,Boult,1168.00,1,2024-02-25,Kolkata
ORD12227,CUST745,PRD583,Fashion,Biba,735.00,1,2024-02-25,Mumbai
ORD12228,CUST838,PRD063,Electronics,JBL,1768.00,1,2024-02-25,Mumbai
ORD12228,CUST838,PRD522,Fashion,Woodland,302.00,2,2024-02-25,Mumbai
ORD12229,CUST1335,PRD134,Electronics,OnePlus,346.00,1,2024-02-25,Hyderabad
ORD12230,CUST232,PRD471,Home & Kitchen,Pigeon,1156.00,1,2024-02-25,Delhi
ORD12231,CUST055,PRD163,Electronics,Realme,1801.00,1,2024-02-25,Hyderabad
ORD12232,CUST1455,PRD283,Beauty,Himalaya,318.00,5,2024-02-25,Hyderabad
ORD12233,CUST060,PRD290,Electronics,Apple,504.00,3,2024-02-25,Mumbai
ORD12234,CUST145,PRD227,Home & Kitchen,Hawkins,1799.00,1,2024-02-25,Mumbai
ORD12234,CUST145,PRD177,Fashion,Allen Solly,640.00,1,2024-02-25,Mumbai
ORD12235,CUST380,PRD295,Books,Rupa,420.00,1,2024-02-25,Pune
ORD12236,CUST1439,PRD163,Electronics,Realme,1801.00,1,2024-02-25,Mumbai
ORD12236,CUST1439,PRD521,Beauty,Plum,303.00,1,2024-02-25,Mumbai
ORD12237,CUST1316,PRD066,Electronics,JBL,487.00,2,2024-02-25,Bengaluru
ORD12237,CUST1316,PRD323,Fashion,Woodland,312.00,4,2024-02-25,Bengaluru
ORD12237,CUST1316,PRD104,Home & Kitchen,Butterfly,875.00,1,2024-02-25,Bengaluru
ORD12238,CUST1157,PRD497,Home & Kitchen,Borosil,776.00,1,2024-02-25,Bengaluru
ORD12239,CUST208,PRD363,Home & Kitchen,Milton,399.00,4,2024-02-25,Mumbai
ORD12239,CUST208,PRD521,Beauty,Plum,303.00,6,2024-02-25,Mumbai
ORD12239,CUST208,PRD525,Books,Bloomsbury,699.00,1,2024-02-25,Mumbai
ORD12240,CUST694,PRD140,Home & Kitchen,Prestige,2499.00,1,2024-02-25,Hyderabad
ORD12240,CUST694,PRD174,Fashion,Bata,1462.00,1,2024-02-25,Hyderabad
ORD12241,CUST1066,PRD529,Beauty,Biotique,234.00,1,2024-02-25,Kolkata
ORD12242,CUST598,PRD521,Beauty,Plum,303.00,5,2024-02-25,Delhi
ORD12243,CUST831,PRD521,Beauty,Plum,303.00,2,2024-02-25,Mumbai
ORD12244,CUST1025,PRD532,Electronics,Noise,719.00,1,2024-02-26,Kolkata
ORD12245,CUST1056,PRD165,Beauty,Nivea,321.00,3,2024-02-26,Ahmedabad
ORD12246,CUST784,PRD168,Home & Kitchen,Prestige,1522.00,1,2024-02-26,Hyderabad
ORD12247,CUST683,PRD110,Home & Kitchen,Cello,1832.00,1,2024-02-26,Mumbai
ORD12247,CUST683,PRD385,Electronics,OnePlus,2378.00,1,2024-02-26,Mumbai
ORD12247,CUST683,PRD264,Home & Kitchen,Prestige,518.00,1,2024-02-26,Mumbai
ORD12247,CUST683,PRD204,Electronics,Boat,1299.00,1,2024-02-26,Mumbai
ORD12248,CUST962,PRD051,Fashion,Woodland,755.00,1,2024-02-26,Delhi
ORD12249,CUST1268,PRD129,Home & Kitchen,Pigeon,728.00,2,2024-02-26,Mumbai
ORD12249,CUST1268,PRD163,Electronics,Realme,1801.00,1,2024-02-26,Mumbai
ORD12250,CUST1468,PRD240,Home & Kitchen,Pigeon,1232.00,1,2024-02-26,Bengaluru
ORD12251,CUST576,PRD225,Electronics,Samsung,469.00,1,2024-02-26,Mumbai
ORD12252,CUST859,PRD225,Electronics,Samsung,469.00,4,2024-02-26,Hyderabad
ORD12253,CUST159,PRD104,Home & Kitchen,Butterfly,875.00,1,2024-02-26,Bengaluru
ORD12254,CUST455,PRD284,Electronics,,1929.00,1,2024-02-26,Mumbai
ORD12255,CUST307,PRD588,Electronics,JBL,3249.00,1,2024-02-26,Delhi
ORD12255,CUST307,PRD355,Beauty,Plum,366.00,4,2024-02-26,Delhi
ORD12256,CUST1102,PRD553,Books,Rupa,163.00,1,2024-02-26,Delhi
ORD12257,CUST450,PRD583,Fashion,Biba,735.00,1,2024-02-26,Mumbai
ORD12258,CUST854,PRD168,Home & Kitchen,Prestige,1522.00,2,2024-02-26,Bengaluru
ORD12258,CUST854,PRD521,Beauty,Plum,303.00,1,2024-02-26,Bengaluru
ORD12258,CUST854,PRD519,Sports,Adidas,826.00,1,2024-02-26,Bengaluru
ORD12259,CUST142,PRD410,Electronics,OnePlus,4071.00,1,2024-02-26,Delhi
ORD12259,CUST142,PRD197,Sports,Cosco,3499.00,1,2024-02-26,Delhi
ORD12260,CUST223,PRD307,Books,Rupa,1199.00,1,2024-02-26,Mumbai
ORD12261,CUST243,PRD169,Home & Kitchen,Milton,801.00,1,2024-02-26,Mumbai
ORD12261,CUST243,PRD132,Home & Kitchen,Milton,455.00,8,2024-02-26,Mumbai
ORD12261,CUST243,PRD140,Home & Kitchen,Prestige,2499.00,1,2024-02-26,Mumbai
ORD12261,CUST243,PRD204,Electronics,Boat,1299.00,2,2024-02-26,Mumbai
ORD12262,CUST1481,PRD226,Electronics,Sony,413.00,1,2024-02-26,Kolkata
ORD12263,CUST1220,PRD440,Beauty,Maybelline,250.00,1,2024-02-26,Delhi
ORD12263,CUST1220,PRD272,Electronics,JBL,188.00,3,2024-02-26,Delhi
ORD12264,CUST678,PRD300,Home & Kitchen,Butterfly,1761.00,1,2024-02-26,Pune
ORD12265,CUST974,PRD113,Fashion,Levis,2999.00,1,2024-02-26,Ahmedabad
ORD12265,CUST974,PRD558,Sports,Adidas,858.00,1,2024-02-26,Ahmedabad
ORD12266,CUST1145,PRD379,Electronics,Realme,3493.00,1,2024-02-26,Bengaluru
ORD12267,CUST670,PRD078,Fashion,Woodland,513.00,1,2024-02-26,Mumbai
ORD12268,CUST030,PRD464,Books,Bloomsbury,502.00,1,2024-02-26,Mumbai
ORD12269,CUST728,PRD030,Electronics,Mi,1686.00,2,2024-02-26,Bengaluru
ORD12270,CUST802,PRD054,Sports,Nike,1327.00,1,2024-02-26,Delhi
ORD12271,CUST1088,PRD124,Beauty,Maybelline,221.00,5,2024-02-26,Pune
ORD12272,CUST024,PRD204,Electronics,Boat,1299.00,1,2024-02-26,Hyderabad
ORD12273,CUST168,PRD407,Sports,Puma,235.00,1,2024-02-26,Delhi
ORD12273,CUST168,PRD078,Fashion,Woodland,513.00,1,2024-02-26,Delhi
ORD12274,CUST1355,PRD096,Electronics,Mi,167.00,1,2024-02-26,Hyderabad
ORD12275,CUST166,PRD163,Electronics,Realme,1801.00,1,2024-02-26,Mumbai
ORD12276,CUST214,PRD336,Electronics,Mi,185.00,1,2024-02-26,Bengaluru
ORD12277,CUST417,PRD586,Fashion,Biba,738.00,1,2024-02-26,Mumbai
ORD12277,CUST417,PRD381,Fashion,Peter England,406.00,2,2024-02-26,Mumbai
ORD12277,CUST417,PRD168,Home & Kitchen,Prestige,1522.00,1,2024-02-26,Mumbai
ORD12278,CUST992,PRD273,Books,Bloomsbury,1199.00,1,2024-02-26,Delhi
ORD12278,CUST992,PRD110,Home & Kitchen,Cello,1832.00,1,2024-02-26,Delhi
ORD12279,CUST996,PRD343,Home & Kitchen,Hawkins,805.00,1,2024-02-26,Bengaluru
ORD12279,CUST996,PRD129,Home & Kitchen,Pigeon,728.00,1,2024-02-26,Bengaluru
ORD12279,CUST996,PRD471,Home & Kitchen,Pigeon,1156.00,2,2024-02-26,Bengaluru
ORD12280,CUST1086,PRD307,Books,Rupa,1199.00,2,2024-02-26,Delhi
ORD12281,CUST906,PRD246,Sports,Decathlon,256.00,2,2024-02-26,Kolkata
ORD12282,CUST1181,PRD168,Home & Kitchen,Prestige,1522.00,1,2024-02-26,Chennai
ORD12283,CUST1267,PRD295,Books,Rupa,420.00,2,2024-02-26,Mumbai
ORD12283,CUST1267,PRD020,Beauty,Maybelline,169.00,1,2024-02-26,Mumbai
ORD12283,CUST1267,PRD426,Beauty,Biotique,492.00,3,2024-02-26,Mumbai
ORD12284,CUST1089,PRD391,Fashion,Bata,1999.00,1,2024-02-26,Kolkata
ORD12285,CUST1044,PRD220,Books,Westland,415.00,1,2024-02-26,Ahmedabad
ORD12286,CUST951,PRD506,Fashion,Allen Solly,745.00,1,2024-02-26,Kolkata
ORD12286,CUST951,PRD391,Fashion,Bata,1999.00,1,2024-02-26,Kolkata
ORD12287,CUST049,PRD478,Electronics,OnePlus,1494.00,1,2024-02-26,Chennai
ORD12287,CUST049,PRD421,Electronics,Realme,507.00,1,2024-02-26,Chennai
ORD12288,CUST795,PRD596,Electronics,Sony,440.00,1,2024-02-26,Bengaluru
ORD12289,CUST483,PRD313,Home & Kitchen,Milton,2090.00,1,2024-02-26,Kolkata
ORD12289,CUST483,PRD381,Fashion,Peter England,406.00,3,2024-02-26,Kolkata
ORD12290,CUST1487,PRD524,Beauty,Himalaya,249.00,2,2024-02-26,Ahmedabad
ORD12291,CUST181,PRD364,Electronics,Realme,769.00,1,2024-02-26,Chennai
ORD12291,CUST181,PRD318,Books,Westland,448.00,2,2024-02-26,Chennai
ORD12292,CUST453,PRD401,Electronics,Realme,1790.00,1,2024-02-26,Hyderabad
ORD12293,CUST625,PRD559,Sports,Nivia,899.00,1,2024-02-27,Mumbai
ORD12293,CUST625,PRD142,Fashion,Peter England,1499.00,1,2024-02-27,Mumbai
ORD12294,CUST538,PRD172,Electronics,Realme,318.00,3,2024-02-27,Mumbai
ORD12295,CUST517,PRD107,Electronics,JBL,844.00,1,2024-02-27,Bengaluru
ORD12295,CUST517,PRD401,Electronics,Realme,1790.00,2,2024-02-27,Bengaluru
ORD12296,CUST641,PRD532,Electronics,Noise,719.00,1,2024-02-27,Hyderabad
ORD12297,CUST386,PRD184,Fashion,Sparx,745.00,1,2024-02-27,Kolkata
ORD12297,CUST386,PRD410,Electronics,OnePlus,4071.00,1,2024-02-27,Kolkata
ORD12297,CUST386,PRD163,Electronics,Realme,1801.00,1,2024-02-27,Kolkata
ORD12298,CUST336,PRD461,Fashion,Peter England,1071.00,1,2024-02-27,Bengaluru
ORD12299,CUST873,PRD314,Electronics,Boult,422.00,3,2024-02-27,Chennai
ORD12300,CUST491,PRD385,Electronics,OnePlus,2378.00,1,2024-02-27,Kolkata
ORD12301,CUST1011,PRD506,Fashion,Allen Solly,745.00,2,2024-02-27,Mumbai
ORD12302,CUST232,PRD521,Beauty,Plum,303.00,1,2024-02-27,Delhi
ORD12303,CUST1402,PRD129,Home & Kitchen,Pigeon,728.00,2,2024-02-27,Delhi
ORD12304,CUST001,PRD234,Fashion,Bata,484.00,1,2024-02-27,Hyderabad
ORD12305,CUST742,PRD517,Fashion,Biba,1273.00,1,2024-02-27,Mumbai
ORD12306,CUST490,PRD229,Electronics,Boat,976.00,2,2024-02-27,Ahmedabad
ORD12307,CUST467,PRD029,Beauty,Lakme,431.00,4,2024-02-27,Mumbai
ORD12307,CUST467,PRD084,Fashion,Woodland,332.00,1,2024-02-27,Mumbai
ORD12307,CUST467,PRD538,Sports,Nivia,347.00,1,2024-02-27,Mumbai
ORD12308,CUST155,PRD046,Home & Kitchen,Cello,2604.00,1,2024-02-27,Delhi
ORD12309,CUST1197,PRD129,Home & Kitchen,Pigeon,728.00,1,2024-02-27,Mumbai
ORD12309,CUST1197,PRD223,Electronics,Samsung,450.00,5,2024-02-27,Mumbai
ORD12309,CUST1197,PRD563,Electronics,Samsung,443.00,2,2024-02-27,Mumbai
ORD12310,CUST644,PRD410,Electronics,OnePlus,4071.00,1,2024-02-27,Ahmedabad
ORD12311,CUST943,PRD249,Fashion,Levis,335.00,4,2024-02-27,Pune
ORD12312,CUST1274,PRD007,Books,HarperCollins,336.00,1,2024-02-27,Bengaluru
ORD12313,CUST1377,PRD547,Electronics,JBL,812.00,1,2024-02-27,Delhi
ORD12313,CUST1377,PRD451,Home & Kitchen,Hawkins,1999.00,2,2024-02-27,Delhi
ORD12314,CUST1267,PRD132,Home & Kitchen,Milton,455.00,1,2024-02-27,Mumbai
ORD12315,CUST258,PRD291,Fashion,Woodland,831.00,1,2024-02-27,Mumbai
ORD12316,CUST745,PRD163,Electronics,Realme,1801.00,1,2024-02-27,Mumbai
ORD12316,CUST745,PRD247,Sports,Campus,1130.00,2,2024-02-27,Mumbai
ORD12316,CUST745,PRD280,Electronics,Apple,4376.00,1,2024-02-27,Mumbai
ORD12317,CUST292,PRD564,Fashion,Peter England,647.00,1,2024-02-27,Mumbai
ORD12317,CUST292,PRD481,Home & Kitchen,Butterfly,1864.00,1,2024-02-27,Mumbai
ORD12317,CUST292,PRD542,Electronics,Noise,1190.00,1,2024-02-27,Mumbai
ORD12317,CUST292,PRD522,Fashion,Woodland,302.00,1,2024-02-27,Mumbai
ORD12318,CUST1390,PRD508,Electronics,Sony,1978.00,1,2024-02-27,Hyderabad
ORD12319,CUST1451,PRD435,Home & Kitchen,Wonderchef,523.00,1,2024-02-27,Mumbai
ORD12320,CUST1161,PRD215,Sports,Campus,638.00,1,2024-02-27,Bengaluru
ORD12320,CUST1161,PRD531,Electronics,Boat,2084.00,1,2024-02-27,Bengaluru
ORD12321,CUST157,PRD401,Electronics,Realme,1790.00,2,2024-02-27,Delhi
ORD12322,CUST482,PRD439,Electronics,Boat,394.00,5,2024-02-27,Mumbai
ORD12322,CUST482,PRD443,Fashion,Puma,437.00,1,2024-02-27,Mumbai
ORD12323,CUST1206,PRD329,Electronics,OnePlus,1419.00,1,2024-02-27,Bengaluru
ORD12323,CUST1206,PRD030,Electronics,Mi,1686.00,1,2024-02-27,Bengaluru
ORD12323,CUST1206,PRD307,Books,Rupa,1199.00,1,2024-02-27,Bengaluru
ORD12324,CUST1047,PRD506,Fashion,Allen Solly,745.00,1,2024-02-27,Mumbai
ORD12324,CUST1047,PRD234,Fashion,Bata,484.00,5,2024-02-27,Mumbai
ORD12325,CUST962,PRD488,Beauty,Maybelline,409.00,4,2024-02-27,Delhi
ORD12325,CUST962,PRD410,Electronics,OnePlus,4071.00,1,2024-02-27,Delhi
ORD12326,CUST1347,PRD444,Electronics,Samsung,346.00,2,2024-02-27,Bengaluru
ORD12326,CUST1347,PRD495,Fashion,Woodland,1999.00,1,2024-02-27,Bengaluru
ORD12327,CUST196,PRD295,Books,Rupa,420.00,2,2024-02-27,Kolkata
ORD12328,CUST966,PRD171,Beauty,Lakme,599.00,1,2024-02-27,Bengaluru
ORD12329,CUST1226,PRD359,Home & Kitchen,,1125.00,2,2024-02-27,Bengaluru
ORD12330,CUST573,PRD092,Beauty,Maybelline,184.00,1,2024-02-28,Mumbai
ORD12331,CUST996,PRD126,Sports,Decathlon,1107.00,2,2024-02-28,Bengaluru
ORD12331,CUST996,PRD080,Electronics,Realme,1211.00,1,2024-02-28,Bengaluru
ORD12332,CUST1115,PRD195,Books,Bloomsbury,599.00,2,2024-02-28,Mumbai
ORD12332,CUST1115,PRD342,Books,Westland,462.00,1,2024-02-28,Mumbai
ORD12333,CUST752,PRD520,Books,Bloomsbury,739.00,1,2024-02-28,Delhi
ORD12334,CUST1385,PRD332,Fashion,Biba,597.00,1,2024-02-28,Hyderabad
ORD12335,CUST192,PRD247,Sports,Campus,1130.00,1,2024-02-28,Hyderabad
ORD12336,CUST854,PRD471,Home & Kitchen,Pigeon,1156.00,2,2024-02-28,Bengaluru
ORD12336,CUST854,PRD271,Home & Kitchen,Cello,404.00,5,2024-02-28,Bengaluru
ORD12336,CUST854,PRD472,Sports,Nivia,824.00,1,2024-02-28,Bengaluru
ORD12337,CUST792,PRD220,Books,Westland,415.00,3,2024-02-28,Pune
ORD12338,CUST147,PRD134,Electronics,OnePlus,346.00,5,2024-02-28,Bengaluru
ORD12338,CUST147,PRD190,Home & Kitchen,Cello,701.00,1,2024-02-28,Bengaluru
ORD12338,CUST147,PRD307,Books,Rupa,1199.00,1,2024-02-28,Bengaluru
ORD12339,CUST778,PRD324,Fashion,Allen Solly,843.00,2,2024-02-28,Chennai
ORD12340,CUST1268,PRD525,Books,Bloomsbury,699.00,2,2024-02-28,Mumbai
ORD12341,CUST1320,PRD532,Electronics,Noise,719.00,2,2024-02-28,Mumbai
ORD12342,CUST1194,PRD174,Fashion,Bata,1462.00,1,2024-02-28,Hyderabad
ORD12343,CUST454,PRD318,Books,Westland,448.00,1,2024-02-28,Chennai
ORD12343,CUST454,PRD513,Sports,Decathlon,3680.00,1,2024-02-28,Chennai
ORD12343,CUST454,PRD466,Books,Westland,1261.00,1,2024-02-28,Chennai
ORD12344,CUST1127,PRD142,Fashion,Peter England,1499.00,1,2024-02-28,Pune
ORD12345,CUST1499,PRD217,Beauty,Maybelline,1099.00,1,2024-02-28,Ahmedabad
ORD12346,CUST620,PRD222,Home & Kitchen,Cello,968.00,1,2024-02-28,Hyderabad
ORD12346,CUST620,PRD033,Electronics,Mi,160.00,3,2024-02-28,Hyderabad
ORD12346,CUST620,PRD057,Electronics,Sony,1157.00,1,2024-02-28,Hyderabad
ORD12346,CUST620,PRD224,Sports,Nivia,634.00,2,2024-02-28,Hyderabad
ORD12347,CUST036,PRD197,Sports,Cosco,3499.00,1,2024-02-28,Pune
ORD12347,CUST036,PRD044,Fashion,Woodland,1002.00,1,2024-02-28,Pune
ORD12348,CUST955,PRD401,Electronics,Realme,1790.00,1,2024-02-28,Chennai
ORD12348,CUST955,PRD489,Electronics,Apple,9999.00,1,2024-02-28,Chennai
ORD12348,CUST955,PRD082,Home & Kitchen,Butterfly,614.00,1,2024-02-28,Chennai
ORD12349,CUST292,PRD355,Beauty,Plum,366.00,4,2024-02-28,Mumbai
ORD12350,CUST163,PRD072,Books,Aleph,226.00,3,2024-02-28,Mumbai
ORD12351,CUST534,PRD283,Beauty,Himalaya,318.00,1,2024-02-28,Ahmedabad
ORD12352,CUST843,PRD211,Sports,Adidas,1428.00,1,2024-02-28,Mumbai
ORD12353,CUST196,PRD177,Fashion,Allen Solly,640.00,2,2024-02-28,Kolkata
ORD12354,CUST1161,PRD170,Home & Kitchen,Hawkins,493.00,1,2024-02-28,Bengaluru
ORD12355,CUST1086,PRD163,Electronics,Realme,1801.00,1,2024-02-28,Delhi
ORD12355,CUST1086,PRD574,Electronics,Mi,318.00,6,2024-02-28,Delhi
ORD12356,CUST522,PRD553,Books,Rupa,163.00,1,2024-02-28,Chennai
ORD12357,CUST161,PRD197,Sports,,3499.00,1,2024-02-28,Pune
ORD12358,CUST947,PRD577,Electronics,Mi,1502.00,1,2024-02-28,Chennai
ORD12358,CUST947,PRD498,Fashion,Levis,2999.00,1,2024-02-28,Chennai
ORD12359,CUST307,PRD076,Sports,Nivia,579.00,1,2024-02-28,Delhi
ORD12360,CUST255,PRD441,Electronics,Sony,8613.00,1,2024-02-28,Mumbai
ORD12361,CUST1261,PRD095,Home & Kitchen,Pigeon,449.00,3,2024-02-28,Mumbai
ORD12361,CUST1261,PRD577,Electronics,Mi,1502.00,1,2024-02-28,Mumbai
ORD12362,CUST622,PRD289,Electronics,Boult,826.00,1,2024-02-28,Delhi
ORD12363,CUST324,PRD225,Electronics,Samsung,469.00,3,2024-02-28,Pune
ORD12363,CUST324,PRD467,Home & Kitchen,Prestige,845.00,2,2024-02-28,Pune
ORD12363,CUST324,PRD407,Sports,Puma,235.00,2,2024-02-28,Pune
ORD12364,CUST500,PRD131,Beauty,Plum,667.00,1,2024-02-28,Chennai
ORD12364,CUST500,PRD228,Electronics,Realme,1737.00,3,2024-02-28,Chennai
ORD12364,CUST500,PRD086,Sports,Decathlon,1825.00,1,2024-02-28,Chennai
ORD12365,CUST924,PRD532,Electronics,Noise,719.00,1,2024-02-28,Chennai
ORD12366,CUST409,PRD208,Electronics,Boult,7315.00,1,2024-02-28,Mumbai
ORD12366,CUST409,PRD235,Electronics,Boult,1773.00,1,2024-02-28,Mumbai
ORD12366,CUST409,PRD325,Sports,Puma,827.00,1,2024-02-28,Mumbai
ORD12366,CUST409,PRD508,Electronics,Sony,1978.00,2,2024-02-28,Mumbai
ORD12367,CUST1036,PRD297,Home & Kitchen,Pigeon,1081.00,1,2024-02-28,Delhi
ORD12368,CUST016,PRD262,Electronics,Apple,3501.00,1,2024-02-28,Mumbai
ORD12369,CUST603,PRD285,Electronics,Sony,613.00,1,2024-02-28,Mumbai
ORD12370,CUST1494,PRD517,Fashion,Biba,1273.00,1,2024-02-28,Mumbai
ORD12371,CUST960,PRD542,Electronics,Noise,1190.00,3,2024-02-28,Ahmedabad
ORD12372,CUST1318,PRD342,Books,Westland,462.00,5,2024-02-29,Pune
ORD12373,CUST163,PRD162,Beauty,Nivea,177.00,4,2024-02-29,Mumbai
ORD12373,CUST163,PRD437,Beauty,Himalaya,333.00,1,2024-02-29,Mumbai
ORD12373,CUST163,PRD159,Home & Kitchen,Borosil,573.00,1,2024-02-29,Mumbai
ORD12374,CUST620,PRD460,Beauty,Lakme,252.00,6,2024-02-29,Hyderabad
ORD12374,CUST620,PRD255,Books,Rupa,223.00,5,2024-02-29,Hyderabad
ORD12375,CUST1449,PRD599,Electronics,Samsung,1030.00,1,2024-02-29,Mumbai
ORD12376,CUST522,PRD416,Electronics,Boat,1236.00,3,2024-02-29,Chennai
ORD12377,CUST1203,PRD225,Electronics,Samsung,469.00,8,2024-02-29,Bengaluru
ORD12377,CUST1203,PRD343,Home & Kitchen,Hawkins,805.00,1,2024-02-29,Bengaluru
ORD12378,CUST470,PRD458,Fashion,Woodland,614.00,1,2024-02-29,Kolkata
ORD12378,CUST470,PRD162,Beauty,Nivea,177.00,1,2024-02-29,Kolkata
ORD12378,CUST470,PRD521,Beauty,Plum,303.00,4,2024-02-29,Kolkata
ORD12379,CUST1337,PRD407,Sports,Puma,235.00,1,2024-02-29,Pune
ORD12380,CUST878,PRD476,Home & Kitchen,Wonderchef,1186.00,1,2024-02-29,Mumbai
ORD12380,CUST878,PRD029,Beauty,Lakme,431.00,1,2024-02-29,Mumbai
ORD12380,CUST878,PRD439,Electronics,Boat,394.00,5,2024-02-29,Mumbai
ORD12380,CUST878,PRD431,Home & Kitchen,Wonderchef,798.00,2,2024-02-29,Mumbai
ORD12381,CUST1240,PRD561,Home & Kitchen,Hawkins,1136.00,2,2024-02-29,Mumbai
ORD12382,CUST489,PRD478,Electronics,OnePlus,1494.00,1,2024-02-29,Mumbai
ORD12383,CUST340,PRD073,Electronics,Mi,1540.00,1,2024-02-29,Hyderabad
ORD12384,CUST1103,PRD089,Fashion,Peter England,652.00,1,2024-02-29,Delhi
ORD12385,CUST182,PRD035,Home & Kitchen,Hawkins,438.00,3,2024-02-29,Chennai
ORD12385,CUST182,PRD012,Home & Kitchen,Cello,615.00,2,2024-02-29,Chennai
ORD12386,CUST932,PRD030,Electronics,Mi,1686.00,1,2024-02-29,Pune
ORD12387,CUST196,PRD381,Fashion,Peter England,406.00,1,2024-02-29,Kolkata
ORD12388,CUST161,PRD509,Electronics,Noise,1956.00,2,2024-02-29,Pune
ORD12388,CUST161,PRD162,Beauty,Nivea,177.00,4,2024-02-29,Pune
ORD12389,CUST854,PRD487,Sports,Nike,721.00,3,2024-02-29,Bengaluru
ORD12390,CUST934,PRD521,Beauty,Plum,303.00,2,2024-02-29,Kolkata
ORD12391,CUST672,PRD392,Home & Kitchen,Pigeon,1205.00,1,2024-02-29,Bengaluru
ORD12392,CUST1133,PRD583,Fashion,Biba,735.00,1,2024-02-29,Mumbai
ORD12393,CUST369,PRD126,Sports,Decathlon,1107.00,1,2024-02-29,Chennai
ORD12394,CUST638,PRD299,Home & Kitchen,Borosil,457.00,2,2024-02-29,Bengaluru
ORD12394,CUST638,PRD581,Fashion,Woodland,637.00,1,2024-02-29,Bengaluru
ORD12394,CUST638,PRD506,Fashion,Allen Solly,745.00,3,2024-02-29,Bengaluru
ORD12395,CUST715,PRD328,Books,Westland,163.00,8,2024-02-29,Chennai
ORD12395,CUST715,PRD127,Beauty,Biotique,208.00,1,2024-02-29,Chennai
ORD12396,CUST351,PRD035,Home & Kitchen,Hawkins,438.00,1,2024-02-29,Bengaluru
ORD12396,CUST351,PRD372,Beauty,Biotique,415.00,4,2024-02-29,Bengaluru
ORD12396,CUST351,PRD050,Fashion,Allen Solly,312.00,1,2024-02-29,Bengaluru
ORD12397,CUST1088,PRD436,Sports,,2199.00,1,2024-02-29,Pune
ORD12397,CUST1088,PRD340,Fashion,Peter England,1499.00,1,2024-02-29,Pune
ORD12398,CUST927,PRD531,Electronics,Boat,2084.00,1,2024-02-29,Mumbai
ORD12398,CUST927,PRD018,Fashion,Puma,418.00,2,2024-02-29,Mumbai
ORD12399,CUST136,PRD588,Electronics,JBL,3249.00,1,2024-02-29,Delhi
ORD12400,CUST923,PRD484,Beauty,Himalaya,150.00,1,2024-02-29,Mumbai
ORD12400,CUST923,PRD381,Fashion,Peter England,406.00,4,2024-02-29,Mumbai
ORD12401,CUST1143,PRD522,Fashion,Woodland,302.00,2,2024-02-29,Bengaluru
ORD12402,CUST996,PRD307,Books,Rupa,1199.00,1,2024-02-29,Bengaluru
ORD12402,CUST996,PRD300,Home & Kitchen,Butterfly,1761.00,1,2024-02-29,Bengaluru
ORD12403,CUST223,PRD534,Fashion,Biba,1872.00,2,2024-02-29,Mumbai
ORD12404,CUST1267,PRD079,Fashion,Biba,1249.00,2,2024-02-29,Mumbai
ORD12405,CUST967,PRD129,Home & Kitchen,Pigeon,728.00,3,2024-02-29,Pune
ORD12405,CUST967,PRD003,Electronics,JBL,3498.00,1,2024-02-29,Pune
ORD12406,CUST611,PRD140,Home & Kitchen,Prestige,2499.00,2,2024-02-29,Chennai
ORD12407,CUST047,PRD324,Fashion,Allen Solly,843.00,1,2024-02-29,Chennai
ORD12407,CUST047,PRD011,Electronics,Noise,1933.00,1,2024-02-29,Chennai
ORD12408,CUST292,PRD522,Fashion,Woodland,302.00,2,2024-02-29,Mumbai
ORD12409,CUST574,PRD246,Sports,Decathlon,256.00,2,2024-02-29,Hyderabad
ORD12409,CUST574,PRD118,Home & Kitchen,Hawkins,2389.00,1,2024-02-29,Hyderabad
ORD12409,CUST574,PRD567,Electronics,Realme,5695.00,1,2024-02-29,Hyderabad
ORD12409,CUST574,PRD130,Electronics,Sony,897.00,2,2024-02-29,Hyderabad
ORD12410,CUST983,PRD475,Fashion,Peter England,1447.00,3,2024-02-29,Kolkata
ORD12411,CUST1250,PRD035,Home & Kitchen,Hawkins,438.00,8,2024-02-29,Mumbai
ORD12412,CUST1402,PRD461,Fashion,Peter England,1071.00,2,2024-02-29,Delhi
ORD12413,CUST372,PRD298,Home & Kitchen,Borosil,4499.00,1,2024-02-29,Delhi
ORD12414,CUST720,PRD477,Fashion,Levis,678.00,2,2024-02-29,Mumbai
ORD12414,CUST720,PRD522,Fashion,Woodland,302.00,2,2024-02-29,Mumbai
ORD12415,CUST140,PRD548,Electronics,Boult,2691.00,1,2024-02-29,Mumbai
ORD12415,CUST140,PRD404,Beauty,Nivea,493.00,3,2024-02-29,Mumbai
ORD12416,CUST403,PRD187,Home & Kitchen,Butterfly,438.00,4,2024-02-29,Pune
ORD12417,CUST380,PRD329,Electronics,OnePlus,1419.00,1,2024-02-29,Pune
ORD12417,CUST380,PRD514,Electronics,Samsung,170.00,1,2024-02-29,Pune
ORD12417,CUST380,PRD563,Electronics,Samsung,443.00,1,2024-02-29,Pune
ORD12418,CUST315,PRD563,Electronics,Samsung,443.00,1,2024-03-01,Chennai
ORD12419,CUST1226,PRD257,Electronics,Noise,430.00,1,2024-03-01,Bengaluru
ORD12420,CUST274,PRD207,Beauty,Maybelline,467.00,1,2024-03-01,Mumbai
ORD12420,CUST274,PRD294,Electronics,Mi,615.00,1,2024-03-01,Mumbai
ORD12421,CUST1299,PRD262,Electronics,Apple,3501.00,1,2024-03-01,Hyderabad
ORD12422,CUST1395,PRD295,Books,Rupa,420.00,2,2024-03-01,Mumbai
ORD12423,CUST1416,PRD220,Books,Westland,415.00,3,2024-03-01,Hyderabad
ORD12423,CUST1416,PRD563,Electronics,Samsung,443.00,5,2024-03-01,Hyderabad
ORD12424,CUST070,PRD044,Fashion,Woodland,1002.00,3,2024-03-01,Chennai
ORD12425,CUST497,PRD584,Sports,Nike,202.00,1,2024-03-01,Mumbai
ORD12426,CUST694,PRD197,Sports,Cosco,3499.00,1,2024-03-01,Hyderabad
ORD12426,CUST694,PRD455,Electronics,Noise,1484.00,1,2024-03-01,Hyderabad
ORD12426,CUST694,PRD070,Home & Kitchen,Wonderchef,1246.00,1,2024-03-01,Hyderabad
ORD12426,CUST694,PRD163,Electronics,Realme,1801.00,1,2024-03-01,Hyderabad
ORD12427,CUST1385,PRD294,Electronics,Mi,615.00,1,2024-03-01,Hyderabad
ORD12428,CUST1324,PRD561,Home & Kitchen,Hawkins,1136.00,1,2024-03-01,Mumbai
ORD12429,CUST733,PRD508,Electronics,Sony,1978.00,1,2024-03-01,Delhi
ORD12430,CUST1086,PRD265,Books,HarperCollins,599.00,1,2024-03-01,Delhi
ORD12431,CUST179,PRD301,Electronics,Boult,813.00,2,2024-03-01,Ahmedabad
ORD12432,CUST1489,PRD513,Sports,Decathlon,3680.00,1,2024-03-01,Pune
ORD12432,CUST1489,PRD391,Fashion,Bata,1999.00,2,2024-03-01,Pune
ORD12432,CUST1489,PRD126,Sports,Decathlon,1107.00,1,2024-03-01,Pune
ORD12433,CUST943,PRD163,Electronics,Realme,1801.00,2,2024-03-01,Pune
ORD12433,CUST943,PRD583,Fashion,Biba,735.00,1,2024-03-01,Pune
ORD12433,CUST943,PRD584,Sports,Nike,202.00,2,2024-03-01,Pune
ORD12434,CUST212,PRD245,Sports,Nike,3495.00,1,2024-03-01,Bengaluru
ORD12435,CUST953,PRD223,Electronics,Samsung,450.00,3,2024-03-01,Mumbai
ORD12436,CUST667,PRD197,Sports,Cosco,3499.00,1,2024-03-01,Kolkata
ORD12437,CUST520,PRD418,Home & Kitchen,Borosil,473.00,1,2024-03-01,Pune
ORD12437,CUST520,PRD246,Sports,Decathlon,256.00,4,2024-03-01,Pune
ORD12438,CUST870,PRD183,Books,Aleph,566.00,1,2024-03-01,Delhi
ORD12439,CUST620,PRD422,Sports,Cosco,864.00,1,2024-03-01,Hyderabad
ORD12440,CUST972,PRD009,Fashion,Levis,1499.00,1,2024-03-01,Mumbai
ORD12441,CUST404,PRD137,Home & Kitchen,Wonderchef,737.00,1,2024-03-01,Mumbai
ORD12442,CUST016,PRD097,Beauty,Plum,617.00,1,2024-03-01,Mumbai
ORD12443,CUST395,PRD140,Home & Kitchen,Prestige,2499.00,1,2024-03-01,Bengaluru
ORD12443,CUST395,PRD024,Fashion,Levis,408.00,1,2024-03-01,Bengaluru
ORD12443,CUST395,PRD137,Home & Kitchen,Wonderchef,737.00,1,2024-03-01,Bengaluru
ORD12443,CUST395,PRD133,Sports,Nike,1173.00,1,2024-03-01,Bengaluru
ORD12444,CUST457,PRD521,Beauty,Plum,303.00,2,2024-03-01,Delhi
ORD12444,CUST457,PRD029,Beauty,Lakme,431.00,8,2024-03-01,Delhi
ORD12445,CUST049,PRD488,Beauty,Maybelline,409.00,1,2024-03-01,Chennai
ORD12446,CUST1455,PRD200,Beauty,Biotique,209.00,2,2024-03-01,Hyderabad
ORD12446,CUST1455,PRD390,Electronics,Apple,1322.00,2,2024-03-01,Hyderabad
ORD12447,CUST597,PRD354,Electronics,Apple,474.00,5,2024-03-01,Bengaluru
ORD12448,CUST335,PRD069,Fashion,Woodland,1644.00,2,2024-03-01,Pune
ORD12448,CUST335,PRD379,Electronics,Realme,3493.00,1,2024-03-01,Pune
ORD12448,CUST335,PRD482,Electronics,Mi,1499.00,1,2024-03-01,Pune
ORD12449,CUST826,PRD389,Fashion,Biba,1746.00,1,2024-03-01,Kolkata
ORD12450,CUST440,PRD577,Electronics,Mi,1502.00,2,2024-03-01,Hyderabad
ORD12451,CUST204,PRD129,Home & Kitchen,Pigeon,728.00,1,2024-03-01,Delhi
ORD12451,CUST204,PRD444,Electronics,Samsung,346.00,4,2024-03-01,Delhi
ORD12451,CUST204,PRD472,Sports,Nivia,824.00,1,2024-03-01,Delhi
ORD12451,CUST204,PRD518,Electronics,Mi,4469.00,1,2024-03-01,Delhi
ORD12452,CUST784,PRD165,Beauty,Nivea,321.00,1,2024-03-01,Hyderabad
ORD12453,CUST472,PRD313,Home & Kitchen,Milton,2090.00,1,2024-03-01,Delhi
ORD12454,CUST607,PRD205,Beauty,Plum,497.00,1,2024-03-01,Delhi
ORD12455,CUST1186,PRD236,Home & Kitchen,Butterfly,1329.00,1,2024-03-01,Delhi
ORD12456,CUST710,PRD401,Electronics,Realme,1790.00,3,2024-03-01,Mumbai
ORD12456,CUST710,PRD517,Fashion,Biba,1273.00,2,2024-03-01,Mumbai
ORD12457,CUST168,PRD321,Beauty,Himalaya,237.00,2,2024-03-01,Delhi
ORD12457,CUST168,PRD382,Electronics,Realme,247.00,1,2024-03-01,Delhi
ORD12457,CUST168,PRD200,Beauty,Biotique,209.00,2,2024-03-01,Delhi
ORD12457,CUST168,PRD078,Fashion,Woodland,513.00,1,2024-03-01,Delhi
ORD12458,CUST788,PRD202,Sports,Nike,1517.00,1,2024-03-01,Delhi
ORD12459,CUST1316,PRD205,Beauty,Plum,497.00,1,2024-03-01,Bengaluru
ORD12460,CUST658,PRD307,Books,Rupa,1199.00,1,2024-03-01,Delhi
ORD12461,CUST518,PRD204,Electronics,Boat,1299.00,1,2024-03-01,Bengaluru
ORD12462,CUST411,PRD594,Electronics,JBL,3866.00,1,2024-03-02,Delhi
ORD12463,CUST1004,PRD529,Beauty,Biotique,234.00,2,2024-03-02,Kolkata
ORD12463,CUST1004,PRD350,Home & Kitchen,Borosil,4499.00,1,2024-03-02,Kolkata
ORD12464,CUST1152,PRD129,Home & Kitchen,Pigeon,728.00,1,2024-03-02,Pune
ORD12464,CUST1152,PRD512,Books,Westland,374.00,4,2024-03-02,Pune
ORD12465,CUST620,PRD556,Fashion,Woodland,1340.00,1,2024-03-02,Hyderabad
ORD12465,CUST620,PRD225,Electronics,Samsung,469.00,1,2024-03-02,Hyderabad
ORD12465,CUST620,PRD381,Fashion,Peter England,406.00,1,2024-03-02,Hyderabad
ORD12466,CUST058,PRD067,Fashion,Woodland,1999.00,1,2024-03-02,Bengaluru
ORD12466,CUST058,PRD575,Sports,Cosco,2199.00,1,2024-03-02,Bengaluru
ORD12467,CUST090,PRD201,Fashion,Puma,841.00,1,2024-03-02,Bengaluru
ORD12467,CUST090,PRD593,Beauty,Himalaya,289.00,2,2024-03-02,Bengaluru
ORD12468,CUST217,PRD143,Books,Rupa,497.00,1,2024-03-02,Mumbai
ORD12469,CUST401,PRD107,Electronics,JBL,844.00,2,2024-03-02,Mumbai
ORD12469,CUST401,PRD140,Home & Kitchen,Prestige,2499.00,1,2024-03-02,Mumbai
ORD12470,CUST390,PRD177,Fashion,Allen Solly,640.00,1,2024-03-02,Bengaluru
ORD12470,CUST390,PRD128,Books,Rupa,218.00,1,2024-03-02,Bengaluru
ORD12471,CUST1476,PRD158,Fashion,Bata,668.00,1,2024-03-02,Bengaluru
ORD12472,CUST513,PRD104,Home & Kitchen,Butterfly,875.00,1,2024-03-02,Mumbai
ORD12472,CUST513,PRD506,Fashion,Allen Solly,745.00,1,2024-03-02,Mumbai
ORD12473,CUST244,PRD360,Sports,Decathlon,2199.00,1,2024-03-02,Mumbai
ORD12473,CUST244,PRD208,Electronics,Boult,7315.00,1,2024-03-02,Mumbai
ORD12473,CUST244,PRD572,Electronics,Apple,1534.00,1,2024-03-02,Mumbai
ORD12473,CUST244,PRD153,Electronics,Apple,1631.00,3,2024-03-02,Mumbai
ORD12474,CUST556,PRD140,Home & Kitchen,Prestige,2499.00,1,2024-03-02,Bengaluru
ORD12475,CUST052,PRD194,Electronics,Apple,821.00,1,2024-03-02,Hyderabad
ORD12476,CUST1015,PRD293,Fashion,Levis,499.00,1,2024-03-02,Pune
ORD12476,CUST1015,PRD215,Sports,Campus,638.00,1,2024-03-02,Pune
ORD12477,CUST1266,PRD564,Fashion,Peter England,647.00,1,2024-03-02,Mumbai
ORD12478,CUST336,PRD465,Fashion,Allen Solly,715.00,3,2024-03-02,Bengaluru
ORD12478,CUST336,PRD188,Fashion,Bata,799.00,1,2024-03-02,Bengaluru
ORD12478,CUST336,PRD369,Sports,Decathlon,237.00,2,2024-03-02,Bengaluru
ORD12479,CUST1451,PRD150,Beauty,Maybelline,726.00,3,2024-03-02,Mumbai
ORD12479,CUST1451,PRD508,Electronics,Sony,1978.00,3,2024-03-02,Mumbai
ORD12479,CUST1451,PRD442,Electronics,Apple,1029.00,1,2024-03-02,Mumbai
ORD12480,CUST008,PRD361,Fashion,Allen Solly,1073.00,1,2024-03-02,Bengaluru
ORD12481,CUST1323,PRD468,Electronics,Mi,1890.00,1,2024-03-02,Chennai
ORD12482,CUST1326,PRD137,Home & Kitchen,Wonderchef,737.00,2,2024-03-02,Delhi
ORD12483,CUST720,PRD119,Fashion,Allen Solly,969.00,1,2024-03-02,Mumbai
ORD12484,CUST269,PRD433,Home & Kitchen,Pigeon,755.00,1,2024-03-02,Mumbai
ORD12485,CUST527,PRD488,Beauty,Maybelline,409.00,1,2024-03-02,Pune
ORD12486,CUST014,PRD521,Beauty,Plum,303.00,3,2024-03-02,Pune
ORD12486,CUST014,PRD225,Electronics,Samsung,469.00,6,2024-03-02,Pune
ORD12486,CUST014,PRD548,Electronics,Boult,2691.00,1,2024-03-02,Pune
ORD12487,CUST1429,PRD546,Sports,Cosco,1784.00,2,2024-03-02,Chennai
ORD12488,CUST1354,PRD584,Sports,,202.00,1,2024-03-02,Chennai
ORD12489,CUST473,PRD285,Electronics,Sony,613.00,1,2024-03-02,Pune
ORD12489,CUST473,PRD076,Sports,Nivia,579.00,1,2024-03-02,Pune
ORD12489,CUST473,PRD070,Home & Kitchen,Wonderchef,1246.00,1,2024-03-02,Pune
ORD12489,CUST473,PRD593,Beauty,Himalaya,289.00,5,2024-03-02,Pune
ORD12490,CUST1212,PRD082,Home & Kitchen,Butterfly,614.00,1,2024-03-02,Chennai
ORD12491,CUST926,PRD258,Books,Aleph,364.00,3,2024-03-02,Delhi
ORD12492,CUST1132,PRD506,Fashion,Allen Solly,745.00,1,2024-03-02,Bengaluru
ORD12492,CUST1132,PRD071,Beauty,Himalaya,243.00,8,2024-03-02,Bengaluru
ORD12493,CUST1386,PRD110,Home & Kitchen,Cello,1832.00,1,2024-03-02,Delhi
ORD12494,CUST452,PRD094,Books,Rupa,415.00,2,2024-03-02,Hyderabad
ORD12494,CUST452,PRD471,Home & Kitchen,Pigeon,1156.00,2,2024-03-02,Hyderabad
ORD12495,CUST018,PRD197,Sports,Cosco,3499.00,1,2024-03-02,Bengaluru
ORD12495,CUST018,PRD312,Sports,Nike,3499.00,1,2024-03-02,Bengaluru
ORD12495,CUST018,PRD030,Electronics,Mi,1686.00,3,2024-03-02,Bengaluru
ORD12496,CUST281,PRD030,Electronics,Mi,1686.00,1,2024-03-02,Mumbai
ORD12497,CUST1483,PRD197,Sports,Cosco,3499.00,1,2024-03-02,Mumbai
ORD12497,CUST1483,PRD163,Electronics,Realme,1801.00,2,2024-03-02,Mumbai
ORD12497,CUST1483,PRD215,Sports,Campus,638.00,1,2024-03-02,Mumbai
ORD12498,CUST026,PRD197,Sports,Cosco,3499.00,1,2024-03-02,Kolkata
ORD12498,CUST026,PRD379,Electronics,Realme,3493.00,1,2024-03-02,Kolkata
ORD12499,CUST932,PRD251,Fashion,Puma,761.00,2,2024-03-02,Pune
ORD12499,CUST932,PRD462,Electronics,Noise,2358.00,1,2024-03-02,Pune
ORD12500,CUST306,PRD152,Electronics,Sony,699.00,1,2024-03-02,Delhi
ORD12500,CUST306,PRD538,Sports,Nivia,347.00,1,2024-03-02,Delhi
ORD12500,CUST306,PRD585,Beauty,Nivea,192.00,2,2024-03-02,Delhi
ORD12501,CUST468,PRD162,Beauty,Nivea,177.00,1,2024-03-03,Delhi
ORD12502,CUST449,PRD247,Sports,Campus,1130.00,2,2024-03-03,Delhi
ORD12502,CUST449,PRD380,Home & Kitchen,Cello,1074.00,1,2024-03-03,Delhi
ORD12503,CUST1497,PRD522,Fashion,Woodland,302.00,1,2024-03-03,Bengaluru
ORD12504,CUST1411,PRD511,Electronics,Boult,1972.00,3,2024-03-03,Mumbai
ORD12504,CUST1411,PRD555,Electronics,Boult,2277.00,1,2024-03-03,Mumbai
ORD12505,CUST491,PRD092,Beauty,Maybelline,184.00,4,2024-03-03,Kolkata
ORD12505,CUST491,PRD130,Electronics,Sony,897.00,1,2024-03-03,Kolkata
ORD12506,CUST1362,PRD322,Sports,Puma,1255.00,1,2024-03-03,Delhi
ORD12507,CUST488,PRD475,Fashion,Peter England,1447.00,1,2024-03-03,Chennai
ORD12508,CUST955,PRD052,Electronics,Boult,1689.00,1,2024-03-03,Chennai
ORD12509,CUST344,PRD163,Electronics,Realme,1801.00,2,2024-03-03,Bengaluru
ORD12510,CUST1003,PRD600,Fashion,Allen Solly,763.00,2,2024-03-03,Mumbai
ORD12511,CUST1009,PRD315,Home & Kitchen,Prestige,668.00,2,2024-03-03,Kolkata
ORD12511,CUST1009,PRD434,Home & Kitchen,Cello,2260.00,1,2024-03-03,Kolkata
ORD12512,CUST773,PRD145,Electronics,Boult,241.00,1,2024-03-03,Mumbai
ORD12512,CUST773,PRD234,Fashion,Bata,484.00,2,2024-03-03,Mumbai
ORD12512,CUST773,PRD238,Home & Kitchen,Borosil,948.00,2,2024-03-03,Mumbai
ORD12513,CUST954,PRD521,Beauty,Plum,303.00,2,2024-03-03,Kolkata
ORD12513,CUST954,PRD401,Electronics,Realme,1790.00,2,2024-03-03,Kolkata
ORD12513,CUST954,PRD259,Electronics,Realme,1941.00,1,2024-03-03,Kolkata
ORD12514,CUST1440,PRD098,Fashion,Peter England,1499.00,1,2024-03-03,Mumbai
ORD12515,CUST1405,PRD541,Fashion,Biba,418.00,2,2024-03-03,Bengaluru
ORD12516,CUST598,PRD431,Home & Kitchen,Wonderchef,798.00,1,2024-03-03,Delhi
ORD12517,CUST141,PRD584,Sports,Nike,202.00,1,2024-03-03,Chennai
ORD12517,CUST141,PRD107,Electronics,JBL,844.00,2,2024-03-03,Chennai
ORD12518,CUST115,PRD124,Beauty,Maybelline,221.00,3,2024-03-03,Pune
ORD12519,CUST363,PRD250,Home & Kitchen,Pigeon,1541.00,2,2024-03-03,Hyderabad
ORD12520,CUST482,PRD439,Electronics,Boat,394.00,1,2024-03-03,Mumbai
ORD12521,CUST420,PRD335,Beauty,Nivea,305.00,5,2024-03-03,Delhi
ORD12521,CUST420,PRD262,Electronics,Apple,3501.00,1,2024-03-03,Delhi
ORD12521,CUST420,PRD316,Home & Kitchen,Milton,458.00,1,2024-03-03,Delhi
ORD12522,CUST730,PRD011,Electronics,Noise,1933.00,1,2024-03-03,Pune
ORD12523,CUST1317,PRD473,Electronics,Realme,6236.00,1,2024-03-03,Delhi
ORD12523,CUST1317,PRD438,Electronics,Realme,1087.00,1,2024-03-03,Delhi
ORD12524,CUST270,PRD107,Electronics,JBL,844.00,1,2024-03-03,Bengaluru
ORD12524,CUST270,PRD116,Electronics,JBL,1323.00,1,2024-03-03,Bengaluru
ORD12525,CUST140,PRD197,Sports,Cosco,3499.00,1,2024-03-03,Mumbai
ORD12525,CUST140,PRD357,Home & Kitchen,Milton,918.00,3,2024-03-03,Mumbai
ORD12526,CUST1382,PRD574,Electronics,Mi,318.00,8,2024-03-03,Bengaluru
ORD12527,CUST1002,PRD163,Electronics,Realme,1801.00,2,2024-03-03,Mumbai
ORD12528,CUST106,PRD195,Books,Bloomsbury,599.00,2,2024-03-03,Bengaluru
ORD12529,CUST1344,PRD500,Electronics,Samsung,18999.00,1,2024-03-03,Bengaluru
ORD12530,CUST076,PRD191,Fashion,Levis,651.00,3,2024-03-03,Chennai
ORD12531,CUST1234,PRD521,Beauty,Plum,303.00,3,2024-03-03,Delhi
ORD12532,CUST865,PRD052,Electronics,Boult,1689.00,3,2024-03-03,Ahmedabad
ORD12533,CUST629,PRD422,Sports,Cosco,864.00,2,2024-03-03,Delhi
ORD12534,CUST886,PRD110,Home & Kitchen,Cello,1832.00,1,2024-03-03,Pune
ORD12535,CUST1441,PRD077,Electronics,Samsung,3801.00,1,2024-03-03,Bengaluru
ORD12535,CUST1441,PRD471,Home & Kitchen,Pigeon,1156.00,1,2024-03-03,Bengaluru
ORD12535,CUST1441,PRD354,Electronics,Apple,474.00,1,2024-03-03,Bengaluru
ORD12536,CUST759,PRD103,Fashion,Woodland,1106.00,2,2024-03-03,Mumbai
ORD12537,CUST1428,PRD521,Beauty,Plum,303.00,1,2024-03-03,Mumbai
ORD12537,CUST1428,PRD080,Electronics,Realme,1211.00,3,2024-03-03,Mumbai
ORD12538,CUST370,PRD348,Electronics,Apple,2298.00,2,2024-03-03,Bengaluru
ORD12538,CUST370,PRD163,Electronics,Realme,1801.00,1,2024-03-03,Bengaluru
ORD12538,CUST370,PRD134,Electronics,OnePlus,346.00,1,2024-03-03,Bengaluru
ORD12538,CUST370,PRD410,Electronics,OnePlus,4071.00,1,2024-03-03,Bengaluru
ORD12539,CUST037,PRD300,Home & Kitchen,Butterfly,1761.00,1,2024-03-03,Chennai
ORD12539,CUST037,PRD260,Home & Kitchen,Borosil,352.00,1,2024-03-03,Chennai
ORD12539,CUST037,PRD589,Fashion,Allen Solly,661.00,1,2024-03-03,Chennai
ORD12539,CUST037,PRD381,Fashion,Peter England,406.00,8,2024-03-03,Chennai
ORD12540,CUST503,PRD270,Home & Kitchen,Prestige,1377.00,1,2024-03-03,Mumbai
ORD12540,CUST503,PRD524,Beauty,Himalaya,249.00,4,2024-03-03,Mumbai
ORD12541,CUST1486,PRD395,Beauty,Maybelline,618.00,1,2024-03-03,Chennai
ORD12542,CUST1430,PRD203,Sports,Campus,720.00,2,2024-03-03,Mumbai
ORD12542,CUST1430,PRD247,Sports,Campus,1130.00,1,2024-03-03,Mumbai
ORD12543,CUST279,PRD317,Home & Kitchen,Butterfly,2280.00,1,2024-03-03,Mumbai
ORD12544,CUST1163,PRD526,Beauty,Plum,712.00,1,2024-03-03,Delhi
ORD12544,CUST1163,PRD443,Fashion,Puma,437.00,5,2024-03-03,Delhi
ORD12544,CUST1163,PRD491,Electronics,Boat,1154.00,2,2024-03-03,Delhi
ORD12545,CUST218,PRD134,Electronics,OnePlus,346.00,4,2024-03-03,Bengaluru
ORD12545,CUST218,PRD574,Electronics,Mi,318.00,1,2024-03-03,Bengaluru
ORD12545,CUST218,PRD394,Home & Kitchen,Butterfly,1799.00,1,2024-03-03,Bengaluru
ORD12546,CUST900,PRD313,Home & Kitchen,Milton,2090.00,1,2024-03-03,Bengaluru
ORD12546,CUST900,PRD233,Sports,Campus,1499.00,2,2024-03-03,Bengaluru
ORD12546,CUST900,PRD381,Fashion,Peter England,406.00,6,2024-03-03,Bengaluru
ORD12546,CUST900,PRD011,Electronics,Noise,1933.00,1,2024-03-03,Bengaluru
ORD12547,CUST419,PRD509,Electronics,Noise,1956.00,1,2024-03-03,Delhi
ORD12548,CUST1420,PRD431,Home & Kitchen,Wonderchef,798.00,1,2024-03-03,Chennai
ORD12549,CUST454,PRD392,Home & Kitchen,Pigeon,1205.00,1,2024-03-03,Chennai
ORD12549,CUST454,PRD129,Home & Kitchen,Pigeon,728.00,1,2024-03-03,Chennai
ORD12550,CUST1147,PRD234,Fashion,Bata,484.00,1,2024-03-03,Chennai
ORD12551,CUST1249,PRD197,Sports,Cosco,3499.00,1,2024-03-04,Delhi
ORD12552,CUST268,PRD215,Sports,Campus,638.00,1,2024-03-04,Chennai
ORD12552,CUST268,PRD283,Beauty,Himalaya,318.00,1,2024-03-04,Chennai
ORD12553,CUST007,PRD486,Electronics,Sony,907.00,1,2024-03-04,Mumbai
ORD12554,CUST055,PRD530,Home & Kitchen,Prestige,1101.00,3,2024-03-04,Hyderabad
ORD12555,CUST1355,PRD222,Home & Kitchen,Cello,968.00,1,2024-03-04,Hyderabad
ORD12555,CUST1355,PRD134,Electronics,OnePlus,346.00,1,2024-03-04,Hyderabad
ORD12555,CUST1355,PRD280,Electronics,Apple,4376.00,1,2024-03-04,Hyderabad
ORD12556,CUST1130,PRD523,Electronics,Apple,1042.00,2,2024-03-04,Pune
ORD12556,CUST1130,PRD154,Beauty,Lakme,404.00,2,2024-03-04,Pune
ORD12557,CUST182,PRD030,Electronics,Mi,1686.00,1,2024-03-04,Chennai
ORD12558,CUST1241,PRD508,Electronics,Sony,1978.00,2,2024-03-04,Delhi
ORD12559,CUST670,PRD410,Electronics,OnePlus,4071.00,1,2024-03-04,Mumbai
ORD12559,CUST670,PRD163,Electronics,Realme,1801.00,1,2024-03-04,Mumbai
ORD12559,CUST670,PRD343,Home & Kitchen,Hawkins,805.00,1,2024-03-04,Mumbai
ORD12559,CUST670,PRD262,Electronics,Apple,3501.00,1,2024-03-04,Mumbai
ORD12560,CUST554,PRD325,Sports,Puma,827.00,1,2024-03-04,Bengaluru
ORD12561,CUST044,PRD443,Fashion,Puma,437.00,3,2024-03-04,Bengaluru
ORD12562,CUST1089,PRD078,Fashion,Woodland,513.00,1,2024-03-04,Kolkata
ORD12563,CUST214,PRD452,Home & Kitchen,Wonderchef,462.00,2,2024-03-04,Bengaluru
ORD12563,CUST214,PRD307,Books,Rupa,1199.00,1,2024-03-04,Bengaluru
ORD12564,CUST594,PRD076,Sports,Nivia,579.00,1,2024-03-04,Delhi
ORD12565,CUST325,PRD176,Home & Kitchen,Borosil,459.00,1,2024-03-04,Mumbai
ORD12565,CUST325,PRD315,Home & Kitchen,Prestige,668.00,1,2024-03-04,Mumbai
ORD12566,CUST492,PRD129,Home & Kitchen,Pigeon,728.00,1,2024-03-04,Delhi
ORD12566,CUST492,PRD264,Home & Kitchen,Prestige,518.00,1,2024-03-04,Delhi
ORD12566,CUST492,PRD240,Home & Kitchen,Pigeon,1232.00,1,2024-03-04,Delhi
ORD12567,CUST1451,PRD111,Beauty,Nivea,266.00,2,2024-03-04,Mumbai
ORD12567,CUST1451,PRD264,Home & Kitchen,Prestige,518.00,1,2024-03-04,Mumbai
ORD12567,CUST1451,PRD238,Home & Kitchen,Borosil,948.00,2,2024-03-04,Mumbai
ORD12567,CUST1451,PRD092,Beauty,Maybelline,184.00,1,2024-03-04,Mumbai
ORD12568,CUST769,PRD439,Electronics,Boat,394.00,2,2024-03-04,Pune
ORD12569,CUST1154,PRD179,Electronics,Noise,1044.00,1,2024-03-04,Bengaluru
ORD12570,CUST936,PRD163,Electronics,Realme,1801.00,2,2024-03-04,Bengaluru
ORD12571,CUST1009,PRD584,Sports,Nike,202.00,1,2024-03-04,Kolkata
ORD12572,CUST1029,PRD094,Books,Rupa,415.00,1,2024-03-04,Delhi
ORD12573,CUST973,PRD476,Home & Kitchen,Wonderchef,1186.00,2,2024-03-04,Delhi
ORD12574,CUST159,PRD476,Home & Kitchen,Wonderchef,1186.00,1,2024-03-04,Bengaluru
ORD12575,CUST1316,PRD434,Home & Kitchen,Cello,2260.00,1,2024-03-04,Bengaluru
ORD12576,CUST784,PRD029,Beauty,Lakme,431.00,3,2024-03-04,Hyderabad
ORD12576,CUST784,PRD471,Home & Kitchen,Pigeon,1156.00,1,2024-03-04,Hyderabad
ORD12577,CUST766,PRD174,Fashion,Bata,1462.00,1,2024-03-04,Mumbai
ORD12578,CUST1429,PRD238,Home & Kitchen,Borosil,948.00,1,2024-03-04,Chennai
ORD12579,CUST971,PRD163,Electronics,Realme,1801.00,1,2024-03-04,Mumbai
ORD12580,CUST465,PRD174,Fashion,Bata,1462.00,1,2024-03-04,Bengaluru
ORD12580,CUST465,PRD587,Sports,Yonex,1709.00,3,2024-03-04,Bengaluru
ORD12580,CUST465,PRD452,Home & Kitchen,Wonderchef,462.00,6,2024-03-04,Bengaluru
ORD12580,CUST465,PRD226,Electronics,Sony,413.00,1,2024-03-04,Bengaluru
ORD12581,CUST1254,PRD063,Electronics,JBL,1768.00,1,2024-03-04,Bengaluru
ORD12582,CUST723,PRD122,Sports,Yonex,2499.00,1,2024-03-04,Mumbai
ORD12583,CUST1024,PRD220,Books,Westland,415.00,2,2024-03-04,Bengaluru
ORD12584,CUST228,PRD488,Beauty,Maybelline,409.00,2,2024-03-04,Pune
ORD12585,CUST1379,PRD225,Electronics,Samsung,469.00,1,2024-03-04,Kolkata
ORD12586,CUST145,PRD373,Fashion,Peter England,527.00,3,2024-03-04,Mumbai
ORD12587,CUST312,PRD401,Electronics,Realme,1790.00,1,2024-03-04,Delhi
ORD12588,CUST488,PRD197,Sports,Cosco,3499.00,1,2024-03-04,Chennai
ORD12588,CUST488,PRD262,Electronics,Apple,3501.00,1,2024-03-04,Chennai
ORD12588,CUST488,PRD522,Fashion,Woodland,302.00,2,2024-03-04,Chennai
ORD12588,CUST488,PRD463,Beauty,Plum,432.00,2,2024-03-04,Chennai
ORD12589,CUST410,PRD590,Fashion,Sparx,389.00,1,2024-03-04,Mumbai
ORD12590,CUST587,PRD439,Electronics,Boat,394.00,1,2024-03-04,Chennai
ORD12591,CUST447,PRD307,Books,Rupa,1199.00,3,2024-03-04,Bengaluru
ORD12592,CUST1416,PRD071,Beauty,Himalaya,243.00,3,2024-03-04,Hyderabad
ORD12593,CUST168,PRD332,Fashion,Biba,597.00,2,2024-03-04,Delhi
ORD12594,CUST1274,PRD500,Electronics,Samsung,18999.00,2,2024-03-04,Bengaluru
ORD12594,CUST1274,PRD480,Sports,Nike,942.00,1,2024-03-04,Bengaluru
ORD12594,CUST1274,PRD587,Sports,Yonex,1709.00,2,2024-03-04,Bengaluru
ORD12595,CUST548,PRD521,Beauty,Plum,303.00,1,2024-03-04,Bengaluru
ORD12596,CUST419,PRD430,Fashion,Biba,527.00,1,2024-03-04,Delhi
ORD12597,CUST1430,PRD343,Home & Kitchen,Hawkins,805.00,1,2024-03-04,Mumbai
ORD12597,CUST1430,PRD187,Home & Kitchen,Butterfly,438.00,3,2024-03-04,Mumbai
ORD12598,CUST1190,PRD163,Electronics,Realme,1801.00,1,2024-03-04,Bengaluru
ORD12599,CUST889,PRD204,Electronics,Boat,1299.00,1,2024-03-04,Bengaluru
ORD12600,CUST308,PRD137,Home & Kitchen,Wonderchef,737.00,1,2024-03-04,Pune
ORD12601,CUST1157,PRD175,Beauty,Biotique,574.00,1,2024-03-04,Bengaluru
ORD12602,CUST811,PRD175,Beauty,Biotique,574.00,1,2024-03-04,Kolkata
ORD12602,CUST811,PRD220,Books,Westland,415.00,1,2024-03-04,Kolkata
ORD12603,CUST491,PRD410,Electronics,OnePlus,4071.00,1,2024-03-04,Kolkata
ORD12604,CUST688,PRD356,Electronics,Samsung,211.00,3,2024-03-04,Mumbai
ORD12605,CUST949,PRD019,Fashion,Woodland,707.00,2,2024-03-04,Chennai
ORD12606,CUST192,PRD508,Electronics,Sony,1978.00,1,2024-03-05,Hyderabad
ORD12607,CUST545,PRD113,Fashion,Levis,2999.00,1,2024-03-05,Mumbai
ORD12608,CUST1266,PRD068,Fashion,Peter England,1019.00,1,2024-03-05,Mumbai
ORD12609,CUST660,PRD518,Electronics,Mi,4469.00,1,2024-03-05,Mumbai
ORD12610,CUST952,PRD521,Beauty,Plum,303.00,4,2024-03-05,Bengaluru
ORD12611,CUST376,PRD267,Sports,Campus,1579.00,1,2024-03-05,Pune
ORD12612,CUST499,PRD228,Electronics,Realme,1737.00,1,2024-03-05,Pune
ORD12612,CUST499,PRD152,Electronics,Sony,699.00,1,2024-03-05,Pune
ORD12613,CUST166,PRD429,Electronics,,577.00,1,2024-03-05,Mumbai
ORD12614,CUST1258,PRD315,Home & Kitchen,Prestige,668.00,1,2024-03-05,Delhi
ORD12615,CUST410,PRD521,Beauty,Plum,303.00,1,2024-03-05,Mumbai
ORD12615,CUST410,PRD427,Beauty,Biotique,217.00,4,2024-03-05,Mumbai
ORD12616,CUST626,PRD407,Sports,Puma,235.00,2,2024-03-05,Mumbai
ORD12617,CUST1443,PRD410,Electronics,OnePlus,4071.00,1,2024-03-05,Hyderabad
ORD12618,CUST534,PRD128,Books,Rupa,218.00,1,2024-03-05,Ahmedabad
ORD12619,CUST1467,PRD080,Electronics,Realme,1211.00,1,2024-03-05,Delhi
ORD12619,CUST1467,PRD398,Fashion,Biba,591.00,1,2024-03-05,Delhi
ORD12620,CUST078,PRD475,Fashion,Peter England,1447.00,1,2024-03-05,Mumbai
ORD12621,CUST851,PRD508,Electronics,Sony,1978.00,1,2024-03-05,Delhi
ORD12621,CUST851,PRD163,Electronics,Realme,1801.00,2,2024-03-05,Delhi
ORD12621,CUST851,PRD030,Electronics,Mi,1686.00,2,2024-03-05,Delhi
ORD12622,CUST1164,PRD076,Sports,Nivia,579.00,1,2024-03-05,Pune
ORD12623,CUST409,PRD444,Electronics,Samsung,346.00,5,2024-03-05,Mumbai
ORD12624,CUST341,PRD096,Electronics,Mi,167.00,3,2024-03-05,Delhi
ORD12624,CUST341,PRD363,Home & Kitchen,Milton,399.00,3,2024-03-05,Delhi
ORD12625,CUST858,PRD392,Home & Kitchen,Pigeon,1205.00,1,2024-03-05,Chennai
ORD12625,CUST858,PRD289,Electronics,Boult,826.00,1,2024-03-05,Chennai
ORD12626,CUST1304,PRD286,Electronics,Noise,437.00,5,2024-03-05,Bengaluru
ORD12627,CUST1172,PRD357,Home & Kitchen,Milton,918.00,1,2024-03-05,Mumbai
ORD12628,CUST857,PRD020,Beauty,Maybelline,169.00,2,2024-03-05,Mumbai
ORD12629,CUST1276,PRD225,Electronics,Samsung,469.00,3,2024-03-05,Bengaluru
ORD12629,CUST1276,PRD295,Books,Rupa,420.00,8,2024-03-05,Bengaluru
ORD12630,CUST276,PRD225,Electronics,Samsung,469.00,4,2024-03-05,Delhi
ORD12631,CUST258,PRD076,Sports,Nivia,579.00,1,2024-03-05,Mumbai
ORD12631,CUST258,PRD132,Home & Kitchen,Milton,455.00,1,2024-03-05,Mumbai
ORD12632,CUST1442,PRD444,Electronics,Samsung,346.00,1,2024-03-05,Bengaluru
ORD12633,CUST1362,PRD226,Electronics,Sony,413.00,4,2024-03-05,Delhi
ORD12634,CUST223,PRD416,Electronics,Boat,1236.00,1,2024-03-05,Mumbai
ORD12635,CUST1316,PRD178,Beauty,Maybelline,1099.00,1,2024-03-05,Bengaluru
ORD12635,CUST1316,PRD076,Sports,Nivia,579.00,1,2024-03-05,Bengaluru
ORD12635,CUST1316,PRD563,Electronics,Samsung,443.00,1,2024-03-05,Bengaluru
ORD12635,CUST1316,PRD344,Beauty,Lakme,222.00,1,2024-03-05,Bengaluru
ORD12636,CUST1115,PRD387,Electronics,Realme,315.00,5,2024-03-05,Mumbai
ORD12637,CUST1251,PRD324,Fashion,Allen Solly,843.00,1,2024-03-05,Chennai
ORD12638,CUST612,PRD522,Fashion,Woodland,302.00,2,2024-03-05,Kolkata
ORD12639,CUST1378,PRD310,Sports,Decathlon,2499.00,1,2024-03-05,Mumbai
ORD12640,CUST084,PRD263,Electronics,JBL,1847.00,1,2024-03-05,Delhi
ORD12640,CUST084,PRD133,Sports,Nike,1173.00,1,2024-03-05,Delhi
ORD12640,CUST084,PRD073,Electronics,Mi,1540.00,1,2024-03-05,Delhi
ORD12641,CUST1011,PRD307,Books,Rupa,1199.00,1,2024-03-05,Mumbai
ORD12642,CUST1023,PRD427,Beauty,Biotique,217.00,4,2024-03-05,Chennai
ORD12643,CUST1430,PRD372,Beauty,Biotique,415.00,4,2024-03-06,Mumbai
ORD12643,CUST1430,PRD385,Electronics,OnePlus,2378.00,1,2024-03-06,Mumbai
ORD12644,CUST206,PRD186,Beauty,Himalaya,288.00,1,2024-03-06,Mumbai
ORD12645,CUST056,PRD010,Beauty,Maybelline,1040.00,2,2024-03-06,Mumbai
ORD12645,CUST056,PRD180,Home & Kitchen,Cello,835.00,1,2024-03-06,Mumbai
ORD12646,CUST877,PRD434,Home & Kitchen,Cello,2260.00,1,2024-03-06,Ahmedabad
ORD12646,CUST877,PRD153,Electronics,Apple,1631.00,1,2024-03-06,Ahmedabad
ORD12646,CUST877,PRD080,Electronics,Realme,1211.00,1,2024-03-06,Ahmedabad
ORD12647,CUST947,PRD226,Electronics,Sony,413.00,2,2024-03-06,Chennai
ORD12648,CUST778,PRD461,Fashion,Peter England,1071.00,1,2024-03-06,Chennai
ORD12648,CUST778,PRD359,Home & Kitchen,Milton,1125.00,2,2024-03-06,Chennai
ORD12649,CUST360,PRD383,Electronics,Apple,199.00,1,2024-03-06,Pune
ORD12650,CUST1311,PRD488,Beauty,Maybelline,409.00,3,2024-03-06,Bengaluru
ORD12650,CUST1311,PRD439,Electronics,Boat,394.00,4,2024-03-06,Bengaluru
ORD12650,CUST1311,PRD461,Fashion,Peter England,1071.00,2,2024-03-06,Bengaluru
ORD12650,CUST1311,PRD464,Books,Bloomsbury,502.00,3,2024-03-06,Bengaluru
ORD12651,CUST386,PRD177,Fashion,Allen Solly,640.00,2,2024-03-06,Kolkata
ORD12651,CUST386,PRD208,Electronics,Boult,7315.00,1,2024-03-06,Kolkata
ORD12651,CUST386,PRD203,Sports,Campus,720.00,1,2024-03-06,Kolkata
ORD12652,CUST1013,PRD247,Sports,Campus,1130.00,1,2024-03-06,Bengaluru
ORD12653,CUST1482,PRD298,Home & Kitchen,Borosil,4499.00,1,2024-03-06,Bengaluru
ORD12654,CUST1061,PRD395,Beauty,Maybelline,618.00,1,2024-03-06,Bengaluru
ORD12654,CUST1061,PRD336,Electronics,Mi,185.00,1,2024-03-06,Bengaluru
ORD12654,CUST1061,PRD379,Electronics,Realme,3493.00,1,2024-03-06,Bengaluru
ORD12655,CUST752,PRD393,Fashion,Allen Solly,521.00,1,2024-03-06,Delhi
ORD12656,CUST272,PRD403,Books,Rupa,201.00,1,2024-03-06,Delhi
ORD12657,CUST1186,PRD506,Fashion,Allen Solly,745.00,2,2024-03-06,Delhi
ORD12657,CUST1186,PRD471,Home & Kitchen,Pigeon,1156.00,1,2024-03-06,Delhi
ORD12658,CUST1267,PRD401,Electronics,Realme,1790.00,1,2024-03-06,Mumbai
ORD12658,CUST1267,PRD576,Beauty,Plum,177.00,1,2024-03-06,Mumbai
ORD12659,CUST1010,PRD588,Electronics,JBL,3249.00,1,2024-03-06,Pune
ORD12660,CUST512,PRD132,Home & Kitchen,Milton,455.00,2,2024-03-06,Bengaluru
ORD12661,CUST142,PRD225,Electronics,Samsung,469.00,5,2024-03-06,Delhi
ORD12661,CUST142,PRD076,Sports,Nivia,579.00,3,2024-03-06,Delhi
ORD12661,CUST142,PRD511,Electronics,Boult,1972.00,1,2024-03-06,Delhi
ORD12661,CUST142,PRD163,Electronics,Realme,1801.00,2,2024-03-06,Delhi
ORD12662,CUST235,PRD265,Books,HarperCollins,599.00,1,2024-03-06,Chennai
ORD12663,CUST1003,PRD493,Home & Kitchen,Milton,722.00,1,2024-03-06,Mumbai
ORD12664,CUST575,PRD427,Beauty,Biotique,217.00,3,2024-03-07,Hyderabad
ORD12665,CUST1306,PRD289,Electronics,Boult,826.00,1,2024-03-07,Delhi
ORD12666,CUST717,PRD491,Electronics,Boat,1154.00,1,2024-03-07,Bengaluru
ORD12667,CUST1270,PRD573,Fashion,Peter England,652.00,1,2024-03-07,Pune
ORD12668,CUST472,PRD162,Beauty,Nivea,177.00,1,2024-03-07,Delhi
ORD12668,CUST472,PRD274,Beauty,Himalaya,188.00,1,2024-03-07,Delhi
ORD12669,CUST1389,PRD312,Sports,Nike,3499.00,1,2024-03-07,Bengaluru
ORD12669,CUST1389,PRD500,Electronics,Samsung,18999.00,1,2024-03-07,Bengaluru
ORD12669,CUST1389,PRD473,Electronics,Realme,6236.00,1,2024-03-07,Bengaluru
ORD12670,CUST270,PRD238,Home & Kitchen,Borosil,948.00,1,2024-03-07,Bengaluru
ORD12670,CUST270,PRD508,Electronics,Sony,1978.00,1,2024-03-07,Bengaluru
ORD12671,CUST1115,PRD126,Sports,Decathlon,1107.00,1,2024-03-07,Mumbai
ORD12671,CUST1115,PRD461,Fashion,Peter England,1071.00,1,2024-03-07,Mumbai
ORD12672,CUST707,PRD140,Home & Kitchen,Prestige,2499.00,1,2024-03-07,Mumbai
ORD12672,CUST707,PRD522,Fashion,Woodland,302.00,3,2024-03-07,Mumbai
ORD12672,CUST707,PRD006,Beauty,Lakme,160.00,6,2024-03-07,Mumbai
ORD12672,CUST707,PRD464,Books,Bloomsbury,502.00,2,2024-03-07,Mumbai
ORD12673,CUST1236,PRD370,Fashion,Biba,1058.00,1,2024-03-07,Delhi
ORD12673,CUST1236,PRD351,Electronics,Noise,344.00,2,2024-03-07,Delhi
ORD12674,CUST246,PRD579,Beauty,Plum,661.00,1,2024-03-07,Mumbai
ORD12675,CUST1289,PRD582,Sports,Decathlon,1095.00,1,2024-03-07,Hyderabad
ORD12675,CUST1289,PRD247,Sports,Campus,1130.00,1,2024-03-07,Hyderabad
ORD12676,CUST009,PRD275,Electronics,JBL,464.00,3,2024-03-07,Ahmedabad
ORD12677,CUST1072,PRD195,Books,Bloomsbury,599.00,1,2024-03-07,Mumbai
ORD12678,CUST911,PRD322,Sports,Puma,1255.00,3,2024-03-07,Mumbai
ORD12679,CUST499,PRD280,Electronics,Apple,4376.00,1,2024-03-07,Pune
ORD12680,CUST1098,PRD010,Beauty,Maybelline,1040.00,1,2024-03-07,Delhi
ORD12680,CUST1098,PRD197,Sports,Cosco,3499.00,1,2024-03-07,Delhi
ORD12680,CUST1098,PRD535,Fashion,Bata,670.00,1,2024-03-07,Delhi
ORD12681,CUST1062,PRD111,Beauty,Nivea,266.00,1,2024-03-07,Chennai
ORD12682,CUST421,PRD443,Fashion,Puma,437.00,3,2024-03-07,Ahmedabad
ORD12683,CUST456,PRD215,Sports,Campus,638.00,1,2024-03-07,Bengaluru
ORD12684,CUST1316,PRD385,Electronics,OnePlus,2378.00,1,2024-03-07,Bengaluru
ORD12685,CUST250,PRD161,Home & Kitchen,Cello,1367.00,1,2024-03-07,Delhi
ORD12686,CUST137,PRD225,Electronics,Samsung,469.00,2,2024-03-07,Mumbai
ORD12686,CUST137,PRD366,Electronics,Sony,1638.00,2,2024-03-07,Mumbai
ORD12686,CUST137,PRD235,Electronics,Boult,1773.00,1,2024-03-07,Mumbai
ORD12687,CUST570,PRD197,Sports,Cosco,3499.00,1,2024-03-07,Hyderabad
ORD12688,CUST1317,PRD447,Fashion,Sparx,974.00,1,2024-03-07,Delhi
ORD12688,CUST1317,PRD430,Fashion,Biba,527.00,1,2024-03-07,Delhi
ORD12688,CUST1317,PRD172,Electronics,Realme,318.00,1,2024-03-07,Delhi
ORD12689,CUST866,PRD406,Fashion,Levis,1299.00,1,2024-03-07,Pune
ORD12690,CUST057,PRD494,Fashion,Sparx,605.00,3,2024-03-07,Bengaluru
ORD12691,CUST1322,PRD060,Books,HarperCollins,785.00,2,2024-03-07,Delhi
ORD12691,CUST1322,PRD080,Electronics,Realme,1211.00,1,2024-03-07,Delhi
ORD12692,CUST594,PRD153,Electronics,Apple,1631.00,2,2024-03-07,Delhi
ORD12692,CUST594,PRD115,Fashion,Woodland,547.00,1,2024-03-07,Delhi
ORD12693,CUST1198,PRD508,Electronics,Sony,1978.00,1,2024-03-07,Kolkata
ORD12694,CUST048,PRD137,Home & Kitchen,Wonderchef,737.00,1,2024-03-07,Mumbai
ORD12695,CUST1194,PRD217,Beauty,Maybelline,1099.00,3,2024-03-07,Hyderabad
ORD12695,CUST1194,PRD522,Fashion,Woodland,302.00,3,2024-03-07,Hyderabad
ORD12695,CUST1194,PRD508,Electronics,Sony,1978.00,1,2024-03-07,Hyderabad
ORD12695,CUST1194,PRD100,Electronics,Boat,413.00,4,2024-03-07,Hyderabad
ORD12696,CUST1378,PRD176,Home & Kitchen,Borosil,459.00,3,2024-03-07,Mumbai
ORD12697,CUST1257,PRD118,Home & Kitchen,Hawkins,2389.00,1,2024-03-07,Ahmedabad
ORD12697,CUST1257,PRD104,Home & Kitchen,,875.00,2,2024-03-07,Ahmedabad
ORD12698,CUST1032,PRD163,Electronics,Realme,1801.00,1,2024-03-07,Delhi
ORD12699,CUST1220,PRD429,Electronics,Boult,577.00,1,2024-03-07,Delhi
ORD12700,CUST641,PRD373,Fashion,Peter England,527.00,1,2024-03-07,Hyderabad
ORD12701,CUST907,PRD140,Home & Kitchen,Prestige,2499.00,1,2024-03-07,Mumbai
ORD12701,CUST907,PRD234,Fashion,Bata,484.00,3,2024-03-07,Mumbai
ORD12702,CUST1379,PRD163,Electronics,Realme,1801.00,2,2024-03-07,Kolkata
ORD12703,CUST469,PRD324,Fashion,Allen Solly,843.00,3,2024-03-07,Pune
ORD12703,CUST469,PRD247,Sports,Campus,1130.00,2,2024-03-07,Pune
ORD12704,CUST549,PRD204,Electronics,Boat,1299.00,1,2024-03-07,Delhi
ORD12705,CUST1090,PRD163,Electronics,Realme,1801.00,1,2024-03-07,Delhi
ORD12706,CUST056,PRD506,Fashion,Allen Solly,745.00,1,2024-03-07,Mumbai
ORD12707,CUST688,PRD483,Beauty,Lakme,162.00,5,2024-03-07,Mumbai
ORD12708,CUST671,PRD333,Home & Kitchen,Wonderchef,422.00,1,2024-03-08,Kolkata
ORD12709,CUST1363,PRD046,Home & Kitchen,Cello,2604.00,1,2024-03-08,Kolkata
ORD12710,CUST1379,PRD197,Sports,Cosco,3499.00,1,2024-03-08,Kolkata
ORD12711,CUST1033,PRD437,Beauty,Himalaya,333.00,1,2024-03-08,Chennai
ORD12712,CUST002,PRD345,Home & Kitchen,Prestige,4499.00,1,2024-03-08,Delhi
ORD12713,CUST191,PRD508,Electronics,Sony,1978.00,1,2024-03-08,Delhi
ORD12713,CUST191,PRD225,Electronics,Samsung,469.00,2,2024-03-08,Delhi
ORD12714,CUST428,PRD080,Electronics,Realme,1211.00,1,2024-03-08,Bengaluru
ORD12715,CUST1038,PRD444,Electronics,Samsung,346.00,4,2024-03-08,Mumbai
ORD12715,CUST1038,PRD304,Sports,Campus,1385.00,1,2024-03-08,Mumbai
ORD12715,CUST1038,PRD452,Home & Kitchen,Wonderchef,462.00,6,2024-03-08,Mumbai
ORD12715,CUST1038,PRD508,Electronics,Sony,1978.00,1,2024-03-08,Mumbai
ORD12716,CUST1397,PRD395,Beauty,Maybelline,618.00,1,2024-03-08,Mumbai
ORD12717,CUST1255,PRD107,Electronics,JBL,844.00,1,2024-03-08,Hyderabad
ORD12717,CUST1255,PRD381,Fashion,Peter England,406.00,2,2024-03-08,Hyderabad
ORD12718,CUST815,PRD102,Sports,Cosco,569.00,3,2024-03-08,Mumbai
ORD12719,CUST674,PRD098,Fashion,Peter England,1499.00,1,2024-03-08,Mumbai
ORD12719,CUST674,PRD500,Electronics,Samsung,18999.00,1,2024-03-08,Mumbai
ORD12720,CUST1281,PRD272,Electronics,JBL,188.00,1,2024-03-08,Mumbai
ORD12720,CUST1281,PRD304,Sports,Campus,1385.00,2,2024-03-08,Mumbai
ORD12721,CUST001,PRD521,Beauty,Plum,303.00,1,2024-03-08,Hyderabad
ORD12721,CUST001,PRD522,Fashion,Woodland,302.00,2,2024-03-08,Hyderabad
ORD12722,CUST166,PRD177,Fashion,Allen Solly,640.00,1,2024-03-08,Mumbai
ORD12723,CUST1025,PRD563,Electronics,Samsung,443.00,3,2024-03-08,Kolkata
ORD12724,CUST1411,PRD183,Books,Aleph,566.00,1,2024-03-08,Mumbai
ORD12725,CUST978,PRD440,Beauty,Maybelline,250.00,3,2024-03-08,Mumbai
ORD12726,CUST631,PRD178,Beauty,Maybelline,1099.00,2,2024-03-08,Hyderabad
ORD12727,CUST996,PRD392,Home & Kitchen,Pigeon,1205.00,1,2024-03-08,Bengaluru
ORD12727,CUST996,PRD526,Beauty,Plum,712.00,2,2024-03-08,Bengaluru
ORD12728,CUST343,PRD015,Beauty,Plum,264.00,1,2024-03-08,Bengaluru
ORD12728,CUST343,PRD588,Electronics,JBL,3249.00,1,2024-03-08,Bengaluru
ORD12729,CUST1435,PRD153,Electronics,Apple,1631.00,1,2024-03-08,Bengaluru
ORD12729,CUST1435,PRD377,Sports,Adidas,558.00,1,2024-03-08,Bengaluru
ORD12729,CUST1435,PRD160,Home & Kitchen,Borosil,899.00,1,2024-03-08,Bengaluru
ORD12730,CUST751,PRD446,Beauty,Plum,155.00,2,2024-03-08,Delhi
ORD12731,CUST417,PRD252,Electronics,OnePlus,270.00,2,2024-03-08,Mumbai
ORD12732,CUST307,PRD129,Home & Kitchen,Pigeon,728.00,2,2024-03-08,Delhi
ORD12732,CUST307,PRD590,Fashion,Sparx,389.00,1,2024-03-08,Delhi
ORD12733,CUST576,PRD391,Fashion,Bata,1999.00,2,2024-03-08,Mumbai
ORD12734,CUST933,PRD410,Electronics,OnePlus,4071.00,1,2024-03-08,Pune
ORD12735,CUST1378,PRD447,Fashion,Sparx,974.00,1,2024-03-08,Mumbai
ORD12735,CUST1378,PRD163,Electronics,Realme,1801.00,1,2024-03-08,Mumbai
ORD12736,CUST218,PRD325,Sports,Puma,827.00,1,2024-03-08,Bengaluru
ORD12736,CUST218,PRD267,Sports,Campus,1579.00,1,2024-03-08,Bengaluru
ORD12736,CUST218,PRD302,Books,Penguin,361.00,8,2024-03-08,Bengaluru
ORD12736,CUST218,PRD508,Electronics,Sony,1978.00,2,2024-03-08,Bengaluru
ORD12737,CUST1190,PRD445,Electronics,Samsung,236.00,2,2024-03-08,Bengaluru
ORD12737,CUST1190,PRD225,Electronics,Samsung,469.00,1,2024-03-08,Bengaluru
ORD12738,CUST1266,PRD050,Fashion,Allen Solly,312.00,4,2024-03-08,Mumbai
ORD12738,CUST1266,PRD365,Home & Kitchen,Butterfly,960.00,2,2024-03-08,Mumbai
ORD12738,CUST1266,PRD463,Beauty,Plum,432.00,1,2024-03-08,Mumbai
ORD12739,CUST1146,PRD211,Sports,Adidas,1428.00,1,2024-03-08,Delhi
ORD12740,CUST774,PRD541,Fashion,Biba,418.00,4,2024-03-08,Mumbai
ORD12741,CUST1338,PRD266,Beauty,Himalaya,637.00,1,2024-03-08,Chennai
ORD12742,CUST1096,PRD225,Electronics,Samsung,469.00,1,2024-03-08,Delhi
ORD12743,CUST1045,PRD314,Electronics,Boult,422.00,2,2024-03-08,Mumbai
ORD12744,CUST966,PRD163,Electronics,Realme,1801.00,1,2024-03-08,Bengaluru
ORD12744,CUST966,PRD234,Fashion,Bata,484.00,1,2024-03-08,Bengaluru
ORD12745,CUST003,PRD212,Electronics,Boult,149.00,1,2024-03-08,Ahmedabad
ORD12746,CUST075,PRD285,Electronics,Sony,613.00,1,2024-03-08,Mumbai
ORD12746,CUST075,PRD559,Sports,Nivia,899.00,1,2024-03-08,Mumbai
ORD12746,CUST075,PRD459,Home & Kitchen,Cello,1548.00,2,2024-03-08,Mumbai
ORD12747,CUST454,PRD030,Electronics,Mi,1686.00,1,2024-03-08,Chennai
ORD12747,CUST454,PRD588,Electronics,JBL,3249.00,1,2024-03-08,Chennai
ORD12748,CUST1337,PRD383,Electronics,Apple,199.00,1,2024-03-08,Pune
ORD12749,CUST1444,PRD163,Electronics,Realme,1801.00,1,2024-03-08,Kolkata
ORD12750,CUST340,PRD211,Sports,Adidas,1428.00,2,2024-03-08,Hyderabad
ORD12751,CUST1292,PRD337,Electronics,Boult,482.00,1,2024-03-08,Hyderabad
ORD12751,CUST1292,PRD425,Electronics,Realme,1566.00,1,2024-03-08,Hyderabad
ORD12752,CUST449,PRD350,Home & Kitchen,Borosil,4499.00,1,2024-03-08,Delhi
ORD12753,CUST445,PRD357,Home & Kitchen,Milton,918.00,1,2024-03-08,Chennai
ORD12754,CUST689,PRD304,Sports,Campus,1385.00,1,2024-03-09,Delhi
ORD12755,CUST932,PRD462,Electronics,Noise,2358.00,1,2024-03-09,Pune
ORD12756,CUST1379,PRD563,Electronics,Samsung,443.00,2,2024-03-09,Kolkata
ORD12756,CUST1379,PRD381,Fashion,Peter England,406.00,1,2024-03-09,Kolkata
ORD12757,CUST052,PRD440,Beauty,Maybelline,250.00,4,2024-03-09,Hyderabad
ORD12758,CUST196,PRD074,Beauty,Plum,209.00,1,2024-03-09,Kolkata
ORD12758,CUST196,PRD129,Home & Kitchen,Pigeon,728.00,1,2024-03-09,Kolkata
ORD12759,CUST123,PRD228,Electronics,Realme,1737.00,3,2024-03-09,Bengaluru
ORD12760,CUST1283,PRD331,Fashion,Allen Solly,801.00,1,2024-03-09,Chennai
ORD12760,CUST1283,PRD002,Home & Kitchen,Milton,1281.00,1,2024-03-09,Chennai
ORD12761,CUST1493,PRD168,Home & Kitchen,Prestige,1522.00,1,2024-03-09,Mumbai
ORD12762,CUST306,PRD456,Fashion,Sparx,519.00,1,2024-03-09,Delhi
ORD12763,CUST274,PRD064,Electronics,Noise,539.00,1,2024-03-09,Mumbai
ORD12763,CUST274,PRD280,Electronics,Apple,4376.00,1,2024-03-09,Mumbai
ORD12764,CUST502,PRD066,Electronics,JBL,487.00,6,2024-03-09,Ahmedabad
ORD12764,CUST502,PRD249,Fashion,Levis,335.00,2,2024-03-09,Ahmedabad
ORD12764,CUST502,PRD212,Electronics,Boult,149.00,1,2024-03-09,Ahmedabad
ORD12764,CUST502,PRD242,Home & Kitchen,Cello,890.00,2,2024-03-09,Ahmedabad
ORD12765,CUST1174,PRD536,Home & Kitchen,Butterfly,4499.00,1,2024-03-09,Delhi
ORD12765,CUST1174,PRD165,Beauty,Nivea,321.00,6,2024-03-09,Delhi
ORD12765,CUST1174,PRD140,Home & Kitchen,Prestige,2499.00,1,2024-03-09,Delhi
ORD12765,CUST1174,PRD563,Electronics,Samsung,443.00,1,2024-03-09,Delhi
ORD12766,CUST1296,PRD140,Home & Kitchen,Prestige,2499.00,1,2024-03-09,Bengaluru
ORD12767,CUST453,PRD409,Sports,Yonex,1739.00,1,2024-03-09,Hyderabad
ORD12768,CUST778,PRD407,Sports,Puma,235.00,1,2024-03-09,Chennai
ORD12768,CUST778,PRD521,Beauty,Plum,303.00,2,2024-03-09,Chennai
ORD12768,CUST778,PRD072,Books,Aleph,226.00,2,2024-03-09,Chennai
ORD12769,CUST191,PRD392,Home & Kitchen,Pigeon,1205.00,1,2024-03-09,Delhi
ORD12770,CUST1038,PRD163,Electronics,Realme,1801.00,1,2024-03-09,Mumbai
ORD12771,CUST962,PRD163,Electronics,Realme,1801.00,1,2024-03-09,Delhi
ORD12772,CUST1229,PRD208,Electronics,Boult,7315.00,1,2024-03-09,Pune
ORD12773,CUST183,PRD521,Beauty,Plum,303.00,1,2024-03-09,Delhi
ORD12774,CUST284,PRD332,Fashion,Biba,597.00,1,2024-03-09,Delhi
ORD12775,CUST141,PRD295,Books,Rupa,420.00,3,2024-03-09,Chennai
ORD12776,CUST1483,PRD563,Electronics,Samsung,443.00,2,2024-03-09,Mumbai
ORD12776,CUST1483,PRD426,Beauty,Biotique,492.00,1,2024-03-09,Mumbai
ORD12777,CUST504,PRD415,Fashion,Woodland,2499.00,1,2024-03-09,Hyderabad
ORD12778,CUST858,PRD550,Fashion,Biba,2786.00,1,2024-03-09,Chennai
ORD12779,CUST879,PRD277,Electronics,Samsung,2013.00,1,2024-03-09,Mumbai
ORD12779,CUST879,PRD313,Home & Kitchen,Milton,2090.00,1,2024-03-09,Mumbai
ORD12780,CUST1193,PRD357,Home & Kitchen,Milton,918.00,2,2024-03-09,Mumbai
ORD12781,CUST1313,PRD107,Electronics,JBL,844.00,1,2024-03-09,Mumbai
ORD12781,CUST1313,PRD132,Home & Kitchen,Milton,455.00,3,2024-03-09,Mumbai
ORD12781,CUST1313,PRD471,Home & Kitchen,Pigeon,1156.00,2,2024-03-09,Mumbai
ORD12782,CUST394,PRD385,Electronics,OnePlus,2378.00,1,2024-03-09,Delhi
ORD12783,CUST1255,PRD129,Home & Kitchen,Pigeon,728.00,2,2024-03-09,Hyderabad
ORD12784,CUST1281,PRD283,Beauty,Himalaya,318.00,2,2024-03-09,Mumbai
ORD12785,CUST815,PRD521,Beauty,Plum,303.00,3,2024-03-09,Mumbai
ORD12785,CUST815,PRD407,Sports,Puma,235.00,3,2024-03-09,Mumbai
ORD12785,CUST815,PRD536,Home & Kitchen,Butterfly,4499.00,1,2024-03-09,Mumbai
ORD12786,CUST1324,PRD425,Electronics,Realme,1566.00,1,2024-03-09,Mumbai
ORD12787,CUST665,PRD245,Sports,Nike,3495.00,1,2024-03-09,Hyderabad
ORD12787,CUST665,PRD554,Home & Kitchen,Borosil,403.00,1,2024-03-09,Hyderabad
ORD12788,CUST898,PRD019,Fashion,Woodland,707.00,1,2024-03-09,Kolkata
ORD12789,CUST1298,PRD409,Sports,Yonex,1739.00,1,2024-03-09,Delhi
ORD12790,CUST336,PRD496,Sports,Yonex,1064.00,1,2024-03-09,Bengaluru
ORD12790,CUST336,PRD161,Home & Kitchen,Cello,1367.00,1,2024-03-09,Bengaluru
ORD12790,CUST336,PRD207,Beauty,Maybelline,467.00,3,2024-03-09,Bengaluru
ORD12790,CUST336,PRD508,Electronics,Sony,1978.00,1,2024-03-09,Bengaluru
ORD12791,CUST871,PRD211,Sports,Adidas,1428.00,2,2024-03-09,Bengaluru
ORD12792,CUST014,PRD329,Electronics,OnePlus,1419.00,1,2024-03-09,Pune
ORD12793,CUST548,PRD326,Fashion,Bata,547.00,3,2024-03-10,Bengaluru
ORD12793,CUST548,PRD223,Electronics,Samsung,450.00,3,2024-03-10,Bengaluru
ORD12794,CUST504,PRD135,Books,Westland,243.00,2,2024-03-10,Hyderabad
ORD12795,CUST1029,PRD521,Beauty,Plum,303.00,6,2024-03-10,Delhi
ORD12796,CUST1009,PRD381,Fashion,Peter England,406.00,4,2024-03-10,Kolkata
ORD12797,CUST039,PRD254,Electronics,Mi,1014.00,1,2024-03-10,Pune
ORD12798,CUST333,PRD564,Fashion,Peter England,647.00,1,2024-03-10,Delhi
ORD12799,CUST491,PRD162,Beauty,Nivea,177.00,1,2024-03-10,Kolkata
ORD12799,CUST491,PRD416,Electronics,Boat,1236.00,1,2024-03-10,Kolkata
ORD12799,CUST491,PRD197,Sports,Cosco,3499.00,1,2024-03-10,Kolkata
ORD12800,CUST035,PRD247,Sports,Campus,1130.00,1,2024-03-10,Hyderabad
ORD12801,CUST150,PRD572,Electronics,Apple,1534.00,2,2024-03-10,Kolkata
ORD12801,CUST150,PRD464,Books,Bloomsbury,502.00,1,2024-03-10,Kolkata
ORD12801,CUST150,PRD416,Electronics,Boat,1236.00,1,2024-03-10,Kolkata
ORD12801,CUST150,PRD126,Sports,Decathlon,1107.00,1,2024-03-10,Kolkata
ORD12802,CUST750,PRD170,Home & Kitchen,Hawkins,493.00,1,2024-03-10,Chennai
ORD12803,CUST1062,PRD563,Electronics,Samsung,443.00,5,2024-03-10,Chennai
ORD12804,CUST1328,PRD111,Beauty,Nivea,266.00,3,2024-03-10,Bengaluru
ORD12805,CUST093,PRD044,Fashion,Woodland,1002.00,2,2024-03-10,Delhi
ORD12805,CUST093,PRD377,Sports,Adidas,558.00,2,2024-03-10,Delhi
ORD12806,CUST835,PRD246,Sports,Decathlon,256.00,1,2024-03-10,Kolkata
ORD12806,CUST835,PRD129,Home & Kitchen,Pigeon,728.00,1,2024-03-10,Kolkata
ORD12806,CUST835,PRD220,Books,Westland,415.00,4,2024-03-10,Kolkata
ORD12807,CUST1395,PRD102,Sports,Cosco,569.00,1,2024-03-10,Mumbai
ORD12808,CUST911,PRD177,Fashion,Allen Solly,640.00,2,2024-03-10,Mumbai
ORD12808,CUST911,PRD091,Home & Kitchen,Cello,349.00,1,2024-03-10,Mumbai
ORD12809,CUST217,PRD006,Beauty,Lakme,160.00,1,2024-03-10,Mumbai
ORD12810,CUST196,PRD028,Electronics,Mi,576.00,3,2024-03-10,Kolkata
ORD12811,CUST132,PRD134,Electronics,OnePlus,346.00,1,2024-03-10,Chennai
ORD12812,CUST876,PRD122,Sports,Yonex,2499.00,1,2024-03-10,Kolkata
ORD12813,CUST1321,PRD163,Electronics,Realme,1801.00,1,2024-03-10,Delhi
ORD12814,CUST897,PRD322,Sports,Puma,1255.00,3,2024-03-10,Chennai
ORD12815,CUST1112,PRD177,Fashion,Allen Solly,640.00,1,2024-03-10,Ahmedabad
ORD12815,CUST1112,PRD394,Home & Kitchen,Butterfly,1799.00,1,2024-03-10,Ahmedabad
ORD12815,CUST1112,PRD076,Sports,Nivia,579.00,3,2024-03-10,Ahmedabad
ORD12816,CUST1072,PRD307,Books,Rupa,1199.00,1,2024-03-10,Mumbai
ORD12817,CUST1268,PRD318,Books,Westland,448.00,1,2024-03-10,Mumbai
ORD12818,CUST710,PRD295,Books,Rupa,420.00,1,2024-03-10,Mumbai
ORD12818,CUST710,PRD252,Electronics,OnePlus,270.00,2,2024-03-10,Mumbai
ORD12819,CUST338,PRD150,Beauty,Maybelline,726.00,1,2024-03-10,Pune
ORD12820,CUST773,PRD407,Sports,Puma,235.00,1,2024-03-10,Mumbai
ORD12820,CUST773,PRD318,Books,Westland,448.00,2,2024-03-10,Mumbai
ORD12821,CUST900,PRD423,Home & Kitchen,Pigeon,623.00,1,2024-03-10,Bengaluru
ORD12822,CUST1088,PRD380,Home & Kitchen,Cello,1074.00,1,2024-03-10,Pune
ORD12823,CUST204,PRD577,Electronics,Mi,1502.00,1,2024-03-10,Delhi
ORD12824,CUST461,PRD072,Books,Aleph,226.00,1,2024-03-10,Delhi
ORD12825,CUST427,PRD149,Electronics,Noise,4288.00,1,2024-03-10,Delhi
ORD12826,CUST087,PRD057,Electronics,Sony,1157.00,1,2024-03-10,Mumbai
ORD12826,CUST087,PRD454,Home & Kitchen,Milton,385.00,3,2024-03-10,Mumbai
ORD12827,CUST823,PRD140,Home & Kitchen,Prestige,2499.00,1,2024-03-10,Mumbai
ORD12828,CUST272,PRD532,Electronics,Noise,719.00,2,2024-03-10,Delhi
ORD12829,CUST1040,PRD455,Electronics,Noise,1484.00,1,2024-03-10,Delhi
ORD12830,CUST517,PRD570,Books,HarperCollins,310.00,1,2024-03-10,Bengaluru
ORD12831,CUST774,PRD586,Fashion,Biba,738.00,1,2024-03-10,Mumbai
ORD12831,CUST774,PRD076,Sports,Nivia,579.00,1,2024-03-10,Mumbai
ORD12832,CUST411,PRD301,Electronics,Boult,813.00,1,2024-03-10,Delhi
ORD12833,CUST1264,PRD447,Fashion,Sparx,974.00,3,2024-03-10,Bengaluru
ORD12834,CUST646,PRD562,Books,Westland,999.00,1,2024-03-10,Delhi
ORD12835,CUST1267,PRD162,Beauty,Nivea,177.00,8,2024-03-10,Mumbai
ORD12836,CUST1020,PRD521,Beauty,Plum,303.00,3,2024-03-10,Chennai
ORD12836,CUST1020,PRD180,Home & Kitchen,Cello,835.00,1,2024-03-10,Chennai
ORD12836,CUST1020,PRD443,Fashion,Puma,437.00,2,2024-03-10,Chennai
ORD12837,CUST472,PRD252,Electronics,OnePlus,270.00,1,2024-03-10,Delhi
ORD12837,CUST472,PRD289,Electronics,Boult,826.00,1,2024-03-10,Delhi
ORD12837,CUST472,PRD009,Fashion,Levis,1499.00,1,2024-03-10,Delhi
ORD12837,CUST472,PRD225,Electronics,Samsung,469.00,3,2024-03-10,Delhi
ORD12838,CUST1250,PRD379,Electronics,Realme,3493.00,1,2024-03-10,Mumbai
ORD12839,CUST1079,PRD204,Electronics,Boat,1299.00,1,2024-03-10,Chennai
ORD12839,CUST1079,PRD451,Home & Kitchen,Hawkins,1999.00,1,2024-03-10,Chennai
ORD12840,CUST1408,PRD070,Home & Kitchen,Wonderchef,1246.00,1,2024-03-10,Bengaluru
ORD12841,CUST332,PRD255,Books,Rupa,223.00,4,2024-03-10,Chennai
ORD12842,CUST391,PRD275,Electronics,JBL,464.00,1,2024-03-10,Pune
ORD12842,CUST391,PRD563,Electronics,Samsung,443.00,2,2024-03-10,Pune
ORD12842,CUST391,PRD037,Home & Kitchen,Cello,584.00,1,2024-03-10,Pune
ORD12843,CUST1460,PRD420,Sports,Campus,624.00,1,2024-03-10,Mumbai
ORD12843,CUST1460,PRD401,Electronics,Realme,1790.00,1,2024-03-10,Mumbai
ORD12844,CUST838,PRD195,Books,Bloomsbury,599.00,1,2024-03-10,Mumbai
ORD12845,CUST059,PRD339,Electronics,OnePlus,1061.00,3,2024-03-11,Bengaluru
ORD12846,CUST339,PRD342,Books,Westland,462.00,1,2024-03-11,Bengaluru
ORD12846,CUST339,PRD592,Fashion,Levis,555.00,1,2024-03-11,Bengaluru
ORD12847,CUST070,PRD304,Sports,Campus,1385.00,1,2024-03-11,Chennai
ORD12847,CUST070,PRD379,Electronics,Realme,3493.00,1,2024-03-11,Chennai
ORD12848,CUST732,PRD197,Sports,Cosco,3499.00,1,2024-03-11,Delhi
ORD12849,CUST828,PRD295,Books,Rupa,420.00,3,2024-03-11,Ahmedabad
ORD12850,CUST329,PRD521,Beauty,Plum,303.00,2,2024-03-11,Chennai
ORD12850,CUST329,PRD092,Beauty,Maybelline,184.00,3,2024-03-11,Chennai
ORD12851,CUST1037,PRD197,Sports,Cosco,3499.00,1,2024-03-11,Delhi
ORD12852,CUST1331,PRD349,Books,Bloomsbury,864.00,1,2024-03-11,Hyderabad
ORD12852,CUST1331,PRD215,Sports,Campus,638.00,1,2024-03-11,Hyderabad
ORD12853,CUST242,PRD542,Electronics,Noise,1190.00,1,2024-03-11,Chennai
ORD12853,CUST242,PRD473,Electronics,Realme,6236.00,1,2024-03-11,Chennai
ORD12853,CUST242,PRD585,Beauty,Nivea,192.00,8,2024-03-11,Chennai
ORD12854,CUST658,PRD133,Sports,Nike,1173.00,1,2024-03-11,Delhi
ORD12854,CUST658,PRD322,Sports,Puma,1255.00,3,2024-03-11,Delhi
ORD12855,CUST403,PRD238,Home & Kitchen,Borosil,948.00,1,2024-03-11,Pune
ORD12856,CUST554,PRD240,Home & Kitchen,Pigeon,1232.00,2,2024-03-11,Bengaluru
ORD12857,CUST823,PRD445,Electronics,Samsung,236.00,1,2024-03-11,Mumbai
ORD12857,CUST823,PRD480,Sports,Nike,942.00,1,2024-03-11,Mumbai
ORD12858,CUST161,PRD391,Fashion,Bata,1999.00,1,2024-03-11,Pune
ORD12859,CUST1471,PRD069,Fashion,Woodland,1644.00,1,2024-03-11,Hyderabad
ORD12860,CUST661,PRD073,Electronics,Mi,1540.00,1,2024-03-11,Mumbai
ORD12861,CUST795,PRD295,Books,Rupa,420.00,5,2024-03-11,Bengaluru
ORD12862,CUST1428,PRD402,Fashion,Peter England,637.00,2,2024-03-11,Mumbai
ORD12863,CUST1112,PRD134,Electronics,OnePlus,346.00,1,2024-03-11,Ahmedabad
ORD12864,CUST138,PRD539,Electronics,Realme,956.00,1,2024-03-11,Hyderabad
ORD12864,CUST138,PRD572,Electronics,Apple,1534.00,2,2024-03-11,Hyderabad
ORD12865,CUST1136,PRD508,Electronics,Sony,1978.00,1,2024-03-11,Bengaluru
ORD12866,CUST1487,PRD406,Fashion,Levis,1299.00,1,2024-03-11,Ahmedabad
ORD12866,CUST1487,PRD463,Beauty,Plum,432.00,5,2024-03-11,Ahmedabad
ORD12866,CUST1487,PRD472,Sports,Nivia,824.00,1,2024-03-11,Ahmedabad
ORD12866,CUST1487,PRD162,Beauty,Nivea,177.00,1,2024-03-11,Ahmedabad
ORD12867,CUST450,PRD449,Sports,Decathlon,1146.00,2,2024-03-11,Mumbai
ORD12868,CUST1235,PRD511,Electronics,Boult,1972.00,3,2024-03-11,Kolkata
ORD12869,CUST504,PRD089,Fashion,Peter England,652.00,3,2024-03-11,Hyderabad
ORD12870,CUST1261,PRD453,Home & Kitchen,Milton,1220.00,1,2024-03-11,Mumbai
ORD12871,CUST1010,PRD029,Beauty,Lakme,431.00,1,2024-03-11,Pune
ORD12871,CUST1010,PRD222,Home & Kitchen,Cello,968.00,1,2024-03-11,Pune
ORD12871,CUST1010,PRD259,Electronics,Realme,1941.00,2,2024-03-11,Pune
ORD12871,CUST1010,PRD243,Home & Kitchen,Borosil,658.00,1,2024-03-11,Pune
ORD12872,CUST1231,PRD168,Home & Kitchen,Prestige,1522.00,2,2024-03-11,Mumbai
ORD12872,CUST1231,PRD244,Books,Westland,441.00,1,2024-03-11,Mumbai
ORD12872,CUST1231,PRD476,Home & Kitchen,Wonderchef,1186.00,3,2024-03-11,Mumbai
ORD12872,CUST1231,PRD483,Beauty,Lakme,162.00,1,2024-03-11,Mumbai
ORD12873,CUST1411,PRD329,Electronics,OnePlus,1419.00,1,2024-03-11,Mumbai
ORD12874,CUST1429,PRD444,Electronics,Samsung,346.00,1,2024-03-11,Chennai
ORD12875,CUST1290,PRD480,Sports,Nike,942.00,2,2024-03-11,Mumbai
ORD12876,CUST203,PRD521,Beauty,Plum,303.00,1,2024-03-11,Mumbai
ORD12877,CUST1174,PRD362,Home & Kitchen,Wonderchef,564.00,1,2024-03-11,Delhi
ORD12878,CUST944,PRD539,Electronics,Realme,956.00,2,2024-03-11,Chennai
ORD12879,CUST865,PRD082,Home & Kitchen,Butterfly,614.00,1,2024-03-11,Ahmedabad
ORD12879,CUST865,PRD381,Fashion,Peter England,406.00,1,2024-03-11,Ahmedabad
ORD12879,CUST865,PRD109,Electronics,OnePlus,160.00,6,2024-03-11,Ahmedabad
ORD12880,CUST155,PRD208,Electronics,Boult,7315.00,1,2024-03-11,Delhi
ORD12881,CUST1090,PRD192,Electronics,Mi,2555.00,1,2024-03-11,Delhi
ORD12881,CUST1090,PRD325,Sports,Puma,827.00,1,2024-03-11,Delhi
ORD12882,CUST697,PRD307,Books,Rupa,1199.00,1,2024-03-11,Delhi
ORD12883,CUST1485,PRD383,Electronics,Apple,199.00,2,2024-03-11,Chennai
ORD12883,CUST1485,PRD357,Home & Kitchen,Milton,918.00,3,2024-03-11,Chennai
ORD12884,CUST1186,PRD071,Beauty,Himalaya,243.00,4,2024-03-11,Delhi
ORD12884,CUST1186,PRD508,Electronics,Sony,1978.00,1,2024-03-11,Delhi
ORD12884,CUST1186,PRD443,Fashion,Puma,437.00,1,2024-03-11,Delhi
ORD12885,CUST212,PRD343,Home & Kitchen,Hawkins,805.00,1,2024-03-11,Bengaluru
ORD12885,CUST212,PRD271,Home & Kitchen,Cello,404.00,2,2024-03-11,Bengaluru
ORD12886,CUST926,PRD522,Fashion,Woodland,302.00,8,2024-03-11,Delhi
ORD12887,CUST1368,PRD163,Electronics,Realme,1801.00,1,2024-03-11,Mumbai
ORD12888,CUST875,PRD252,Electronics,OnePlus,270.00,1,2024-03-11,Mumbai
ORD12889,CUST562,PRD197,Sports,Cosco,3499.00,1,2024-03-11,Bengaluru
ORD12889,CUST562,PRD357,Home & Kitchen,Milton,918.00,1,2024-03-11,Bengaluru
ORD12889,CUST562,PRD508,Electronics,Sony,1978.00,1,2024-03-11,Bengaluru
ORD12890,CUST167,PRD285,Electronics,Sony,613.00,1,2024-03-11,Bengaluru
ORD12890,CUST167,PRD032,Fashion,Levis,823.00,2,2024-03-11,Bengaluru
ORD12890,CUST167,PRD551,Beauty,Nivea,535.00,2,2024-03-11,Bengaluru
ORD12891,CUST342,PRD081,Home & Kitchen,Hawkins,616.00,3,2024-03-11,Mumbai
ORD12891,CUST342,PRD074,Beauty,Plum,209.00,1,2024-03-11,Mumbai
ORD12891,CUST342,PRD320,Electronics,Mi,313.00,1,2024-03-11,Mumbai
ORD12892,CUST1132,PRD506,Fashion,Allen Solly,745.00,1,2024-03-11,Bengaluru
ORD12893,CUST803,PRD408,Electronics,Noise,286.00,3,2024-03-11,Kolkata
ORD12893,CUST803,PRD041,Sports,Yonex,1121.00,1,2024-03-11,Kolkata
ORD12893,CUST803,PRD027,Fashion,Puma,488.00,1,2024-03-11,Kolkata
ORD12893,CUST803,PRD478,Electronics,OnePlus,1494.00,2,2024-03-11,Kolkata
ORD12894,CUST676,PRD513,Sports,Decathlon,3680.00,1,2024-03-11,Pune
ORD12895,CUST317,PRD379,Electronics,Realme,3493.00,1,2024-03-11,Chennai
ORD12896,CUST386,PRD180,Home & Kitchen,Cello,835.00,1,2024-03-12,Kolkata
ORD12897,CUST802,PRD404,Beauty,Nivea,493.00,1,2024-03-12,Delhi
ORD12898,CUST1396,PRD407,Sports,Puma,235.00,3,2024-03-12,Mumbai
ORD12899,CUST1431,PRD110,Home & Kitchen,Cello,1832.00,3,2024-03-12,Kolkata
ORD12900,CUST137,PRD163,Electronics,Realme,1801.00,1,2024-03-12,Mumbai
ORD12901,CUST938,PRD093,Fashion,Woodland,562.00,1,2024-03-12,Pune
ORD12901,CUST938,PRD326,Fashion,Bata,547.00,2,2024-03-12,Pune
ORD12902,CUST196,PRD129,Home & Kitchen,Pigeon,728.00,1,2024-03-12,Kolkata
ORD12902,CUST196,PRD508,Electronics,Sony,1978.00,2,2024-03-12,Kolkata
ORD12903,CUST628,PRD379,Electronics,Realme,3493.00,1,2024-03-12,Mumbai
ORD12904,CUST914,PRD322,Sports,Puma,1255.00,1,2024-03-12,Hyderabad
ORD12905,CUST1500,PRD008,Beauty,Nivea,983.00,1,2024-03-12,Delhi
ORD12906,CUST374,PRD020,Beauty,Maybelline,169.00,8,2024-03-12,Chennai
ORD12907,CUST442,PRD397,Sports,Decathlon,1292.00,2,2024-03-12,Mumbai
ORD12908,CUST1152,PRD592,Fashion,Levis,555.00,2,2024-03-12,Pune
ORD12909,CUST889,PRD312,Sports,Nike,3499.00,1,2024-03-12,Bengaluru
ORD12909,CUST889,PRD343,Home & Kitchen,Hawkins,805.00,1,2024-03-12,Bengaluru
ORD12910,CUST526,PRD295,Books,Rupa,420.00,1,2024-03-12,Mumbai
ORD12911,CUST1092,PRD046,Home & Kitchen,Cello,2604.00,1,2024-03-12,Mumbai
ORD12911,CUST1092,PRD321,Beauty,Himalaya,237.00,3,2024-03-12,Mumbai
ORD12912,CUST1157,PRD392,Home & Kitchen,Pigeon,1205.00,2,2024-03-12,Bengaluru
ORD12912,CUST1157,PRD134,Electronics,OnePlus,346.00,2,2024-03-12,Bengaluru
ORD12912,CUST1157,PRD249,Fashion,Levis,335.00,3,2024-03-12,Bengaluru
ORD12913,CUST1444,PRD204,Electronics,Boat,1299.00,1,2024-03-12,Kolkata
ORD12914,CUST500,PRD249,Fashion,Levis,335.00,2,2024-03-12,Chennai
ORD12915,CUST183,PRD599,Electronics,Samsung,1030.00,3,2024-03-12,Delhi
ORD12915,CUST183,PRD521,Beauty,Plum,303.00,4,2024-03-12,Delhi
ORD12915,CUST183,PRD445,Electronics,Samsung,236.00,5,2024-03-12,Delhi
ORD12915,CUST183,PRD285,Electronics,Sony,613.00,1,2024-03-12,Delhi
ORD12916,CUST1324,PRD056,Home & Kitchen,Milton,1613.00,2,2024-03-12,Mumbai
ORD12917,CUST048,PRD032,Fashion,Levis,823.00,1,2024-03-12,Mumbai
ORD12918,CUST344,PRD521,Beauty,Plum,303.00,1,2024-03-12,Bengaluru
ORD12918,CUST344,PRD404,Beauty,Nivea,493.00,1,2024-03-12,Bengaluru
ORD12918,CUST344,PRD519,Sports,Adidas,826.00,1,2024-03-12,Bengaluru
ORD12919,CUST935,PRD381,Fashion,Peter England,406.00,1,2024-03-12,Pune
ORD12919,CUST935,PRD091,Home & Kitchen,Cello,349.00,1,2024-03-12,Pune
ORD12919,CUST935,PRD600,Fashion,Allen Solly,763.00,1,2024-03-12,Pune
ORD12920,CUST1292,PRD465,Fashion,Allen Solly,715.00,1,2024-03-12,Hyderabad
ORD12920,CUST1292,PRD021,Fashion,Sparx,853.00,1,2024-03-12,Hyderabad
ORD12920,CUST1292,PRD313,Home & Kitchen,Milton,2090.00,1,2024-03-12,Hyderabad
ORD12921,CUST541,PRD182,Books,Westland,197.00,2,2024-03-12,Chennai
ORD12922,CUST395,PRD128,Books,Rupa,218.00,1,2024-03-12,Bengaluru
ORD12923,CUST1496,PRD307,Books,Rupa,1199.00,1,2024-03-12,Hyderabad
ORD12923,CUST1496,PRD332,Fashion,Biba,597.00,3,2024-03-12,Hyderabad
ORD12924,CUST003,PRD551,Beauty,Nivea,535.00,2,2024-03-12,Ahmedabad
ORD12924,CUST003,PRD385,Electronics,OnePlus,2378.00,1,2024-03-12,Ahmedabad
ORD12925,CUST700,PRD440,Beauty,Maybelline,250.00,1,2024-03-12,Bengaluru
ORD12926,CUST866,PRD032,Fashion,Levis,823.00,1,2024-03-12,Pune
ORD12927,CUST907,PRD550,Fashion,Biba,2786.00,1,2024-03-12,Mumbai
ORD12928,CUST1355,PRD245,Sports,Nike,3495.00,1,2024-03-12,Hyderabad
ORD12929,CUST261,PRD445,Electronics,Samsung,236.00,1,2024-03-12,Pune
ORD12929,CUST261,PRD015,Beauty,Plum,264.00,1,2024-03-12,Pune
ORD12930,CUST897,PRD426,Beauty,Biotique,492.00,2,2024-03-12,Chennai
ORD12931,CUST247,PRD408,Electronics,Noise,286.00,1,2024-03-12,Pune
ORD12931,CUST247,PRD027,Fashion,Puma,488.00,1,2024-03-12,Pune
ORD12932,CUST295,PRD035,Home & Kitchen,Hawkins,438.00,2,2024-03-12,Mumbai
ORD12933,CUST325,PRD057,Electronics,Sony,1157.00,2,2024-03-12,Mumbai
ORD12933,CUST325,PRD044,Fashion,Woodland,1002.00,1,2024-03-12,Mumbai
ORD12934,CUST1015,PRD485,Electronics,Apple,420.00,8,2024-03-12,Pune
ORD12934,CUST1015,PRD004,Home & Kitchen,Pigeon,874.00,3,2024-03-12,Pune
ORD12935,CUST514,PRD461,Fashion,Peter England,1071.00,1,2024-03-12,Bengaluru
ORD12936,CUST1489,PRD136,Sports,Adidas,3499.00,1,2024-03-12,Pune
ORD12937,CUST1113,PRD574,Electronics,Mi,318.00,1,2024-03-12,Kolkata
ORD12937,CUST1113,PRD307,Books,Rupa,1199.00,3,2024-03-12,Kolkata
ORD12938,CUST1385,PRD257,Electronics,Noise,430.00,1,2024-03-12,Hyderabad
ORD12938,CUST1385,PRD186,Beauty,Himalaya,288.00,5,2024-03-12,Hyderabad
ORD12938,CUST1385,PRD155,Sports,Cosco,663.00,1,2024-03-12,Hyderabad
ORD12939,CUST144,PRD201,Fashion,Puma,841.00,2,2024-03-12,Mumbai
ORD12940,CUST1163,PRD081,Home & Kitchen,Hawkins,616.00,1,2024-03-12,Delhi
ORD12941,CUST581,PRD522,Fashion,Woodland,302.00,1,2024-03-12,Chennai
ORD12942,CUST555,PRD187,Home & Kitchen,Butterfly,438.00,5,2024-03-12,Pune
ORD12942,CUST555,PRD562,Books,Westland,999.00,1,2024-03-12,Pune
ORD12942,CUST555,PRD204,Electronics,Boat,1299.00,1,2024-03-12,Pune
ORD12943,CUST604,PRD381,Fashion,Peter England,406.00,1,2024-03-12,Pune
ORD12944,CUST1398,PRD217,Beauty,Maybelline,1099.00,1,2024-03-12,Bengaluru
ORD12945,CUST253,PRD225,Electronics,Samsung,469.00,2,2024-03-12,Mumbai
ORD12946,CUST278,PRD326,Fashion,Bata,547.00,1,2024-03-13,Mumbai
ORD12947,CUST207,PRD177,Fashion,Allen Solly,640.00,1,2024-03-13,Kolkata
ORD12948,CUST280,PRD406,Fashion,Levis,1299.00,3,2024-03-13,Bengaluru
ORD12949,CUST1137,PRD252,Electronics,OnePlus,270.00,3,2024-03-13,Delhi
ORD12950,CUST439,PRD325,Sports,Puma,827.00,1,2024-03-13,Mumbai
ORD12950,CUST439,PRD381,Fashion,Peter England,406.00,1,2024-03-13,Mumbai
ORD12951,CUST494,PRD488,Beauty,Maybelline,409.00,2,2024-03-13,Mumbai
ORD12952,CUST135,PRD162,Beauty,Nivea,177.00,2,2024-03-13,Chennai
ORD12952,CUST135,PRD101,Electronics,Boult,1168.00,1,2024-03-13,Chennai
ORD12952,CUST135,PRD354,Electronics,Apple,474.00,2,2024-03-13,Chennai
ORD12953,CUST476,PRD577,Electronics,Mi,1502.00,2,2024-03-13,Pune
ORD12953,CUST476,PRD277,Electronics,Samsung,2013.00,1,2024-03-13,Pune
ORD12953,CUST476,PRD590,Fashion,Sparx,389.00,1,2024-03-13,Pune
ORD12954,CUST1006,PRD396,Electronics,OnePlus,887.00,1,2024-03-13,Pune
ORD12955,CUST725,PRD264,Home & Kitchen,Prestige,518.00,1,2024-03-13,Hyderabad
ORD12956,CUST1354,PRD488,Beauty,Maybelline,409.00,8,2024-03-13,Chennai
ORD12956,CUST1354,PRD518,Electronics,Mi,4469.00,2,2024-03-13,Chennai
ORD12957,CUST181,PRD381,Fashion,Peter England,406.00,1,2024-03-13,Chennai
ORD12958,CUST208,PRD351,Electronics,Noise,344.00,1,2024-03-13,Mumbai
ORD12959,CUST180,PRD251,Fashion,Puma,761.00,1,2024-03-13,Delhi
ORD12959,CUST180,PRD245,Sports,Nike,3495.00,1,2024-03-13,Delhi
ORD12959,CUST180,PRD524,Beauty,Himalaya,249.00,1,2024-03-13,Delhi
ORD12960,CUST933,PRD410,Electronics,OnePlus,4071.00,1,2024-03-13,Pune
ORD12961,CUST339,PRD519,Sports,Adidas,826.00,1,2024-03-13,Bengaluru
ORD12962,CUST526,PRD334,Beauty,Maybelline,599.00,1,2024-03-13,Mumbai
ORD12963,CUST1204,PRD280,Electronics,Apple,4376.00,1,2024-03-13,Delhi
ORD12964,CUST1098,PRD044,Fashion,Woodland,1002.00,1,2024-03-13,Delhi
ORD12965,CUST1069,PRD475,Fashion,Peter England,1447.00,2,2024-03-13,Bengaluru
ORD12966,CUST829,PRD135,Books,Westland,243.00,3,2024-03-13,Pune
ORD12966,CUST829,PRD522,Fashion,Woodland,302.00,4,2024-03-13,Pune
ORD12967,CUST1208,PRD406,Fashion,Levis,1299.00,1,2024-03-13,Delhi
ORD12968,CUST1194,PRD129,Home & Kitchen,Pigeon,728.00,3,2024-03-13,Hyderabad
ORD12968,CUST1194,PRD401,Electronics,Realme,1790.00,1,2024-03-13,Hyderabad
ORD12968,CUST1194,PRD381,Fashion,Peter England,406.00,1,2024-03-13,Hyderabad
ORD12969,CUST742,PRD295,Books,Rupa,420.00,2,2024-03-13,Mumbai
ORD12969,CUST742,PRD070,Home & Kitchen,Wonderchef,1246.00,1,2024-03-13,Mumbai
ORD12969,CUST742,PRD586,Fashion,Biba,738.00,1,2024-03-13,Mumbai
ORD12970,CUST183,PRD444,Electronics,Samsung,346.00,2,2024-03-13,Delhi
ORD12971,CUST397,PRD090,Fashion,Biba,621.00,2,2024-03-13,Pune
ORD12971,CUST397,PRD453,Home & Kitchen,Milton,1220.00,1,2024-03-13,Pune
ORD12971,CUST397,PRD174,Fashion,Bata,1462.00,1,2024-03-13,Pune
ORD12971,CUST397,PRD434,Home & Kitchen,Cello,2260.00,1,2024-03-13,Pune
ORD12972,CUST1149,PRD080,Electronics,Realme,1211.00,1,2024-03-13,Mumbai
ORD12973,CUST910,PRD287,Beauty,Plum,178.00,1,2024-03-13,Bengaluru
ORD12973,CUST910,PRD162,Beauty,Nivea,177.00,3,2024-03-13,Bengaluru
ORD12974,CUST517,PRD490,Electronics,Mi,1499.00,1,2024-03-13,Bengaluru
ORD12975,CUST643,PRD521,Beauty,Plum,303.00,2,2024-03-13,Chennai
ORD12975,CUST643,PRD522,Fashion,Woodland,302.00,2,2024-03-13,Chennai
ORD12976,CUST268,PRD072,Books,Aleph,226.00,2,2024-03-13,Chennai
ORD12977,CUST049,PRD600,Fashion,Allen Solly,763.00,1,2024-03-13,Chennai
ORD12978,CUST079,PRD548,Electronics,Boult,2691.00,1,2024-03-13,Mumbai
ORD12978,CUST079,PRD282,Fashion,Levis,846.00,2,2024-03-13,Mumbai
ORD12979,CUST1476,PRD030,Electronics,Mi,1686.00,1,2024-03-13,Bengaluru
ORD12979,CUST1476,PRD246,Sports,Decathlon,256.00,1,2024-03-13,Bengaluru
ORD12980,CUST766,PRD082,Home & Kitchen,Butterfly,614.00,1,2024-03-13,Mumbai
ORD12981,CUST765,PRD163,Electronics,Realme,1801.00,1,2024-03-13,Hyderabad
ORD12981,CUST765,PRD299,Home & Kitchen,Borosil,457.00,1,2024-03-13,Hyderabad
ORD12982,CUST137,PRD577,Electronics,Mi,1502.00,2,2024-03-13,Mumbai
ORD12983,CUST313,PRD461,Fashion,Peter England,1071.00,2,2024-03-13,Bengaluru
ORD12983,CUST313,PRD163,Electronics,Realme,1801.00,1,2024-03-13,Bengaluru
ORD12983,CUST313,PRD013,Fashion,Biba,2499.00,2,2024-03-13,Bengaluru
ORD12984,CUST654,PRD163,Electronics,Realme,1801.00,1,2024-03-13,Chennai
ORD12984,CUST654,PRD283,Beauty,Himalaya,318.00,1,2024-03-13,Chennai
ORD12984,CUST654,PRD435,Home & Kitchen,Wonderchef,523.00,1,2024-03-13,Chennai
ORD12985,CUST729,PRD440,Beauty,Maybelline,250.00,2,2024-03-13,Mumbai
ORD12985,CUST729,PRD173,Sports,Cosco,555.00,1,2024-03-13,Mumbai
ORD12985,CUST729,PRD177,Fashion,Allen Solly,640.00,1,2024-03-13,Mumbai
ORD12985,CUST729,PRD410,Electronics,OnePlus,4071.00,1,2024-03-13,Mumbai
ORD12986,CUST926,PRD002,Home & Kitchen,Milton,1281.00,1,2024-03-13,Delhi
ORD12987,CUST417,PRD521,Beauty,Plum,303.00,2,2024-03-13,Mumbai
ORD12987,CUST417,PRD544,Home & Kitchen,Butterfly,1694.00,3,2024-03-13,Mumbai
ORD12987,CUST417,PRD525,Books,Bloomsbury,699.00,1,2024-03-13,Mumbai
ORD12988,CUST1311,PRD264,Home & Kitchen,Prestige,518.00,1,2024-03-13,Bengaluru
ORD12989,CUST228,PRD474,Electronics,Noise,355.00,1,2024-03-13,Pune
ORD12990,CUST1221,PRD135,Books,Westland,243.00,2,2024-03-13,Bengaluru
ORD12991,CUST898,PRD323,Fashion,Woodland,312.00,1,2024-03-13,Kolkata
ORD12991,CUST898,PRD214,Fashion,Bata,650.00,1,2024-03-13,Kolkata
ORD12991,CUST898,PRD522,Fashion,Woodland,302.00,5,2024-03-13,Kolkata
ORD12992,CUST1292,PRD500,Electronics,Samsung,18999.00,1,2024-03-13,Hyderabad
ORD12992,CUST1292,PRD163,Electronics,Realme,1801.00,1,2024-03-13,Hyderabad
ORD12992,CUST1292,PRD421,Electronics,Realme,507.00,1,2024-03-13,Hyderabad
ORD12992,CUST1292,PRD313,Home & Kitchen,Milton,2090.00,1,2024-03-13,Hyderabad
ORD12993,CUST1147,PRD444,Electronics,Samsung,346.00,1,2024-03-13,Chennai
ORD12993,CUST1147,PRD532,Electronics,Noise,719.00,1,2024-03-13,Chennai
ORD12993,CUST1147,PRD493,Home & Kitchen,Milton,722.00,1,2024-03-13,Chennai
ORD12994,CUST1437,PRD379,Electronics,Realme,3493.00,1,2024-03-13,Bengaluru
ORD12994,CUST1437,PRD177,Fashion,Allen Solly,640.00,1,2024-03-13,Bengaluru
ORD12994,CUST1437,PRD189,Electronics,Apple,2336.00,1,2024-03-13,Bengaluru
ORD12995,CUST1316,PRD104,Home & Kitchen,Butterfly,875.00,2,2024-03-13,Bengaluru
ORD12995,CUST1316,PRD215,Sports,Campus,638.00,2,2024-03-13,Bengaluru
ORD12995,CUST1316,PRD140,Home & Kitchen,Prestige,2499.00,1,2024-03-13,Bengaluru
ORD12996,CUST107,PRD401,Electronics,Realme,1790.00,1,2024-03-13,Mumbai
ORD12997,CUST492,PRD351,Electronics,Noise,344.00,5,2024-03-13,Delhi
ORD12998,CUST787,PRD521,Beauty,Plum,303.00,2,2024-03-13,Mumbai
ORD12998,CUST787,PRD045,Fashion,Sparx,959.00,2,2024-03-13,Mumbai
ORD12998,CUST787,PRD560,Electronics,Samsung,2449.00,1,2024-03-13,Mumbai
ORD12999,CUST892,PRD235,Electronics,Boult,1773.00,1,2024-03-13,Pune
ORD13000,CUST530,PRD508,Electronics,Sony,1978.00,2,2024-03-13,Pune
ORD13000,CUST530,PRD163,Electronics,Realme,1801.00,1,2024-03-13,Pune
ORD13001,CUST641,PRD225,Electronics,Samsung,469.00,5,2024-03-13,Hyderabad
ORD13002,CUST366,PRD205,Beauty,Plum,497.00,2,2024-03-13,Delhi
ORD13003,CUST966,PRD019,Fashion,Woodland,707.00,3,2024-03-13,Bengaluru
ORD13003,CUST966,PRD190,Home & Kitchen,Cello,701.00,2,2024-03-13,Bengaluru
ORD13003,CUST966,PRD371,Beauty,Lakme,268.00,1,2024-03-13,Bengaluru
ORD13003,CUST966,PRD178,Beauty,Maybelline,1099.00,2,2024-03-13,Bengaluru
ORD13004,CUST712,PRD600,Fashion,Allen Solly,763.00,1,2024-03-13,Kolkata
ORD13005,CUST1287,PRD056,Home & Kitchen,Milton,1613.00,1,2024-03-13,Delhi
ORD13005,CUST1287,PRD317,Home & Kitchen,Butterfly,2280.00,1,2024-03-13,Delhi
ORD13005,CUST1287,PRD193,Sports,Nivia,1965.00,1,2024-03-13,Delhi
ORD13006,CUST1220,PRD541,Fashion,Biba,418.00,1,2024-03-14,Delhi
ORD13007,CUST1178,PRD487,Sports,Nike,721.00,1,2024-03-14,Bengaluru
ORD13007,CUST1178,PRD040,Electronics,Apple,817.00,1,2024-03-14,Bengaluru
ORD13008,CUST435,PRD228,Electronics,Realme,1737.00,1,2024-03-14,Delhi
ORD13008,CUST435,PRD367,Electronics,Realme,505.00,2,2024-03-14,Delhi
ORD13008,CUST435,PRD421,Electronics,Realme,507.00,1,2024-03-14,Delhi
ORD13009,CUST1288,PRD019,Fashion,Woodland,707.00,1,2024-03-14,Pune
ORD13010,CUST284,PRD076,Sports,Nivia,579.00,1,2024-03-14,Delhi
ORD13011,CUST335,PRD330,Electronics,Noise,999.00,2,2024-03-14,Pune
ORD13011,CUST335,PRD572,Electronics,Apple,1534.00,1,2024-03-14,Pune
ORD13012,CUST690,PRD160,Home & Kitchen,Borosil,899.00,1,2024-03-14,Mumbai
ORD13013,CUST013,PRD225,Electronics,Samsung,469.00,5,2024-03-14,Chennai
ORD13014,CUST607,PRD557,Fashion,Biba,1680.00,1,2024-03-14,Delhi
ORD13014,CUST607,PRD371,Beauty,Lakme,268.00,4,2024-03-14,Delhi
ORD13014,CUST607,PRD390,Electronics,Apple,1322.00,2,2024-03-14,Delhi
ORD13015,CUST096,PRD508,Electronics,Sony,1978.00,1,2024-03-14,Delhi
ORD13016,CUST1268,PRD163,Electronics,Realme,1801.00,1,2024-03-14,Mumbai
ORD13017,CUST011,PRD106,Sports,Nike,1746.00,3,2024-03-14,Delhi
ORD13018,CUST1245,PRD495,Fashion,Woodland,1999.00,3,2024-03-14,Chennai
ORD13019,CUST078,PRD308,Sports,Decathlon,1488.00,1,2024-03-14,Mumbai
ORD13019,CUST078,PRD020,Beauty,Maybelline,169.00,1,2024-03-14,Mumbai
ORD13019,CUST078,PRD586,Fashion,Biba,738.00,1,2024-03-14,Mumbai
ORD13019,CUST078,PRD245,Sports,Nike,3495.00,1,2024-03-14,Mumbai
ORD13020,CUST1500,PRD548,Electronics,Boult,2691.00,1,2024-03-14,Delhi
ORD13021,CUST1262,PRD535,Fashion,Bata,670.00,1,2024-03-14,Kolkata
ORD13022,CUST322,PRD317,Home & Kitchen,Butterfly,2280.00,1,2024-03-14,Delhi
ORD13023,CUST283,PRD304,Sports,Campus,1385.00,1,2024-03-14,Delhi
ORD13023,CUST283,PRD385,Electronics,OnePlus,2378.00,1,2024-03-14,Delhi
ORD13024,CUST603,PRD177,Fashion,Allen Solly,640.00,1,2024-03-14,Mumbai
ORD13024,CUST603,PRD140,Home & Kitchen,Prestige,2499.00,1,2024-03-14,Mumbai
ORD13025,CUST258,PRD180,Home & Kitchen,Cello,835.00,1,2024-03-14,Mumbai
ORD13026,CUST215,PRD215,Sports,Campus,638.00,2,2024-03-14,Chennai
ORD13027,CUST410,PRD586,Fashion,Biba,738.00,1,2024-03-14,Mumbai
ORD13028,CUST548,PRD245,Sports,Nike,3495.00,1,2024-03-14,Bengaluru
ORD13029,CUST1395,PRD235,Electronics,Boult,1773.00,1,2024-03-14,Mumbai
ORD13030,CUST1113,PRD167,Beauty,Biotique,522.00,1,2024-03-14,Kolkata
ORD13030,CUST1113,PRD295,Books,Rupa,420.00,1,2024-03-14,Kolkata
ORD13030,CUST1113,PRD493,Home & Kitchen,Milton,722.00,1,2024-03-14,Kolkata
ORD13031,CUST889,PRD197,Sports,Cosco,3499.00,1,2024-03-14,Bengaluru
ORD13032,CUST1353,PRD407,Sports,Puma,235.00,2,2024-03-14,Mumbai
ORD13033,CUST830,PRD093,Fashion,Woodland,562.00,1,2024-03-14,Bengaluru
ORD13034,CUST327,PRD162,Beauty,Nivea,177.00,5,2024-03-14,Hyderabad
ORD13035,CUST689,PRD364,Electronics,Realme,769.00,3,2024-03-14,Delhi
ORD13036,CUST035,PRD197,Sports,Cosco,3499.00,1,2024-03-14,Hyderabad
ORD13037,CUST568,PRD353,Beauty,Nivea,228.00,2,2024-03-14,Bengaluru
ORD13038,CUST1210,PRD265,Books,HarperCollins,599.00,1,2024-03-14,Delhi
ORD13038,CUST1210,PRD167,Beauty,Biotique,522.00,1,2024-03-14,Delhi
ORD13038,CUST1210,PRD116,Electronics,JBL,1323.00,2,2024-03-14,Delhi
ORD13038,CUST1210,PRD506,Fashion,Allen Solly,745.00,1,2024-03-14,Delhi
ORD13039,CUST1494,PRD343,Home & Kitchen,Hawkins,805.00,1,2024-03-14,Mumbai
ORD13040,CUST926,PRD262,Electronics,Apple,3501.00,1,2024-03-14,Delhi
ORD13041,CUST1027,PRD225,Electronics,Samsung,469.00,3,2024-03-14,Ahmedabad
ORD13042,CUST108,PRD220,Books,Westland,415.00,1,2024-03-14,Hyderabad
ORD13043,CUST1171,PRD476,Home & Kitchen,Wonderchef,1186.00,1,2024-03-14,Pune
ORD13043,CUST1171,PRD036,Electronics,JBL,313.00,4,2024-03-14,Pune
ORD13043,CUST1171,PRD129,Home & Kitchen,Pigeon,728.00,1,2024-03-14,Pune
ORD13044,CUST924,PRD215,Sports,Campus,638.00,1,2024-03-14,Chennai
ORD13045,CUST169,PRD406,Fashion,Levis,1299.00,1,2024-03-14,Hyderabad
ORD13045,CUST169,PRD029,Beauty,Lakme,431.00,4,2024-03-14,Hyderabad
ORD13045,CUST169,PRD471,Home & Kitchen,Pigeon,1156.00,3,2024-03-14,Hyderabad
ORD13045,CUST169,PRD225,Electronics,Samsung,469.00,4,2024-03-14,Hyderabad
ORD13046,CUST574,PRD221,Fashion,Levis,2199.00,1,2024-03-14,Hyderabad
ORD13047,CUST674,PRD563,Electronics,Samsung,443.00,3,2024-03-14,Mumbai
ORD13048,CUST583,PRD332,Fashion,Biba,597.00,1,2024-03-14,Mumbai
ORD13049,CUST752,PRD080,Electronics,Realme,1211.00,1,2024-03-15,Delhi
ORD13050,CUST1213,PRD440,Beauty,Maybelline,250.00,2,2024-03-15,Chennai
ORD13050,CUST1213,PRD460,Beauty,Lakme,252.00,1,2024-03-15,Chennai
ORD13050,CUST1213,PRD024,Fashion,Levis,408.00,2,2024-03-15,Chennai
ORD13050,CUST1213,PRD423,Home & Kitchen,Pigeon,623.00,1,2024-03-15,Chennai
ORD13051,CUST1172,PRD276,Fashion,Peter England,1668.00,1,2024-03-15,Mumbai
ORD13051,CUST1172,PRD020,Beauty,Maybelline,169.00,1,2024-03-15,Mumbai
ORD13052,CUST1405,PRD026,Home & Kitchen,Milton,781.00,3,2024-03-15,Bengaluru
ORD13052,CUST1405,PRD437,Beauty,Himalaya,333.00,1,2024-03-15,Bengaluru
ORD13053,CUST491,PRD106,Sports,Nike,1746.00,2,2024-03-15,Kolkata
ORD13054,CUST084,PRD127,Beauty,Biotique,208.00,5,2024-03-15,Delhi
ORD13054,CUST084,PRD191,Fashion,Levis,651.00,1,2024-03-15,Delhi
ORD13055,CUST575,PRD577,Electronics,Mi,1502.00,1,2024-03-15,Hyderabad
ORD13055,CUST575,PRD473,Electronics,Realme,6236.00,1,2024-03-15,Hyderabad
ORD13056,CUST750,PRD132,Home & Kitchen,Milton,455.00,2,2024-03-15,Chennai
ORD13057,CUST1441,PRD449,Sports,Decathlon,1146.00,1,2024-03-15,Bengaluru
ORD13057,CUST1441,PRD325,Sports,Puma,827.00,2,2024-03-15,Bengaluru
ORD13058,CUST138,PRD577,Electronics,Mi,1502.00,1,2024-03-15,Hyderabad
ORD13059,CUST1206,PRD595,Fashion,Sparx,934.00,1,2024-03-15,Bengaluru
ORD13060,CUST155,PRD140,Home & Kitchen,Prestige,2499.00,1,2024-03-15,Delhi
ORD13061,CUST055,PRD588,Electronics,JBL,3249.00,1,2024-03-15,Hyderabad
ORD13062,CUST662,PRD562,Books,Westland,999.00,3,2024-03-15,Delhi
ORD13063,CUST1403,PRD499,Home & Kitchen,Milton,1157.00,1,2024-03-15,Kolkata
ORD13064,CUST105,PRD473,Electronics,Realme,6236.00,1,2024-03-15,Mumbai
ORD13064,CUST105,PRD410,Electronics,OnePlus,4071.00,1,2024-03-15,Mumbai
ORD13064,CUST105,PRD321,Beauty,Himalaya,237.00,4,2024-03-15,Mumbai
ORD13065,CUST1316,PRD521,Beauty,Plum,303.00,1,2024-03-15,Bengaluru
ORD13066,CUST505,PRD522,Fashion,Woodland,302.00,1,2024-03-15,Hyderabad
ORD13067,CUST004,PRD031,Beauty,Lakme,547.00,1,2024-03-15,Mumbai
ORD13067,CUST004,PRD140,Home & Kitchen,Prestige,2499.00,1,2024-03-15,Mumbai
ORD13068,CUST1396,PRD512,Books,Westland,374.00,1,2024-03-15,Mumbai
ORD13068,CUST1396,PRD381,Fashion,Peter England,406.00,4,2024-03-15,Mumbai
ORD13069,CUST1158,PRD401,Electronics,Realme,1790.00,3,2024-03-15,Kolkata
ORD13069,CUST1158,PRD574,Electronics,Mi,318.00,1,2024-03-15,Kolkata
ORD13069,CUST1158,PRD204,Electronics,Boat,1299.00,1,2024-03-15,Kolkata
ORD13070,CUST492,PRD107,Electronics,JBL,844.00,2,2024-03-15,Delhi
ORD13070,CUST492,PRD316,Home & Kitchen,Milton,458.00,5,2024-03-15,Delhi
ORD13070,CUST492,PRD275,Electronics,JBL,464.00,2,2024-03-15,Delhi
ORD13071,CUST1476,PRD110,Home & Kitchen,Cello,1832.00,1,2024-03-15,Bengaluru
ORD13072,CUST813,PRD525,Books,Bloomsbury,699.00,1,2024-03-15,Delhi
ORD13072,CUST813,PRD584,Sports,Nike,202.00,2,2024-03-15,Delhi
ORD13072,CUST813,PRD034,Electronics,Noise,150.00,1,2024-03-15,Delhi
ORD13072,CUST813,PRD092,Beauty,Maybelline,184.00,1,2024-03-15,Delhi
ORD13073,CUST312,PRD073,Electronics,Mi,1540.00,2,2024-03-15,Delhi
ORD13074,CUST1108,PRD409,Sports,Yonex,1739.00,2,2024-03-15,Delhi
ORD13075,CUST886,PRD298,Home & Kitchen,Borosil,4499.00,1,2024-03-15,Pune
ORD13075,CUST886,PRD555,Electronics,Boult,2277.00,1,2024-03-15,Pune
ORD13076,CUST1467,PRD407,Sports,Puma,235.00,2,2024-03-15,Delhi
ORD13077,CUST048,PRD238,Home & Kitchen,Borosil,948.00,1,2024-03-15,Mumbai
ORD13077,CUST048,PRD118,Home & Kitchen,Hawkins,2389.00,1,2024-03-15,Mumbai
ORD13078,CUST1214,PRD421,Electronics,Realme,507.00,3,2024-03-15,Kolkata
ORD13078,CUST1214,PRD262,Electronics,Apple,3501.00,1,2024-03-15,Kolkata
ORD13078,CUST1214,PRD075,Fashion,Sparx,1008.00,1,2024-03-15,Kolkata
ORD13079,CUST1411,PRD275,Electronics,JBL,464.00,1,2024-03-15,Mumbai
ORD13080,CUST604,PRD213,Home & Kitchen,Butterfly,482.00,2,2024-03-15,Pune
ORD13080,CUST604,PRD593,Beauty,Himalaya,289.00,1,2024-03-15,Pune
ORD13080,CUST604,PRD314,Electronics,Boult,422.00,3,2024-03-15,Pune
ORD13080,CUST604,PRD289,Electronics,Boult,826.00,1,2024-03-15,Pune
ORD13081,CUST1487,PRD600,Fashion,Allen Solly,763.00,1,2024-03-15,Ahmedabad
ORD13081,CUST1487,PRD245,Sports,Nike,3495.00,1,2024-03-15,Ahmedabad
ORD13081,CUST1487,PRD271,Home & Kitchen,Cello,404.00,2,2024-03-15,Ahmedabad
ORD13082,CUST1102,PRD142,Fashion,Peter England,1499.00,1,2024-03-15,Delhi
ORD13083,CUST952,PRD426,Beauty,Biotique,492.00,1,2024-03-15,Bengaluru
ORD13083,CUST952,PRD522,Fashion,Woodland,302.00,3,2024-03-15,Bengaluru
ORD13083,CUST952,PRD071,Beauty,Himalaya,243.00,1,2024-03-15,Bengaluru
ORD13083,CUST952,PRD452,Home & Kitchen,Wonderchef,462.00,1,2024-03-15,Bengaluru
ORD13084,CUST639,PRD569,Fashion,Peter England,765.00,1,2024-03-15,Hyderabad
ORD13084,CUST639,PRD475,Fashion,Peter England,1447.00,1,2024-03-15,Hyderabad
ORD13085,CUST1258,PRD265,Books,HarperCollins,599.00,1,2024-03-15,Delhi
ORD13085,CUST1258,PRD600,Fashion,Allen Solly,763.00,1,2024-03-15,Delhi
ORD13086,CUST454,PRD013,Fashion,Biba,2499.00,1,2024-03-15,Chennai
ORD13086,CUST454,PRD508,Electronics,Sony,1978.00,1,2024-03-15,Chennai
ORD13086,CUST454,PRD225,Electronics,Samsung,469.00,2,2024-03-15,Chennai
ORD13087,CUST873,PRD461,Fashion,Peter England,1071.00,1,2024-03-15,Chennai
ORD13088,CUST512,PRD106,Sports,Nike,1746.00,1,2024-03-15,Bengaluru
ORD13089,CUST514,PRD521,Beauty,Plum,303.00,2,2024-03-15,Bengaluru
ORD13090,CUST489,PRD522,Fashion,Woodland,302.00,2,2024-03-15,Mumbai
ORD13091,CUST941,PRD473,Electronics,Realme,6236.00,1,2024-03-15,Ahmedabad
ORD13091,CUST941,PRD546,Sports,Cosco,1784.00,2,2024-03-15,Ahmedabad
ORD13091,CUST941,PRD129,Home & Kitchen,Pigeon,728.00,1,2024-03-15,Ahmedabad
ORD13091,CUST941,PRD555,Electronics,Boult,2277.00,1,2024-03-15,Ahmedabad
ORD13092,CUST433,PRD177,Fashion,Allen Solly,640.00,1,2024-03-15,Delhi
ORD13092,CUST433,PRD103,Fashion,Woodland,1106.00,1,2024-03-15,Delhi
ORD13093,CUST1392,PRD427,Beauty,Biotique,217.00,1,2024-03-15,Delhi
ORD13094,CUST023,PRD276,Fashion,Peter England,1668.00,1,2024-03-15,Kolkata
ORD13095,CUST704,PRD132,Home & Kitchen,Milton,455.00,2,2024-03-15,Bengaluru
ORD13096,CUST045,PRD437,Beauty,Himalaya,333.00,2,2024-03-15,Delhi
ORD13097,CUST838,PRD066,Electronics,,487.00,1,2024-03-16,Mumbai
ORD13098,CUST1319,PRD320,Electronics,Mi,313.00,4,2024-03-16,Mumbai
ORD13099,CUST1158,PRD471,Home & Kitchen,Pigeon,1156.00,1,2024-03-16,Kolkata
ORD13100,CUST931,PRD137,Home & Kitchen,Wonderchef,737.00,1,2024-03-16,Hyderabad
ORD13101,CUST016,PRD028,Electronics,Mi,576.00,2,2024-03-16,Mumbai
ORD13102,CUST1089,PRD550,Fashion,Biba,2786.00,1,2024-03-16,Kolkata
ORD13102,CUST1089,PRD225,Electronics,Samsung,469.00,3,2024-03-16,Kolkata
ORD13102,CUST1089,PRD365,Home & Kitchen,Butterfly,960.00,3,2024-03-16,Kolkata
ORD13103,CUST858,PRD181,Home & Kitchen,Wonderchef,1046.00,1,2024-03-16,Chennai
ORD13104,CUST1113,PRD434,Home & Kitchen,Cello,2260.00,1,2024-03-16,Kolkata
ORD13105,CUST1112,PRD518,Electronics,Mi,4469.00,2,2024-03-16,Ahmedabad
ORD13105,CUST1112,PRD014,Sports,Yonex,1280.00,1,2024-03-16,Ahmedabad
ORD13105,CUST1112,PRD197,Sports,Cosco,3499.00,1,2024-03-16,Ahmedabad
ORD13105,CUST1112,PRD522,Fashion,Woodland,302.00,1,2024-03-16,Ahmedabad
ORD13106,CUST1493,PRD345,Home & Kitchen,Prestige,4499.00,1,2024-03-16,Mumbai
ORD13106,CUST1493,PRD163,Electronics,Realme,1801.00,2,2024-03-16,Mumbai
ORD13107,CUST693,PRD225,Electronics,Samsung,469.00,1,2024-03-16,Bengaluru
ORD13107,CUST693,PRD389,Fashion,,1746.00,2,2024-03-16,Bengaluru
ORD13108,CUST1241,PRD304,Sports,Campus,1385.00,1,2024-03-16,Delhi
ORD13109,CUST319,PRD321,Beauty,Himalaya,237.00,2,2024-03-16,Delhi
ORD13109,CUST319,PRD336,Electronics,Mi,185.00,1,2024-03-16,Delhi
ORD13110,CUST271,PRD426,Beauty,Biotique,492.00,1,2024-03-16,Mumbai
ORD13111,CUST1455,PRD521,Beauty,Plum,303.00,1,2024-03-16,Hyderabad
ORD13112,CUST1316,PRD247,Sports,Campus,1130.00,3,2024-03-16,Bengaluru
ORD13113,CUST169,PRD392,Home & Kitchen,Pigeon,1205.00,1,2024-03-16,Hyderabad
ORD13113,CUST169,PRD284,Electronics,OnePlus,1929.00,3,2024-03-16,Hyderabad
ORD13113,CUST169,PRD454,Home & Kitchen,Milton,385.00,2,2024-03-16,Hyderabad
ORD13114,CUST721,PRD508,Electronics,Sony,1978.00,1,2024-03-16,Mumbai
ORD13115,CUST1306,PRD129,Home & Kitchen,Pigeon,728.00,1,2024-03-16,Delhi
ORD13116,CUST481,PRD225,Electronics,Samsung,469.00,2,2024-03-16,Bengaluru
ORD13116,CUST481,PRD235,Electronics,Boult,1773.00,1,2024-03-16,Bengaluru
ORD13116,CUST481,PRD039,Beauty,Himalaya,936.00,1,2024-03-16,Bengaluru
ORD13117,CUST1037,PRD044,Fashion,Woodland,1002.00,1,2024-03-16,Delhi
ORD13117,CUST1037,PRD126,Sports,Decathlon,1107.00,2,2024-03-16,Delhi
ORD13118,CUST1500,PRD234,Fashion,Bata,484.00,5,2024-03-16,Delhi
ORD13118,CUST1500,PRD388,Books,Rupa,437.00,5,2024-03-16,Delhi
ORD13119,CUST590,PRD289,Electronics,Boult,826.00,1,2024-03-16,Mumbai
ORD13120,CUST665,PRD137,Home & Kitchen,Wonderchef,737.00,2,2024-03-16,Hyderabad
ORD13120,CUST665,PRD057,Electronics,Sony,1157.00,1,2024-03-16,Hyderabad
ORD13120,CUST665,PRD429,Electronics,Boult,577.00,1,2024-03-16,Hyderabad
ORD13121,CUST369,PRD177,Fashion,Allen Solly,640.00,1,2024-03-16,Chennai
ORD13121,CUST369,PRD022,Home & Kitchen,Hawkins,1213.00,1,2024-03-16,Chennai
ORD13121,CUST369,PRD225,Electronics,Samsung,469.00,3,2024-03-16,Chennai
ORD13122,CUST803,PRD225,Electronics,Samsung,469.00,1,2024-03-16,Kolkata
ORD13123,CUST876,PRD488,Beauty,Maybelline,409.00,2,2024-03-16,Kolkata
ORD13123,CUST876,PRD237,Electronics,Mi,1210.00,1,2024-03-16,Kolkata
ORD13124,CUST444,PRD280,Electronics,Apple,4376.00,1,2024-03-16,Mumbai
ORD13124,CUST444,PRD596,Electronics,Sony,440.00,5,2024-03-16,Mumbai
ORD13124,CUST444,PRD573,Fashion,Peter England,652.00,1,2024-03-16,Mumbai
ORD13124,CUST444,PRD076,Sports,Nivia,579.00,2,2024-03-16,Mumbai
ORD13125,CUST1199,PRD577,Electronics,Mi,1502.00,3,2024-03-16,Bengaluru
ORD13126,CUST811,PRD016,Electronics,Sony,1624.00,1,2024-03-16,Kolkata
ORD13127,CUST009,PRD521,Beauty,Plum,303.00,3,2024-03-16,Ahmedabad
ORD13128,CUST1125,PRD439,Electronics,Boat,394.00,5,2024-03-16,Delhi
ORD13129,CUST470,PRD406,Fashion,Levis,1299.00,1,2024-03-16,Kolkata
ORD13129,CUST470,PRD444,Electronics,Samsung,346.00,6,2024-03-16,Kolkata
ORD13129,CUST470,PRD325,Sports,Puma,827.00,1,2024-03-16,Kolkata
ORD13130,CUST520,PRD185,Fashion,Woodland,444.00,2,2024-03-16,Pune
ORD13130,CUST520,PRD225,Electronics,Samsung,469.00,1,2024-03-16,Pune
ORD13130,CUST520,PRD204,Electronics,Boat,1299.00,1,2024-03-16,Pune
ORD13131,CUST677,PRD122,Sports,Yonex,2499.00,1,2024-03-16,Delhi
ORD13132,CUST589,PRD253,Home & Kitchen,Milton,1106.00,1,2024-03-17,Delhi
ORD13133,CUST973,PRD285,Electronics,Sony,613.00,1,2024-03-17,Delhi
ORD13134,CUST1165,PRD142,Fashion,Peter England,1499.00,1,2024-03-17,Mumbai
ORD13134,CUST1165,PRD381,Fashion,,406.00,3,2024-03-17,Mumbai
ORD13135,CUST1063,PRD342,Books,Westland,462.00,4,2024-03-17,Bengaluru
ORD13136,CUST926,PRD033,Electronics,Mi,160.00,1,2024-03-17,Delhi
ORD13137,CUST673,PRD578,Books,Aleph,974.00,1,2024-03-17,Chennai
ORD13138,CUST177,PRD163,Electronics,Realme,1801.00,1,2024-03-17,Mumbai
ORD13139,CUST1196,PRD508,Electronics,Sony,1978.00,1,2024-03-17,Mumbai
ORD13140,CUST519,PRD525,Books,Bloomsbury,699.00,1,2024-03-17,Hyderabad
ORD13141,CUST723,PRD153,Electronics,Apple,1631.00,1,2024-03-17,Mumbai
ORD13142,CUST258,PRD115,Fashion,Woodland,547.00,1,2024-03-17,Mumbai
ORD13143,CUST1417,PRD457,Beauty,Himalaya,385.00,6,2024-03-17,Bengaluru
ORD13144,CUST1370,PRD470,Beauty,Plum,397.00,3,2024-03-17,Mumbai
ORD13145,CUST063,PRD129,Home & Kitchen,Pigeon,728.00,3,2024-03-17,Chennai
ORD13146,CUST1057,PRD461,Fashion,Peter England,1071.00,2,2024-03-17,Hyderabad
ORD13147,CUST1403,PRD320,Electronics,Mi,313.00,4,2024-03-17,Kolkata
ORD13148,CUST544,PRD407,Sports,Puma,235.00,8,2024-03-17,Chennai
ORD13149,CUST410,PRD128,Books,Rupa,218.00,1,2024-03-17,Mumbai
ORD13149,CUST410,PRD407,Sports,Puma,235.00,1,2024-03-17,Mumbai
ORD13150,CUST060,PRD124,Beauty,Maybelline,221.00,1,2024-03-17,Mumbai
ORD13150,CUST060,PRD298,Home & Kitchen,Borosil,4499.00,1,2024-03-17,Mumbai
ORD13151,CUST387,PRD363,Home & Kitchen,Milton,399.00,1,2024-03-17,Delhi
ORD13152,CUST1354,PRD504,Electronics,Mi,155.00,1,2024-03-17,Chennai
ORD13152,CUST1354,PRD519,Sports,Adidas,826.00,2,2024-03-17,Chennai
ORD13153,CUST087,PRD009,Fashion,Levis,1499.00,2,2024-03-17,Mumbai
ORD13153,CUST087,PRD076,Sports,Nivia,579.00,3,2024-03-17,Mumbai
ORD13153,CUST087,PRD450,Sports,Adidas,413.00,5,2024-03-17,Mumbai
ORD13154,CUST470,PRD372,Beauty,Biotique,415.00,2,2024-03-17,Kolkata
ORD13155,CUST659,PRD488,Beauty,Maybelline,409.00,2,2024-03-17,Ahmedabad
ORD13155,CUST659,PRD335,Beauty,Nivea,305.00,2,2024-03-17,Ahmedabad
ORD13156,CUST758,PRD193,Sports,Nivia,1965.00,1,2024-03-17,Chennai
ORD13156,CUST758,PRD070,Home & Kitchen,Wonderchef,1246.00,1,2024-03-17,Chennai
ORD13157,CUST015,PRD225,Electronics,Samsung,469.00,6,2024-03-17,Delhi
ORD13157,CUST015,PRD310,Sports,Decathlon,2499.00,1,2024-03-17,Delhi
ORD13157,CUST015,PRD379,Electronics,Realme,3493.00,1,2024-03-17,Delhi
ORD13158,CUST1031,PRD440,Beauty,Maybelline,250.00,2,2024-03-17,Hyderabad
ORD13158,CUST1031,PRD445,Electronics,Samsung,236.00,5,2024-03-17,Hyderabad
ORD13158,CUST1031,PRD532,Electronics,Noise,719.00,2,2024-03-17,Hyderabad
ORD13159,CUST1290,PRD247,Sports,Campus,1130.00,3,2024-03-17,Mumbai
ORD13160,CUST409,PRD040,Electronics,Apple,817.00,2,2024-03-17,Mumbai
ORD13161,CUST1299,PRD097,Beauty,Plum,617.00,1,2024-03-17,Hyderabad
ORD13161,CUST1299,PRD175,Beauty,Biotique,574.00,1,2024-03-17,Hyderabad
ORD13162,CUST1020,PRD444,Electronics,Samsung,346.00,5,2024-03-17,Chennai
ORD13163,CUST250,PRD057,Electronics,Sony,1157.00,1,2024-03-17,Delhi
ORD13164,CUST158,PRD449,Sports,Decathlon,1146.00,1,2024-03-17,Bengaluru
ORD13164,CUST158,PRD348,Electronics,Apple,2298.00,1,2024-03-17,Bengaluru
ORD13165,CUST1013,PRD204,Electronics,Boat,1299.00,1,2024-03-17,Bengaluru
ORD13166,CUST675,PRD476,Home & Kitchen,Wonderchef,1186.00,3,2024-03-17,Mumbai
ORD13167,CUST194,PRD584,Sports,Nike,202.00,1,2024-03-18,Mumbai
ORD13167,CUST194,PRD246,Sports,Decathlon,256.00,4,2024-03-18,Mumbai
ORD13167,CUST194,PRD340,Fashion,Peter England,1499.00,1,2024-03-18,Mumbai
ORD13168,CUST1133,PRD426,Beauty,Biotique,492.00,3,2024-03-18,Mumbai
ORD13168,CUST1133,PRD366,Electronics,Sony,1638.00,1,2024-03-18,Mumbai
ORD13169,CUST1372,PRD361,Fashion,,1073.00,1,2024-03-18,Pune
ORD13170,CUST1231,PRD550,Fashion,Biba,2786.00,1,2024-03-18,Mumbai
ORD13171,CUST881,PRD232,Fashion,Biba,822.00,1,2024-03-18,Kolkata
ORD13172,CUST208,PRD191,Fashion,Levis,651.00,2,2024-03-18,Mumbai
ORD13173,CUST503,PRD506,Fashion,Allen Solly,745.00,1,2024-03-18,Mumbai
ORD13174,CUST906,PRD159,Home & Kitchen,Borosil,573.00,1,2024-03-18,Kolkata
ORD13175,CUST1429,PRD090,Fashion,Biba,621.00,1,2024-03-18,Chennai
ORD13176,CUST607,PRD246,Sports,Decathlon,256.00,3,2024-03-18,Delhi
ORD13176,CUST607,PRD443,Fashion,Puma,437.00,1,2024-03-18,Delhi
ORD13176,CUST607,PRD410,Electronics,OnePlus,4071.00,1,2024-03-18,Delhi
ORD13176,CUST607,PRD388,Books,Rupa,437.00,1,2024-03-18,Delhi
ORD13177,CUST1194,PRD197,Sports,Cosco,3499.00,1,2024-03-18,Hyderabad
ORD13177,CUST1194,PRD140,Home & Kitchen,Prestige,2499.00,1,2024-03-18,Hyderabad
ORD13178,CUST101,PRD163,Electronics,Realme,1801.00,1,2024-03-18,Mumbai
ORD13179,CUST1332,PRD446,Beauty,Plum,155.00,1,2024-03-18,Chennai
ORD13180,CUST277,PRD451,Home & Kitchen,Hawkins,1999.00,1,2024-03-18,Chennai
ORD13181,CUST628,PRD126,Sports,Decathlon,1107.00,2,2024-03-18,Mumbai
ORD13182,CUST1393,PRD173,Sports,Cosco,555.00,2,2024-03-18,Chennai
ORD13183,CUST1224,PRD274,Beauty,Himalaya,188.00,1,2024-03-18,Chennai
ORD13184,CUST1268,PRD163,Electronics,Realme,1801.00,1,2024-03-18,Mumbai
ORD13185,CUST158,PRD264,Home & Kitchen,Prestige,518.00,3,2024-03-18,Bengaluru
ORD13185,CUST158,PRD167,Beauty,Biotique,522.00,1,2024-03-18,Bengaluru
ORD13185,CUST158,PRD031,Beauty,Lakme,547.00,1,2024-03-18,Bengaluru
ORD13186,CUST469,PRD283,Beauty,Himalaya,318.00,3,2024-03-18,Pune
ORD13187,CUST784,PRD163,Electronics,Realme,1801.00,1,2024-03-18,Hyderabad
ORD13187,CUST784,PRD129,Home & Kitchen,Pigeon,728.00,1,2024-03-18,Hyderabad
ORD13188,CUST327,PRD353,Beauty,Nivea,228.00,1,2024-03-18,Hyderabad
ORD13189,CUST1193,PRD452,Home & Kitchen,Wonderchef,462.00,1,2024-03-18,Mumbai
ORD13189,CUST1193,PRD316,Home & Kitchen,Milton,458.00,1,2024-03-18,Mumbai
ORD13189,CUST1193,PRD194,Electronics,Apple,821.00,1,2024-03-18,Mumbai
ORD13190,CUST1298,PRD537,Beauty,Biotique,235.00,1,2024-03-18,Delhi
ORD13191,CUST411,PRD140,Home & Kitchen,Prestige,2499.00,1,2024-03-18,Delhi
ORD13191,CUST411,PRD464,Books,Bloomsbury,502.00,1,2024-03-18,Delhi
ORD13191,CUST411,PRD410,Electronics,OnePlus,4071.00,1,2024-03-18,Delhi
ORD13192,CUST1029,PRD252,Electronics,OnePlus,270.00,1,2024-03-18,Delhi
ORD13193,CUST342,PRD210,Fashion,Sparx,599.00,3,2024-03-18,Mumbai
ORD13194,CUST1236,PRD551,Beauty,Nivea,535.00,1,2024-03-18,Delhi
ORD13195,CUST319,PRD429,Electronics,Boult,577.00,2,2024-03-18,Delhi
ORD13195,CUST319,PRD508,Electronics,Sony,1978.00,1,2024-03-18,Delhi
ORD13195,CUST319,PRD279,Fashion,Peter England,462.00,1,2024-03-18,Delhi
ORD13195,CUST319,PRD200,Beauty,Biotique,209.00,1,2024-03-18,Delhi
ORD13196,CUST1376,PRD353,Beauty,Nivea,228.00,5,2024-03-18,Hyderabad
ORD13197,CUST115,PRD521,Beauty,Plum,303.00,3,2024-03-18,Pune
ORD13197,CUST115,PRD498,Fashion,Levis,2999.00,1,2024-03-18,Pune
ORD13198,CUST049,PRD092,Beauty,Maybelline,184.00,2,2024-03-18,Chennai
ORD13199,CUST1402,PRD517,Fashion,Biba,1273.00,1,2024-03-18,Delhi
ORD13199,CUST1402,PRD110,Home & Kitchen,Cello,1832.00,3,2024-03-18,Delhi
ORD13199,CUST1402,PRD502,Electronics,Boult,1312.00,1,2024-03-18,Delhi
ORD13200,CUST658,PRD326,Fashion,Bata,547.00,3,2024-03-18,Delhi
ORD13201,CUST373,PRD434,Home & Kitchen,Cello,2260.00,1,2024-03-18,Mumbai
ORD13201,CUST373,PRD095,Home & Kitchen,Pigeon,449.00,5,2024-03-18,Mumbai
ORD13201,CUST373,PRD539,Electronics,Realme,956.00,1,2024-03-18,Mumbai
ORD13201,CUST373,PRD584,Sports,Nike,202.00,2,2024-03-18,Mumbai
ORD13202,CUST877,PRD488,Beauty,Maybelline,409.00,1,2024-03-18,Ahmedabad
ORD13202,CUST877,PRD513,Sports,Decathlon,3680.00,1,2024-03-18,Ahmedabad
ORD13202,CUST877,PRD581,Fashion,Woodland,637.00,1,2024-03-18,Ahmedabad
ORD13203,CUST1448,PRD410,Electronics,OnePlus,4071.00,1,2024-03-18,Pune
ORD13203,CUST1448,PRD285,Electronics,Sony,613.00,1,2024-03-18,Pune
ORD13204,CUST019,PRD215,Sports,Campus,638.00,1,2024-03-18,Mumbai
ORD13205,CUST339,PRD474,Electronics,Noise,355.00,2,2024-03-18,Bengaluru
ORD13206,CUST1011,PRD506,Fashion,Allen Solly,745.00,1,2024-03-18,Mumbai
ORD13207,CUST1420,PRD473,Electronics,Realme,6236.00,1,2024-03-18,Chennai
ORD13207,CUST1420,PRD033,Electronics,Mi,160.00,1,2024-03-18,Chennai
ORD13207,CUST1420,PRD474,Electronics,Noise,355.00,1,2024-03-18,Chennai
ORD13207,CUST1420,PRD018,Fashion,Puma,418.00,1,2024-03-18,Chennai
ORD13208,CUST225,PRD381,Fashion,Peter England,406.00,5,2024-03-18,Delhi
ORD13209,CUST147,PRD561,Home & Kitchen,Hawkins,1136.00,1,2024-03-19,Bengaluru
ORD13209,CUST147,PRD022,Home & Kitchen,Hawkins,1213.00,1,2024-03-19,Bengaluru
ORD13210,CUST1170,PRD252,Electronics,OnePlus,270.00,2,2024-03-19,Kolkata
ORD13211,CUST055,PRD212,Electronics,Boult,149.00,2,2024-03-19,Hyderabad
ORD13212,CUST1314,PRD323,Fashion,Woodland,312.00,2,2024-03-19,Delhi
ORD13213,CUST1402,PRD388,Books,Rupa,437.00,5,2024-03-19,Delhi
ORD13214,CUST099,PRD298,Home & Kitchen,Borosil,4499.00,1,2024-03-19,Mumbai
ORD13215,CUST641,PRD430,Fashion,Biba,527.00,1,2024-03-19,Hyderabad
ORD13215,CUST641,PRD352,Home & Kitchen,Prestige,460.00,1,2024-03-19,Hyderabad
ORD13216,CUST283,PRD525,Books,Bloomsbury,699.00,1,2024-03-19,Delhi
ORD13217,CUST821,PRD345,Home & Kitchen,Prestige,4499.00,1,2024-03-19,Hyderabad
ORD13217,CUST821,PRD240,Home & Kitchen,Pigeon,1232.00,1,2024-03-19,Hyderabad
ORD13218,CUST1074,PRD569,Fashion,Peter England,765.00,2,2024-03-19,Kolkata
ORD13218,CUST1074,PRD197,Sports,Cosco,3499.00,1,2024-03-19,Kolkata
ORD13218,CUST1074,PRD391,Fashion,Bata,1999.00,1,2024-03-19,Kolkata
ORD13219,CUST1165,PRD375,Home & Kitchen,Borosil,633.00,2,2024-03-19,Mumbai
ORD13220,CUST177,PRD491,Electronics,Boat,1154.00,1,2024-03-19,Mumbai
ORD13220,CUST177,PRD461,Fashion,Peter England,1071.00,1,2024-03-19,Mumbai
ORD13220,CUST177,PRD521,Beauty,,303.00,2,2024-03-19,Mumbai
ORD13221,CUST470,PRD431,Home & Kitchen,Wonderchef,798.00,1,2024-03-19,Kolkata
ORD13222,CUST1057,PRD381,Fashion,Peter England,406.00,1,2024-03-19,Hyderabad
ORD13222,CUST1057,PRD506,Fashion,,745.00,1,2024-03-19,Hyderabad
ORD13222,CUST1057,PRD295,Books,Rupa,420.00,2,2024-03-19,Hyderabad
ORD13222,CUST1057,PRD276,Fashion,Peter England,1668.00,2,2024-03-19,Hyderabad
ORD13223,CUST353,PRD542,Electronics,Noise,1190.00,2,2024-03-19,Mumbai
ORD13224,CUST196,PRD427,Beauty,Biotique,217.00,2,2024-03-19,Kolkata
ORD13225,CUST962,PRD278,Home & Kitchen,Cello,1899.00,1,2024-03-19,Delhi
ORD13225,CUST962,PRD580,Sports,Nivia,762.00,1,2024-03-19,Delhi
ORD13225,CUST962,PRD197,Sports,Cosco,3499.00,2,2024-03-19,Delhi
ORD13226,CUST1411,PRD020,Beauty,,169.00,1,2024-03-19,Mumbai
ORD13227,CUST1487,PRD222,Home & Kitchen,Cello,968.00,2,2024-03-19,Ahmedabad
ORD13227,CUST1487,PRD521,Beauty,Plum,303.00,5,2024-03-19,Ahmedabad
ORD13227,CUST1487,PRD180,Home & Kitchen,Cello,835.00,1,2024-03-19,Ahmedabad
ORD13227,CUST1487,PRD483,Beauty,Lakme,162.00,2,2024-03-19,Ahmedabad
ORD13228,CUST1438,PRD381,Fashion,Peter England,406.00,3,2024-03-19,Delhi
ORD13229,CUST794,PRD106,Sports,Nike,1746.00,1,2024-03-19,Bengaluru
ORD13229,CUST794,PRD430,Fashion,Biba,527.00,2,2024-03-19,Bengaluru
ORD13229,CUST794,PRD500,Electronics,Samsung,18999.00,1,2024-03-19,Bengaluru
ORD13230,CUST006,PRD298,Home & Kitchen,Borosil,4499.00,1,2024-03-19,Chennai
ORD13231,CUST1121,PRD401,Electronics,Realme,1790.00,1,2024-03-19,Kolkata
ORD13232,CUST017,PRD129,Home & Kitchen,Pigeon,728.00,1,2024-03-19,Delhi
ORD13232,CUST017,PRD069,Fashion,Woodland,1644.00,1,2024-03-19,Delhi
ORD13233,CUST162,PRD140,Home & Kitchen,Prestige,2499.00,1,2024-03-19,Delhi
ORD13234,CUST058,PRD317,Home & Kitchen,Butterfly,2280.00,2,2024-03-19,Bengaluru
ORD13235,CUST100,PRD018,Fashion,Puma,418.00,2,2024-03-19,Mumbai
ORD13235,CUST100,PRD261,Fashion,Sparx,324.00,1,2024-03-19,Mumbai
ORD13236,CUST1261,PRD215,Sports,Campus,638.00,1,2024-03-19,Mumbai
ORD13237,CUST718,PRD106,Sports,Nike,1746.00,3,2024-03-19,Delhi
ORD13237,CUST718,PRD473,Electronics,Realme,6236.00,2,2024-03-19,Delhi
ORD13237,CUST718,PRD408,Electronics,Noise,286.00,4,2024-03-19,Delhi
ORD13238,CUST881,PRD232,Fashion,Biba,822.00,1,2024-03-19,Kolkata
ORD13239,CUST305,PRD210,Fashion,Sparx,599.00,1,2024-03-19,Bengaluru
ORD13239,CUST305,PRD444,Electronics,Samsung,346.00,3,2024-03-19,Bengaluru
ORD13240,CUST298,PRD488,Beauty,Maybelline,409.00,3,2024-03-19,Delhi
ORD13241,CUST859,PRD012,Home & Kitchen,Cello,615.00,2,2024-03-19,Hyderabad
ORD13242,CUST1202,PRD481,Home & Kitchen,Butterfly,1864.00,1,2024-03-19,Pune
ORD13242,CUST1202,PRD359,Home & Kitchen,Milton,1125.00,1,2024-03-19,Pune
ORD13242,CUST1202,PRD286,Electronics,Noise,437.00,1,2024-03-19,Pune
ORD13243,CUST284,PRD195,Books,Bloomsbury,599.00,1,2024-03-19,Delhi
ORD13243,CUST284,PRD053,Sports,Cosco,2360.00,1,2024-03-19,Delhi
ORD13244,CUST1420,PRD197,Sports,Cosco,3499.00,1,2024-03-19,Chennai
ORD13245,CUST066,PRD163,Electronics,Realme,1801.00,3,2024-03-19,Bengaluru
ORD13246,CUST851,PRD501,Electronics,Realme,1499.00,2,2024-03-19,Delhi
ORD13247,CUST003,PRD176,Home & Kitchen,Borosil,459.00,1,2024-03-19,Ahmedabad
ORD13247,CUST003,PRD227,Home & Kitchen,Hawkins,1799.00,1,2024-03-19,Ahmedabad
ORD13247,CUST003,PRD343,Home & Kitchen,Hawkins,805.00,1,2024-03-19,Ahmedabad
ORD13248,CUST1024,PRD471,Home & Kitchen,Pigeon,1156.00,1,2024-03-19,Bengaluru
ORD13249,CUST243,PRD522,Fashion,Woodland,302.00,2,2024-03-19,Mumbai
ORD13250,CUST218,PRD501,Electronics,Realme,1499.00,1,2024-03-19,Bengaluru
ORD13250,CUST218,PRD225,Electronics,Samsung,469.00,2,2024-03-19,Bengaluru
ORD13251,CUST393,PRD498,Fashion,Levis,2999.00,1,2024-03-19,Hyderabad
ORD13251,CUST393,PRD258,Books,Aleph,364.00,2,2024-03-19,Hyderabad
ORD13251,CUST393,PRD196,Fashion,Bata,1293.00,1,2024-03-19,Hyderabad
ORD13252,CUST1479,PRD099,Home & Kitchen,Milton,1207.00,2,2024-03-19,Delhi
ORD13253,CUST1269,PRD107,Electronics,JBL,844.00,3,2024-03-19,Hyderabad
ORD13253,CUST1269,PRD027,Fashion,Puma,488.00,1,2024-03-19,Hyderabad
ORD13254,CUST606,PRD104,Home & Kitchen,Butterfly,875.00,1,2024-03-20,Kolkata
ORD13255,CUST819,PRD285,Electronics,Sony,613.00,1,2024-03-20,Bengaluru
ORD13256,CUST017,PRD337,Electronics,Boult,482.00,5,2024-03-20,Delhi
ORD13257,CUST1027,PRD056,Home & Kitchen,Milton,1613.00,1,2024-03-20,Ahmedabad
ORD13258,CUST1133,PRD113,Fashion,Levis,2999.00,1,2024-03-20,Mumbai
ORD13259,CUST307,PRD295,Books,Rupa,420.00,2,2024-03-20,Delhi
ORD13260,CUST030,PRD134,Electronics,OnePlus,346.00,1,2024-03-20,Mumbai
ORD13261,CUST207,PRD462,Electronics,Noise,2358.00,2,2024-03-20,Kolkata
ORD13261,CUST207,PRD416,Electronics,Boat,1236.00,2,2024-03-20,Kolkata
ORD13262,CUST1214,PRD162,Beauty,Nivea,177.00,1,2024-03-20,Kolkata
ORD13262,CUST1214,PRD577,Electronics,Mi,1502.00,3,2024-03-20,Kolkata
ORD13263,CUST1123,PRD302,Books,Penguin,361.00,2,2024-03-20,Kolkata
ORD13264,CUST261,PRD174,Fashion,Bata,1462.00,1,2024-03-20,Pune
ORD13264,CUST261,PRD162,Beauty,Nivea,177.00,3,2024-03-20,Pune
ORD13264,CUST261,PRD029,Beauty,Lakme,431.00,4,2024-03-20,Pune
ORD13265,CUST700,PRD091,Home & Kitchen,Cello,349.00,3,2024-03-20,Bengaluru
ORD13266,CUST541,PRD376,Fashion,Sparx,1189.00,1,2024-03-20,Chennai
ORD13266,CUST541,PRD325,Sports,Puma,827.00,1,2024-03-20,Chennai
ORD13267,CUST702,PRD508,Electronics,Sony,1978.00,1,2024-03-20,Pune
ORD13268,CUST212,PRD518,Electronics,Mi,4469.00,1,2024-03-20,Bengaluru
ORD13268,CUST212,PRD225,Electronics,Samsung,469.00,5,2024-03-20,Bengaluru
ORD13268,CUST212,PRD419,Electronics,Boat,849.00,1,2024-03-20,Bengaluru
ORD13269,CUST292,PRD263,Electronics,JBL,1847.00,1,2024-03-20,Mumbai
ORD13270,CUST1245,PRD525,Books,Bloomsbury,699.00,1,2024-03-20,Chennai
ORD13270,CUST1245,PRD522,Fashion,Woodland,302.00,3,2024-03-20,Chennai
ORD13271,CUST571,PRD063,Electronics,JBL,1768.00,2,2024-03-20,Delhi
ORD13271,CUST571,PRD370,Fashion,Biba,1058.00,2,2024-03-20,Delhi
ORD13272,CUST1002,PRD441,Electronics,Sony,8613.00,1,2024-03-20,Mumbai
ORD13273,CUST157,PRD444,Electronics,Samsung,346.00,2,2024-03-20,Delhi
ORD13273,CUST157,PRD291,Fashion,Woodland,831.00,1,2024-03-20,Delhi
ORD13274,CUST401,PRD600,Fashion,Allen Solly,763.00,1,2024-03-20,Mumbai
ORD13275,CUST957,PRD522,Fashion,Woodland,302.00,3,2024-03-20,Mumbai
ORD13276,CUST754,PRD572,Electronics,Apple,1534.00,3,2024-03-20,Delhi
ORD13277,CUST674,PRD110,Home & Kitchen,Cello,1832.00,1,2024-03-20,Mumbai
ORD13277,CUST674,PRD444,Electronics,Samsung,346.00,3,2024-03-20,Mumbai
ORD13277,CUST674,PRD262,Electronics,Apple,3501.00,1,2024-03-20,Mumbai
ORD13277,CUST674,PRD572,Electronics,Apple,1534.00,3,2024-03-20,Mumbai
ORD13278,CUST450,PRD406,Fashion,Levis,1299.00,1,2024-03-20,Mumbai
ORD13279,CUST590,PRD280,Electronics,Apple,4376.00,1,2024-03-20,Mumbai
ORD13280,CUST1283,PRD243,Home & Kitchen,Borosil,658.00,1,2024-03-20,Chennai
ORD13281,CUST223,PRD031,Beauty,Lakme,547.00,1,2024-03-20,Mumbai
ORD13282,CUST834,PRD215,Sports,Campus,638.00,1,2024-03-20,Delhi
ORD13282,CUST834,PRD198,Electronics,Samsung,341.00,5,2024-03-20,Delhi
ORD13283,CUST1316,PRD584,Sports,Nike,202.00,1,2024-03-20,Bengaluru
ORD13284,CUST1276,PRD054,Sports,Nike,1327.00,2,2024-03-20,Bengaluru
ORD13285,CUST773,PRD272,Electronics,JBL,188.00,1,2024-03-20,Mumbai
ORD13285,CUST773,PRD535,Fashion,Bata,670.00,1,2024-03-20,Mumbai
ORD13285,CUST773,PRD249,Fashion,Levis,335.00,1,2024-03-20,Mumbai
ORD13286,CUST1306,PRD258,Books,Aleph,364.00,2,2024-03-20,Delhi
ORD13287,CUST842,PRD417,Electronics,Boult,467.00,1,2024-03-20,Chennai
ORD13288,CUST494,PRD508,Electronics,Sony,1978.00,2,2024-03-20,Mumbai
ORD13288,CUST494,PRD237,Electronics,Mi,1210.00,1,2024-03-20,Mumbai
ORD13289,CUST1314,PRD247,Sports,Campus,1130.00,2,2024-03-20,Delhi
ORD13290,CUST787,PRD104,Home & Kitchen,Butterfly,875.00,1,2024-03-20,Mumbai
ORD13291,CUST441,PRD295,Books,Rupa,420.00,2,2024-03-20,Chennai
ORD13292,CUST242,PRD324,Fashion,Allen Solly,843.00,2,2024-03-21,Chennai
ORD13292,CUST242,PRD307,Books,Rupa,1199.00,2,2024-03-21,Chennai
ORD13293,CUST140,PRD175,Beauty,Biotique,574.00,1,2024-03-21,Mumbai
ORD13293,CUST140,PRD489,Electronics,Apple,9999.00,1,2024-03-21,Mumbai
ORD13294,CUST1242,PRD471,Home & Kitchen,Pigeon,1156.00,3,2024-03-21,Hyderabad
ORD13294,CUST1242,PRD379,Electronics,Realme,3493.00,2,2024-03-21,Hyderabad
ORD13294,CUST1242,PRD410,Electronics,OnePlus,4071.00,1,2024-03-21,Hyderabad
ORD13295,CUST1105,PRD439,Electronics,Boat,394.00,1,2024-03-21,Delhi
ORD13296,CUST662,PRD247,Sports,Campus,1130.00,1,2024-03-21,Delhi
ORD13297,CUST355,PRD521,Beauty,Plum,303.00,3,2024-03-21,Ahmedabad
ORD13297,CUST355,PRD552,Beauty,Nivea,154.00,4,2024-03-21,Ahmedabad
ORD13297,CUST355,PRD479,Electronics,JBL,180.00,1,2024-03-21,Ahmedabad
ORD13297,CUST355,PRD381,Fashion,Peter England,406.00,3,2024-03-21,Ahmedabad
ORD13298,CUST469,PRD364,Electronics,Realme,769.00,1,2024-03-21,Pune
ORD13299,CUST1186,PRD032,Fashion,Levis,823.00,1,2024-03-21,Delhi
ORD13299,CUST1186,PRD258,Books,Aleph,364.00,2,2024-03-21,Delhi
ORD13300,CUST070,PRD207,Beauty,Maybelline,467.00,1,2024-03-21,Chennai
ORD13300,CUST070,PRD234,Fashion,Bata,484.00,5,2024-03-21,Chennai
ORD13301,CUST182,PRD044,Fashion,Woodland,1002.00,1,2024-03-21,Chennai
ORD13302,CUST1163,PRD419,Electronics,Boat,849.00,1,2024-03-21,Delhi
ORD13303,CUST576,PRD391,Fashion,Bata,1999.00,1,2024-03-21,Mumbai
ORD13303,CUST576,PRD410,Electronics,OnePlus,4071.00,1,2024-03-21,Mumbai
ORD13304,CUST625,PRD163,Electronics,Realme,1801.00,2,2024-03-21,Mumbai
ORD13304,CUST625,PRD426,Beauty,Biotique,492.00,3,2024-03-21,Mumbai
ORD13305,CUST493,PRD022,Home & Kitchen,Hawkins,1213.00,1,2024-03-21,Mumbai
ORD13306,CUST143,PRD260,Home & Kitchen,Borosil,352.00,3,2024-03-21,Delhi
ORD13307,CUST680,PRD385,Electronics,OnePlus,2378.00,1,2024-03-21,Bengaluru
ORD13308,CUST721,PRD163,Electronics,Realme,1801.00,2,2024-03-21,Mumbai
ORD13309,CUST085,PRD521,Beauty,Plum,303.00,4,2024-03-21,Pune
ORD13309,CUST085,PRD437,Beauty,Himalaya,333.00,1,2024-03-21,Pune
ORD13310,CUST306,PRD579,Beauty,Plum,661.00,1,2024-03-21,Delhi
ORD13311,CUST1288,PRD458,Fashion,Woodland,614.00,1,2024-03-21,Pune
ORD13312,CUST449,PRD208,Electronics,Boult,7315.00,1,2024-03-21,Delhi
ORD13312,CUST449,PRD240,Home & Kitchen,Pigeon,1232.00,1,2024-03-21,Delhi
ORD13312,CUST449,PRD500,Electronics,Samsung,18999.00,1,2024-03-21,Delhi
ORD13313,CUST1175,PRD501,Electronics,Realme,1499.00,1,2024-03-21,Bengaluru
ORD13314,CUST369,PRD381,Fashion,Peter England,406.00,1,2024-03-21,Chennai
ORD13315,CUST1130,PRD134,Electronics,OnePlus,346.00,8,2024-03-21,Pune
ORD13315,CUST1130,PRD326,Fashion,Bata,547.00,1,2024-03-21,Pune
ORD13316,CUST1271,PRD080,Electronics,Realme,1211.00,1,2024-03-21,Mumbai
ORD13317,CUST1009,PRD573,Fashion,Peter England,652.00,1,2024-03-21,Kolkata
ORD13318,CUST626,PRD144,Fashion,Allen Solly,315.00,2,2024-03-21,Mumbai
ORD13319,CUST604,PRD359,Home & Kitchen,Milton,1125.00,1,2024-03-21,Pune
ORD13319,CUST604,PRD522,Fashion,Woodland,302.00,4,2024-03-21,Pune
ORD13320,CUST268,PRD326,Fashion,Bata,547.00,1,2024-03-21,Chennai
ORD13320,CUST268,PRD285,Electronics,Sony,613.00,1,2024-03-21,Chennai
ORD13321,CUST1500,PRD176,Home & Kitchen,Borosil,459.00,2,2024-03-21,Delhi
ORD13322,CUST1292,PRD126,Sports,Decathlon,1107.00,1,2024-03-21,Hyderabad
ORD13323,CUST1131,PRD380,Home & Kitchen,Cello,1074.00,1,2024-03-21,Chennai
ORD13323,CUST1131,PRD322,Sports,Puma,1255.00,1,2024-03-21,Chennai
ORD13324,CUST1081,PRD190,Home & Kitchen,Cello,701.00,1,2024-03-21,Hyderabad
ORD13325,CUST482,PRD468,Electronics,Mi,1890.00,2,2024-03-21,Mumbai
ORD13325,CUST482,PRD332,Fashion,Biba,597.00,2,2024-03-21,Mumbai
ORD13326,CUST747,PRD173,Sports,Cosco,555.00,2,2024-03-21,Mumbai
ORD13327,CUST1132,PRD583,Fashion,Biba,735.00,1,2024-03-21,Bengaluru
ORD13328,CUST239,PRD594,Electronics,JBL,3866.00,1,2024-03-21,Hyderabad
ORD13329,CUST1484,PRD410,Electronics,OnePlus,4071.00,1,2024-03-21,Bengaluru
ORD13330,CUST826,PRD142,Fashion,Peter England,1499.00,2,2024-03-22,Kolkata
ORD13331,CUST1089,PRD163,Electronics,Realme,1801.00,1,2024-03-22,Kolkata
ORD13332,CUST075,PRD443,Fashion,Puma,437.00,1,2024-03-22,Mumbai
ORD13333,CUST069,PRD385,Electronics,OnePlus,2378.00,1,2024-03-22,Mumbai
ORD13334,CUST1357,PRD110,Home & Kitchen,Cello,1832.00,1,2024-03-22,Delhi
ORD13334,CUST1357,PRD177,Fashion,Allen Solly,640.00,1,2024-03-22,Delhi
ORD13335,CUST014,PRD475,Fashion,Peter England,1447.00,1,2024-03-22,Pune
ORD13336,CUST109,PRD208,Electronics,Boult,7315.00,1,2024-03-22,Delhi
ORD13337,CUST864,PRD542,Electronics,Noise,1190.00,2,2024-03-22,Mumbai
ORD13338,CUST161,PRD163,Electronics,Realme,1801.00,1,2024-03-22,Pune
ORD13339,CUST838,PRD285,Electronics,Sony,613.00,1,2024-03-22,Mumbai
ORD13340,CUST1033,PRD068,Fashion,Peter England,1019.00,1,2024-03-22,Chennai
ORD13340,CUST1033,PRD132,Home & Kitchen,Milton,455.00,1,2024-03-22,Chennai
ORD13340,CUST1033,PRD298,Home & Kitchen,Borosil,4499.00,1,2024-03-22,Chennai
ORD13340,CUST1033,PRD343,Home & Kitchen,Hawkins,805.00,1,2024-03-22,Chennai
ORD13341,CUST1333,PRD522,Fashion,Woodland,302.00,2,2024-03-22,Bengaluru
ORD13341,CUST1333,PRD140,Home & Kitchen,Prestige,2499.00,1,2024-03-22,Bengaluru
ORD13342,CUST024,PRD362,Home & Kitchen,Wonderchef,564.00,1,2024-03-22,Hyderabad
ORD13343,CUST741,PRD295,Books,Rupa,420.00,1,2024-03-22,Hyderabad
ORD13343,CUST741,PRD441,Electronics,Sony,8613.00,1,2024-03-22,Hyderabad
ORD13344,CUST1389,PRD150,Beauty,Maybelline,726.00,1,2024-03-22,Bengaluru
ORD13345,CUST064,PRD522,Fashion,Woodland,302.00,3,2024-03-22,Bengaluru
ORD13346,CUST697,PRD518,Electronics,Mi,4469.00,1,2024-03-22,Delhi
ORD13346,CUST697,PRD459,Home & Kitchen,Cello,1548.00,3,2024-03-22,Delhi
ORD13347,CUST829,PRD398,Fashion,Biba,591.00,1,2024-03-22,Pune
ORD13348,CUST599,PRD137,Home & Kitchen,Wonderchef,737.00,3,2024-03-22,Bengaluru
ORD13348,CUST599,PRD155,Sports,Cosco,663.00,1,2024-03-22,Bengaluru
ORD13349,CUST021,PRD542,Electronics,Noise,1190.00,1,2024-03-22,Pune
ORD13349,CUST021,PRD285,Electronics,,613.00,2,2024-03-22,Pune
ORD13349,CUST021,PRD584,Sports,Nike,202.00,1,2024-03-22,Pune
ORD13350,CUST295,PRD545,Electronics,Sony,1990.00,2,2024-03-22,Mumbai
ORD13351,CUST526,PRD197,Sports,Cosco,3499.00,2,2024-03-22,Mumbai
ORD13351,CUST526,PRD498,Fashion,Levis,2999.00,1,2024-03-22,Mumbai
ORD13352,CUST1411,PRD268,Fashion,Levis,360.00,2,2024-03-22,Mumbai
ORD13352,CUST1411,PRD580,Sports,Nivia,762.00,2,2024-03-22,Mumbai
ORD13353,CUST609,PRD381,Fashion,Peter England,406.00,1,2024-03-22,Mumbai
ORD13354,CUST663,PRD527,Home & Kitchen,Borosil,731.00,1,2024-03-22,Bengaluru
ORD13355,CUST783,PRD058,Electronics,Mi,2999.00,1,2024-03-22,Bengaluru
ORD13356,CUST1315,PRD093,Fashion,Woodland,562.00,1,2024-03-22,Pune
ORD13357,CUST1214,PRD572,Electronics,Apple,1534.00,2,2024-03-22,Kolkata
ORD13357,CUST1214,PRD436,Sports,Nivia,2199.00,1,2024-03-22,Kolkata
ORD13357,CUST1214,PRD483,Beauty,Lakme,162.00,5,2024-03-22,Kolkata
ORD13357,CUST1214,PRD181,Home & Kitchen,Wonderchef,1046.00,1,2024-03-22,Kolkata
ORD13358,CUST900,PRD380,Home & Kitchen,Cello,1074.00,1,2024-03-22,Bengaluru
ORD13359,CUST775,PRD261,Fashion,Sparx,324.00,5,2024-03-22,Delhi
ORD13360,CUST288,PRD025,Beauty,Nivea,157.00,1,2024-03-22,Mumbai
ORD13361,CUST1373,PRD295,Books,Rupa,420.00,2,2024-03-22,Mumbai
ORD13362,CUST1376,PRD437,Beauty,Himalaya,333.00,3,2024-03-22,Hyderabad
ORD13363,CUST541,PRD473,Electronics,Realme,6236.00,1,2024-03-22,Chennai
ORD13364,CUST606,PRD295,Books,Rupa,420.00,1,2024-03-22,Kolkata
ORD13364,CUST606,PRD329,Electronics,OnePlus,1419.00,2,2024-03-22,Kolkata
ORD13365,CUST1187,PRD162,Beauty,Nivea,177.00,1,2024-03-22,Hyderabad
ORD13366,CUST1372,PRD092,Beauty,Maybelline,184.00,2,2024-03-22,Pune
ORD13367,CUST540,PRD359,Home & Kitchen,Milton,1125.00,1,2024-03-22,Bengaluru
ORD13368,CUST279,PRD363,Home & Kitchen,Milton,399.00,2,2024-03-22,Mumbai
ORD13369,CUST892,PRD340,Fashion,Peter England,1499.00,2,2024-03-22,Pune
ORD13369,CUST892,PRD324,Fashion,Allen Solly,843.00,1,2024-03-22,Pune
ORD13370,CUST168,PRD451,Home & Kitchen,Hawkins,1999.00,1,2024-03-22,Delhi
ORD13371,CUST811,PRD488,Beauty,Maybelline,409.00,1,2024-03-22,Kolkata
ORD13372,CUST209,PRD600,Fashion,Allen Solly,763.00,1,2024-03-22,Delhi
ORD13373,CUST1074,PRD208,Electronics,Boult,7315.00,1,2024-03-22,Kolkata
ORD13373,CUST1074,PRD463,Beauty,Plum,432.00,2,2024-03-22,Kolkata
ORD13374,CUST1100,PRD468,Electronics,Mi,1890.00,2,2024-03-22,Mumbai
ORD13374,CUST1100,PRD041,Sports,Yonex,1121.00,1,2024-03-22,Mumbai
ORD13374,CUST1100,PRD197,Sports,Cosco,3499.00,1,2024-03-22,Mumbai
ORD13375,CUST1344,PRD187,Home & Kitchen,Butterfly,438.00,3,2024-03-22,Bengaluru
ORD13376,CUST242,PRD381,Fashion,Peter England,406.00,1,2024-03-22,Chennai
ORD13376,CUST242,PRD426,Beauty,Biotique,492.00,2,2024-03-22,Chennai
ORD13376,CUST242,PRD126,Sports,Decathlon,1107.00,2,2024-03-22,Chennai
ORD13377,CUST944,PRD500,Electronics,Samsung,18999.00,2,2024-03-22,Chennai
ORD13378,CUST1057,PRD340,Fashion,Peter England,1499.00,2,2024-03-22,Hyderabad
ORD13379,CUST253,PRD494,Fashion,Sparx,605.00,2,2024-03-22,Mumbai
ORD13380,CUST077,PRD303,Electronics,Boult,392.00,3,2024-03-22,Pune
ORD13380,CUST077,PRD480,Sports,Nike,942.00,1,2024-03-22,Pune
ORD13381,CUST481,PRD322,Sports,Puma,1255.00,1,2024-03-23,Bengaluru
ORD13381,CUST481,PRD521,Beauty,Plum,303.00,3,2024-03-23,Bengaluru
ORD13382,CUST574,PRD112,Beauty,Lakme,628.00,1,2024-03-23,Hyderabad
ORD13382,CUST574,PRD509,Electronics,Noise,1956.00,1,2024-03-23,Hyderabad
ORD13382,CUST574,PRD513,Sports,Decathlon,3680.00,1,2024-03-23,Hyderabad
ORD13383,CUST1288,PRD022,Home & Kitchen,Hawkins,1213.00,2,2024-03-23,Pune
ORD13384,CUST1376,PRD535,Fashion,Bata,670.00,1,2024-03-23,Hyderabad
ORD13384,CUST1376,PRD471,Home & Kitchen,Pigeon,1156.00,1,2024-03-23,Hyderabad
ORD13384,CUST1376,PRD208,Electronics,Boult,7315.00,1,2024-03-23,Hyderabad
ORD13385,CUST301,PRD111,Beauty,Nivea,266.00,1,2024-03-23,Mumbai
ORD13386,CUST130,PRD508,Electronics,Sony,1978.00,1,2024-03-23,Delhi
ORD13387,CUST544,PRD225,Electronics,Samsung,469.00,4,2024-03-23,Chennai
ORD13388,CUST1258,PRD190,Home & Kitchen,Cello,701.00,1,2024-03-23,Delhi
ORD13389,CUST920,PRD468,Electronics,Mi,1890.00,1,2024-03-23,Chennai
ORD13390,CUST204,PRD560,Electronics,Samsung,2449.00,2,2024-03-23,Delhi
ORD13391,CUST662,PRD506,Fashion,Allen Solly,745.00,1,2024-03-23,Delhi
ORD13392,CUST1227,PRD544,Home & Kitchen,Butterfly,1694.00,1,2024-03-23,Bengaluru
ORD13393,CUST622,PRD471,Home & Kitchen,Pigeon,1156.00,1,2024-03-23,Delhi
ORD13393,CUST622,PRD031,Beauty,Lakme,547.00,1,2024-03-23,Delhi
ORD13394,CUST966,PRD438,Electronics,Realme,1087.00,1,2024-03-23,Bengaluru
ORD13395,CUST1389,PRD581,Fashion,Woodland,637.00,1,2024-03-23,Bengaluru
ORD13395,CUST1389,PRD247,Sports,Campus,1130.00,2,2024-03-23,Bengaluru
ORD13396,CUST1146,PRD442,Electronics,Apple,1029.00,1,2024-03-23,Delhi
ORD13397,CUST343,PRD092,Beauty,Maybelline,184.00,1,2024-03-23,Bengaluru
ORD13398,CUST1458,PRD361,Fashion,Allen Solly,1073.00,2,2024-03-23,Bengaluru
ORD13398,CUST1458,PRD508,Electronics,Sony,1978.00,1,2024-03-23,Bengaluru
ORD13399,CUST1439,PRD190,Home & Kitchen,Cello,701.00,1,2024-03-23,Mumbai
ORD13400,CUST857,PRD363,Home & Kitchen,Milton,399.00,1,2024-03-23,Mumbai
ORD13401,CUST166,PRD500,Electronics,Samsung,18999.00,2,2024-03-23,Mumbai
ORD13402,CUST139,PRD381,Fashion,Peter England,406.00,1,2024-03-23,Chennai
ORD13402,CUST139,PRD546,Sports,Cosco,1784.00,1,2024-03-23,Chennai
ORD13403,CUST1046,PRD197,Sports,Cosco,3499.00,1,2024-03-23,Hyderabad
ORD13403,CUST1046,PRD522,Fashion,Woodland,302.00,1,2024-03-23,Hyderabad
ORD13403,CUST1046,PRD415,Fashion,Woodland,2499.00,1,2024-03-23,Hyderabad
ORD13404,CUST530,PRD380,Home & Kitchen,,1074.00,1,2024-03-23,Pune
ORD13405,CUST1128,PRD428,Electronics,OnePlus,921.00,1,2024-03-23,Mumbai
ORD13405,CUST1128,PRD035,Home & Kitchen,Hawkins,438.00,3,2024-03-23,Mumbai
ORD13405,CUST1128,PRD567,Electronics,Realme,5695.00,1,2024-03-23,Mumbai
ORD13405,CUST1128,PRD345,Home & Kitchen,Prestige,4499.00,1,2024-03-23,Mumbai
ORD13406,CUST567,PRD461,Fashion,Peter England,1071.00,3,2024-03-23,Mumbai
ORD13407,CUST487,PRD520,Books,Bloomsbury,739.00,1,2024-03-23,Delhi
ORD13408,CUST1074,PRD225,Electronics,Samsung,469.00,2,2024-03-23,Kolkata
ORD13409,CUST421,PRD574,Electronics,Mi,318.00,1,2024-03-23,Ahmedabad
ORD13410,CUST243,PRD257,Electronics,Noise,430.00,5,2024-03-23,Mumbai
ORD13410,CUST243,PRD037,Home & Kitchen,Cello,584.00,3,2024-03-23,Mumbai
ORD13411,CUST1094,PRD261,Fashion,Sparx,324.00,2,2024-03-23,Ahmedabad
ORD13411,CUST1094,PRD155,Sports,Cosco,663.00,2,2024-03-23,Ahmedabad
ORD13412,CUST269,PRD410,Electronics,OnePlus,4071.00,1,2024-03-23,Mumbai
ORD13412,CUST269,PRD247,Sports,Campus,1130.00,3,2024-03-23,Mumbai
ORD13412,CUST269,PRD381,Fashion,Peter England,406.00,1,2024-03-23,Mumbai
ORD13413,CUST1087,PRD298,Home & Kitchen,Borosil,4499.00,1,2024-03-23,Chennai
ORD13413,CUST1087,PRD553,Books,Rupa,163.00,2,2024-03-23,Chennai
ORD13414,CUST835,PRD577,Electronics,Mi,1502.00,1,2024-03-23,Kolkata
ORD13415,CUST795,PRD304,Sports,Campus,1385.00,1,2024-03-23,Bengaluru
ORD13416,CUST626,PRD228,Electronics,Realme,1737.00,1,2024-03-23,Mumbai
ORD13416,CUST626,PRD246,Sports,Decathlon,256.00,3,2024-03-23,Mumbai
ORD13417,CUST1244,PRD507,Books,Aleph,640.00,1,2024-03-23,Kolkata
ORD13418,CUST1379,PRD488,Beauty,Maybelline,409.00,2,2024-03-23,Kolkata
ORD13418,CUST1379,PRD424,Beauty,Himalaya,526.00,1,2024-03-23,Kolkata
ORD13419,CUST625,PRD536,Home & Kitchen,Butterfly,4499.00,1,2024-03-23,Mumbai
ORD13420,CUST324,PRD446,Beauty,Plum,155.00,1,2024-03-23,Pune
ORD13420,CUST324,PRD465,Fashion,Allen Solly,715.00,2,2024-03-23,Pune
ORD13420,CUST324,PRD102,Sports,Cosco,569.00,2,2024-03-23,Pune
ORD13421,CUST568,PRD080,Electronics,Realme,1211.00,1,2024-03-23,Bengaluru
ORD13421,CUST568,PRD381,Fashion,Peter England,406.00,4,2024-03-23,Bengaluru
ORD13422,CUST556,PRD151,Electronics,Realme,620.00,2,2024-03-23,Bengaluru
ORD13423,CUST076,PRD421,Electronics,Realme,507.00,1,2024-03-24,Chennai
ORD13424,CUST277,PRD541,Fashion,Biba,418.00,4,2024-03-24,Chennai
ORD13425,CUST724,PRD183,Books,Aleph,566.00,1,2024-03-24,Chennai
ORD13425,CUST724,PRD043,Electronics,Samsung,1615.00,1,2024-03-24,Chennai
ORD13425,CUST724,PRD325,Sports,Puma,827.00,2,2024-03-24,Chennai
ORD13426,CUST181,PRD163,Electronics,Realme,1801.00,1,2024-03-24,Chennai
ORD13427,CUST1389,PRD129,Home & Kitchen,Pigeon,728.00,2,2024-03-24,Bengaluru
ORD13427,CUST1389,PRD313,Home & Kitchen,Milton,2090.00,1,2024-03-24,Bengaluru
ORD13427,CUST1389,PRD379,Electronics,Realme,3493.00,1,2024-03-24,Bengaluru
ORD13428,CUST456,PRD538,Sports,Nivia,347.00,3,2024-03-24,Bengaluru
ORD13428,CUST456,PRD401,Electronics,Realme,1790.00,1,2024-03-24,Bengaluru
ORD13429,CUST1236,PRD097,Beauty,Plum,617.00,1,2024-03-24,Delhi
ORD13430,CUST375,PRD341,Electronics,Noise,196.00,1,2024-03-24,Delhi
ORD13431,CUST1123,PRD167,Beauty,Biotique,522.00,1,2024-03-24,Kolkata
ORD13432,CUST677,PRD538,Sports,Nivia,347.00,2,2024-03-24,Delhi
ORD13433,CUST719,PRD555,Electronics,Boult,2277.00,1,2024-03-24,Delhi
ORD13434,CUST977,PRD522,Fashion,Woodland,302.00,2,2024-03-24,Mumbai
ORD13435,CUST329,PRD413,Fashion,Woodland,304.00,1,2024-03-24,Chennai
ORD13436,CUST153,PRD588,Electronics,JBL,3249.00,1,2024-03-24,Delhi
ORD13437,CUST1208,PRD600,Fashion,Allen Solly,763.00,1,2024-03-24,Delhi
ORD13438,CUST1264,PRD225,Electronics,Samsung,469.00,1,2024-03-24,Bengaluru
ORD13438,CUST1264,PRD542,Electronics,Noise,1190.00,2,2024-03-24,Bengaluru
ORD13439,CUST1220,PRD271,Home & Kitchen,Cello,404.00,1,2024-03-24,Delhi
ORD13440,CUST021,PRD564,Fashion,Peter England,647.00,1,2024-03-24,Pune
ORD13441,CUST843,PRD195,Books,Bloomsbury,599.00,1,2024-03-24,Mumbai
ORD13441,CUST843,PRD226,Electronics,Sony,413.00,5,2024-03-24,Mumbai
ORD13442,CUST417,PRD439,Electronics,Boat,394.00,4,2024-03-24,Mumbai
ORD13443,CUST454,PRD410,Electronics,OnePlus,4071.00,1,2024-03-24,Chennai
ORD13443,CUST454,PRD381,Fashion,Peter England,406.00,3,2024-03-24,Chennai
ORD13444,CUST892,PRD410,Electronics,OnePlus,4071.00,1,2024-03-24,Pune
ORD13445,CUST959,PRD343,Home & Kitchen,Hawkins,805.00,1,2024-03-24,Delhi
ORD13446,CUST057,PRD197,Sports,Cosco,3499.00,1,2024-03-24,Bengaluru
ORD13446,CUST057,PRD475,Fashion,Peter England,1447.00,1,2024-03-24,Bengaluru
ORD13447,CUST1054,PRD056,Home & Kitchen,Milton,1613.00,1,2024-03-24,Bengaluru
ORD13448,CUST636,PRD079,Fashion,Biba,1249.00,1,2024-03-24,Ahmedabad
ORD13448,CUST636,PRD151,Electronics,Realme,620.00,2,2024-03-24,Ahmedabad
ORD13449,CUST192,PRD247,Sports,Campus,1130.00,2,2024-03-24,Hyderabad
ORD13449,CUST192,PRD397,Sports,Decathlon,1292.00,1,2024-03-24,Hyderabad
ORD13449,CUST192,PRD163,Electronics,Realme,1801.00,1,2024-03-24,Hyderabad
ORD13450,CUST048,PRD307,Books,Rupa,1199.00,1,2024-03-24,Mumbai
ORD13451,CUST1402,PRD200,Beauty,Biotique,209.00,1,2024-03-24,Delhi
ORD13452,CUST660,PRD057,Electronics,Sony,1157.00,2,2024-03-24,Mumbai
ORD13453,CUST1388,PRD521,Beauty,Plum,303.00,1,2024-03-24,Bengaluru
ORD13453,CUST1388,PRD185,Fashion,Woodland,444.00,8,2024-03-24,Bengaluru
ORD13454,CUST1276,PRD461,Fashion,Peter England,1071.00,1,2024-03-24,Bengaluru
ORD13455,CUST366,PRD283,Beauty,Himalaya,318.00,3,2024-03-24,Delhi
ORD13456,CUST795,PRD539,Electronics,Realme,956.00,1,2024-03-24,Bengaluru
ORD13456,CUST795,PRD225,Electronics,Samsung,469.00,1,2024-03-24,Bengaluru
ORD13456,CUST795,PRD004,Home & Kitchen,Pigeon,874.00,1,2024-03-24,Bengaluru
ORD13457,CUST1235,PRD163,Electronics,Realme,1801.00,1,2024-03-24,Kolkata
ORD13458,CUST084,PRD072,Books,Aleph,226.00,1,2024-03-24,Delhi
ORD13458,CUST084,PRD049,Home & Kitchen,Milton,1532.00,1,2024-03-24,Delhi
ORD13458,CUST084,PRD410,Electronics,OnePlus,4071.00,2,2024-03-24,Delhi
ORD13459,CUST1194,PRD126,Sports,Decathlon,1107.00,1,2024-03-24,Hyderabad
ORD13459,CUST1194,PRD410,Electronics,OnePlus,4071.00,1,2024-03-24,Hyderabad
ORD13460,CUST115,PRD326,Fashion,Bata,547.00,1,2024-03-24,Pune
ORD13460,CUST115,PRD444,Electronics,Samsung,346.00,1,2024-03-24,Pune
ORD13461,CUST827,PRD326,Fashion,Bata,547.00,1,2024-03-24,Delhi
ORD13462,CUST372,PRD304,Sports,Campus,1385.00,1,2024-03-24,Delhi
ORD13463,CUST015,PRD444,Electronics,Samsung,346.00,1,2024-03-24,Delhi
ORD13464,CUST858,PRD097,Beauty,Plum,617.00,3,2024-03-24,Chennai
ORD13465,CUST003,PRD410,Electronics,OnePlus,4071.00,1,2024-03-24,Ahmedabad
ORD13466,CUST162,PRD500,Electronics,Samsung,18999.00,1,2024-03-24,Delhi
ORD13466,CUST162,PRD539,Electronics,Realme,956.00,1,2024-03-24,Delhi
ORD13466,CUST162,PRD180,Home & Kitchen,Cello,835.00,1,2024-03-24,Delhi
ORD13466,CUST162,PRD137,Home & Kitchen,Wonderchef,737.00,2,2024-03-24,Delhi
ORD13467,CUST903,PRD575,Sports,Cosco,2199.00,1,2024-03-24,Mumbai
ORD13468,CUST165,PRD180,Home & Kitchen,Cello,835.00,2,2024-03-25,Kolkata
ORD13468,CUST165,PRD326,Fashion,Bata,547.00,1,2024-03-25,Kolkata
ORD13469,CUST800,PRD219,Beauty,Nivea,480.00,6,2024-03-25,Bengaluru
ORD13470,CUST702,PRD429,Electronics,Boult,577.00,1,2024-03-25,Pune
ORD13471,CUST424,PRD519,Sports,Adidas,826.00,1,2024-03-25,Delhi
ORD13472,CUST825,PRD163,Electronics,Realme,1801.00,1,2024-03-25,Pune
ORD13472,CUST825,PRD225,Electronics,Samsung,469.00,4,2024-03-25,Pune
ORD13472,CUST825,PRD285,Electronics,Sony,613.00,2,2024-03-25,Pune
ORD13472,CUST825,PRD170,Home & Kitchen,Hawkins,493.00,1,2024-03-25,Pune
ORD13473,CUST883,PRD138,Beauty,Himalaya,390.00,1,2024-03-25,Delhi
ORD13474,CUST648,PRD285,Electronics,Sony,613.00,1,2024-03-25,Delhi
ORD13475,CUST1430,PRD245,Sports,,3495.00,1,2024-03-25,Mumbai
ORD13475,CUST1430,PRD310,Sports,Decathlon,2499.00,1,2024-03-25,Mumbai
ORD13476,CUST578,PRD332,Fashion,Biba,597.00,3,2024-03-25,Bengaluru
ORD13476,CUST578,PRD268,Fashion,Levis,360.00,2,2024-03-25,Bengaluru
ORD13477,CUST696,PRD215,Sports,Campus,638.00,1,2024-03-25,Hyderabad
ORD13477,CUST696,PRD522,Fashion,Woodland,302.00,4,2024-03-25,Hyderabad
ORD13477,CUST696,PRD559,Sports,Nivia,899.00,1,2024-03-25,Hyderabad
ORD13478,CUST132,PRD382,Electronics,Realme,247.00,3,2024-03-25,Chennai
ORD13478,CUST132,PRD427,Beauty,Biotique,217.00,2,2024-03-25,Chennai
ORD13479,CUST673,PRD165,Beauty,Nivea,321.00,1,2024-03-25,Chennai
ORD13480,CUST472,PRD166,Electronics,Boult,1527.00,1,2024-03-25,Delhi
ORD13481,CUST1297,PRD086,Sports,Decathlon,1825.00,1,2024-03-25,Hyderabad
ORD13481,CUST1297,PRD451,Home & Kitchen,Hawkins,1999.00,1,2024-03-25,Hyderabad
ORD13481,CUST1297,PRD460,Beauty,Lakme,252.00,3,2024-03-25,Hyderabad
ORD13481,CUST1297,PRD030,Electronics,Mi,1686.00,1,2024-03-25,Hyderabad
ORD13482,CUST629,PRD312,Sports,Nike,3499.00,1,2024-03-25,Delhi
ORD13483,CUST1288,PRD440,Beauty,Maybelline,250.00,1,2024-03-25,Pune
ORD13484,CUST902,PRD097,Beauty,Plum,617.00,1,2024-03-25,Hyderabad
ORD13485,CUST978,PRD189,Electronics,Apple,2336.00,1,2024-03-25,Mumbai
ORD13486,CUST154,PRD311,Sports,Nike,876.00,1,2024-03-25,Mumbai
ORD13486,CUST154,PRD130,Electronics,Sony,897.00,1,2024-03-25,Mumbai
ORD13487,CUST243,PRD137,Home & Kitchen,Wonderchef,737.00,2,2024-03-25,Mumbai
ORD13487,CUST243,PRD583,Fashion,Biba,735.00,1,2024-03-25,Mumbai
ORD13488,CUST1269,PRD089,Fashion,Peter England,652.00,1,2024-03-25,Hyderabad
ORD13488,CUST1269,PRD076,Sports,Nivia,579.00,1,2024-03-25,Hyderabad
ORD13489,CUST1457,PRD295,Books,Rupa,420.00,8,2024-03-25,Delhi
ORD13490,CUST271,PRD029,Beauty,Lakme,431.00,8,2024-03-25,Mumbai
ORD13490,CUST271,PRD527,Home & Kitchen,Borosil,731.00,3,2024-03-25,Mumbai
ORD13490,CUST271,PRD240,Home & Kitchen,Pigeon,1232.00,1,2024-03-25,Mumbai
ORD13491,CUST016,PRD238,Home & Kitchen,Borosil,948.00,1,2024-03-25,Mumbai
ORD13491,CUST016,PRD164,Fashion,Biba,1226.00,2,2024-03-25,Mumbai
ORD13492,CUST1385,PRD078,Fashion,Woodland,513.00,2,2024-03-25,Hyderabad
ORD13493,CUST096,PRD122,Sports,Yonex,2499.00,1,2024-03-25,Delhi
ORD13494,CUST1254,PRD265,Books,HarperCollins,599.00,1,2024-03-25,Bengaluru
ORD13494,CUST1254,PRD426,Beauty,Biotique,492.00,3,2024-03-25,Bengaluru
ORD13495,CUST594,PRD104,Home & Kitchen,Butterfly,875.00,1,2024-03-25,Delhi
ORD13496,CUST364,PRD521,Beauty,Plum,303.00,5,2024-03-25,Chennai
ORD13497,CUST924,PRD107,Electronics,JBL,844.00,1,2024-03-25,Chennai
ORD13498,CUST1300,PRD056,Home & Kitchen,Milton,1613.00,1,2024-03-25,Mumbai
ORD13499,CUST114,PRD225,Electronics,Samsung,469.00,1,2024-03-25,Chennai
ORD13499,CUST114,PRD315,Home & Kitchen,Prestige,668.00,1,2024-03-25,Chennai
ORD13499,CUST114,PRD180,Home & Kitchen,Cello,835.00,1,2024-03-25,Chennai
ORD13500,CUST612,PRD279,Fashion,Peter England,462.00,3,2024-03-25,Kolkata
ORD13501,CUST051,PRD377,Sports,Adidas,558.00,1,2024-03-25,Chennai
ORD13502,CUST784,PRD324,Fashion,Allen Solly,843.00,2,2024-03-25,Hyderabad
ORD13502,CUST784,PRD170,Home & Kitchen,Hawkins,493.00,3,2024-03-25,Hyderabad
ORD13503,CUST966,PRD174,Fashion,Bata,1462.00,1,2024-03-25,Bengaluru
ORD13504,CUST873,PRD143,Books,Rupa,497.00,1,2024-03-25,Chennai
ORD13504,CUST873,PRD488,Beauty,Maybelline,409.00,1,2024-03-25,Chennai
ORD13505,CUST1171,PRD401,Electronics,Realme,1790.00,2,2024-03-25,Pune
ORD13505,CUST1171,PRD498,Fashion,Levis,2999.00,1,2024-03-25,Pune
ORD13506,CUST244,PRD132,Home & Kitchen,Milton,455.00,1,2024-03-25,Mumbai
ORD13506,CUST244,PRD462,Electronics,Noise,2358.00,1,2024-03-25,Mumbai
ORD13507,CUST050,PRD584,Sports,Nike,202.00,6,2024-03-25,Bengaluru
ORD13507,CUST050,PRD336,Electronics,Mi,185.00,3,2024-03-25,Bengaluru
ORD13507,CUST050,PRD101,Electronics,Boult,1168.00,3,2024-03-25,Bengaluru
ORD13507,CUST050,PRD116,Electronics,JBL,1323.00,1,2024-03-25,Bengaluru
ORD13508,CUST1312,PRD564,Fashion,Peter England,647.00,3,2024-03-25,Bengaluru
ORD13508,CUST1312,PRD584,Sports,Nike,202.00,4,2024-03-25,Bengaluru
ORD13509,CUST774,PRD508,Electronics,Sony,1978.00,1,2024-03-25,Mumbai
ORD13510,CUST304,PRD462,Electronics,Noise,2358.00,1,2024-03-26,Bengaluru
ORD13510,CUST304,PRD209,Home & Kitchen,Pigeon,503.00,1,2024-03-26,Bengaluru
ORD13510,CUST304,PRD282,Fashion,Levis,846.00,1,2024-03-26,Bengaluru
ORD13511,CUST899,PRD444,Electronics,Samsung,346.00,1,2024-03-26,Delhi
ORD13511,CUST899,PRD342,Books,Westland,462.00,3,2024-03-26,Delhi
ORD13512,CUST1024,PRD529,Beauty,Biotique,234.00,1,2024-03-26,Bengaluru
ORD13513,CUST1363,PRD471,Home & Kitchen,Pigeon,1156.00,2,2024-03-26,Kolkata
ORD13514,CUST1165,PRD471,Home & Kitchen,Pigeon,1156.00,1,2024-03-26,Mumbai
ORD13514,CUST1165,PRD163,Electronics,Realme,1801.00,1,2024-03-26,Mumbai
ORD13515,CUST628,PRD414,Beauty,Mamaearth,733.00,2,2024-03-26,Mumbai
ORD13515,CUST628,PRD163,Electronics,Realme,1801.00,1,2024-03-26,Mumbai
ORD13515,CUST628,PRD303,Electronics,Boult,392.00,2,2024-03-26,Mumbai
ORD13515,CUST628,PRD410,Electronics,OnePlus,4071.00,1,2024-03-26,Mumbai
ORD13516,CUST376,PRD425,Electronics,Realme,1566.00,1,2024-03-26,Pune
ORD13516,CUST376,PRD247,Sports,Campus,1130.00,1,2024-03-26,Pune
ORD13517,CUST1443,PRD230,Electronics,Apple,1596.00,1,2024-03-26,Hyderabad
ORD13517,CUST1443,PRD471,Home & Kitchen,Pigeon,1156.00,1,2024-03-26,Hyderabad
ORD13518,CUST1117,PRD457,Beauty,Himalaya,385.00,3,2024-03-26,Bengaluru
ORD13519,CUST1128,PRD174,Fashion,Bata,1462.00,1,2024-03-26,Mumbai
ORD13519,CUST1128,PRD415,Fashion,Woodland,2499.00,1,2024-03-26,Mumbai
ORD13519,CUST1128,PRD536,Home & Kitchen,Butterfly,4499.00,1,2024-03-26,Mumbai
ORD13519,CUST1128,PRD577,Electronics,Mi,1502.00,1,2024-03-26,Mumbai
ORD13520,CUST803,PRD500,Electronics,Samsung,18999.00,1,2024-03-26,Kolkata
ORD13521,CUST258,PRD419,Electronics,Boat,849.00,1,2024-03-26,Mumbai
ORD13521,CUST258,PRD107,Electronics,JBL,844.00,1,2024-03-26,Mumbai
ORD13522,CUST618,PRD503,Fashion,Sparx,561.00,2,2024-03-26,Mumbai
ORD13522,CUST618,PRD163,Electronics,Realme,1801.00,1,2024-03-26,Mumbai
ORD13523,CUST356,PRD429,Electronics,Boult,577.00,2,2024-03-26,Mumbai
ORD13524,CUST1344,PRD571,Home & Kitchen,Hawkins,1757.00,1,2024-03-26,Bengaluru
ORD13525,CUST055,PRD162,Beauty,Nivea,177.00,4,2024-03-26,Hyderabad
ORD13526,CUST683,PRD323,Fashion,Woodland,312.00,2,2024-03-26,Mumbai
ORD13527,CUST715,PRD437,Beauty,Himalaya,333.00,3,2024-03-26,Chennai
ORD13528,CUST652,PRD522,Fashion,Woodland,302.00,2,2024-03-26,Kolkata
ORD13528,CUST652,PRD137,Home & Kitchen,Wonderchef,737.00,1,2024-03-26,Kolkata
ORD13528,CUST652,PRD265,Books,HarperCollins,599.00,2,2024-03-26,Kolkata
ORD13529,CUST354,PRD425,Electronics,Realme,1566.00,1,2024-03-26,Hyderabad
ORD13529,CUST354,PRD197,Sports,Cosco,3499.00,1,2024-03-26,Hyderabad
ORD13530,CUST064,PRD262,Electronics,Apple,3501.00,1,2024-03-26,Bengaluru
ORD13530,CUST064,PRD342,Books,,462.00,1,2024-03-26,Bengaluru
ORD13531,CUST1313,PRD110,Home & Kitchen,Cello,1832.00,2,2024-03-26,Mumbai
ORD13531,CUST1313,PRD524,Beauty,Himalaya,249.00,1,2024-03-26,Mumbai
ORD13532,CUST1065,PRD162,Beauty,Nivea,177.00,4,2024-03-26,Pune
ORD13532,CUST1065,PRD485,Electronics,Apple,420.00,2,2024-03-26,Pune
ORD13533,CUST794,PRD501,Electronics,Realme,1499.00,1,2024-03-26,Bengaluru
ORD13533,CUST794,PRD325,Sports,Puma,827.00,1,2024-03-26,Bengaluru
ORD13534,CUST268,PRD174,Fashion,Bata,1462.00,2,2024-03-26,Chennai
ORD13534,CUST268,PRD199,Fashion,Woodland,4299.00,1,2024-03-26,Chennai
ORD13534,CUST268,PRD042,Home & Kitchen,Prestige,2999.00,1,2024-03-26,Chennai
ORD13535,CUST1038,PRD071,Beauty,Himalaya,243.00,3,2024-03-26,Mumbai
ORD13535,CUST1038,PRD522,Fashion,Woodland,302.00,2,2024-03-26,Mumbai
ORD13535,CUST1038,PRD145,Electronics,Boult,241.00,2,2024-03-26,Mumbai
ORD13536,CUST1469,PRD197,Sports,Cosco,3499.00,1,2024-03-26,Delhi
ORD13536,CUST1469,PRD597,Electronics,Mi,541.00,1,2024-03-26,Delhi
ORD13536,CUST1469,PRD406,Fashion,Levis,1299.00,1,2024-03-26,Delhi
ORD13536,CUST1469,PRD353,Beauty,Nivea,228.00,1,2024-03-26,Delhi
ORD13537,CUST115,PRD215,Sports,Campus,638.00,1,2024-03-26,Pune
ORD13537,CUST115,PRD387,Electronics,Realme,315.00,4,2024-03-26,Pune
ORD13538,CUST517,PRD465,Fashion,Allen Solly,715.00,3,2024-03-26,Bengaluru
ORD13538,CUST517,PRD365,Home & Kitchen,Butterfly,960.00,1,2024-03-26,Bengaluru
ORD13538,CUST517,PRD332,Fashion,Biba,597.00,2,2024-03-26,Bengaluru
ORD13538,CUST517,PRD562,Books,Westland,999.00,2,2024-03-26,Bengaluru
ORD13539,CUST105,PRD439,Electronics,,394.00,3,2024-03-26,Mumbai
ORD13540,CUST1059,PRD560,Electronics,Samsung,2449.00,1,2024-03-26,Delhi
ORD13541,CUST475,PRD132,Home & Kitchen,Milton,455.00,3,2024-03-26,Kolkata
ORD13542,CUST465,PRD174,Fashion,Bata,1462.00,1,2024-03-26,Bengaluru
ORD13542,CUST465,PRD058,Electronics,Mi,2999.00,1,2024-03-26,Bengaluru
ORD13543,CUST1094,PRD339,Electronics,OnePlus,1061.00,1,2024-03-26,Ahmedabad
ORD13543,CUST1094,PRD222,Home & Kitchen,Cello,968.00,1,2024-03-26,Ahmedabad
ORD13544,CUST1377,PRD429,Electronics,Boult,577.00,2,2024-03-26,Delhi
ORD13545,CUST036,PRD391,Fashion,Bata,1999.00,2,2024-03-26,Pune
ORD13545,CUST036,PRD238,Home & Kitchen,Borosil,948.00,2,2024-03-26,Pune
ORD13546,CUST992,PRD221,Fashion,Levis,2199.00,1,2024-03-26,Delhi
ORD13547,CUST773,PRD053,Sports,Cosco,2360.00,1,2024-03-26,Mumbai
ORD13548,CUST1212,PRD225,Electronics,Samsung,469.00,1,2024-03-26,Chennai
ORD13549,CUST280,PRD461,Fashion,Peter England,1071.00,3,2024-03-26,Bengaluru
ORD13550,CUST1496,PRD240,Home & Kitchen,Pigeon,1232.00,1,2024-03-26,Hyderabad
ORD13551,CUST1448,PRD066,Electronics,JBL,487.00,1,2024-03-26,Pune
ORD13552,CUST1280,PRD174,Fashion,Bata,1462.00,1,2024-03-26,Hyderabad
ORD13552,CUST1280,PRD312,Sports,Nike,3499.00,1,2024-03-26,Hyderabad
ORD13552,CUST1280,PRD246,Sports,Decathlon,256.00,1,2024-03-26,Hyderabad
ORD13553,CUST1260,PRD145,Electronics,Boult,241.00,1,2024-03-26,Mumbai
ORD13554,CUST1062,PRD037,Home & Kitchen,Cello,584.00,1,2024-03-27,Chennai
ORD13555,CUST1045,PRD460,Beauty,Lakme,252.00,2,2024-03-27,Mumbai
ORD13556,CUST1434,PRD201,Fashion,Puma,841.00,3,2024-03-27,Mumbai
ORD13556,CUST1434,PRD322,Sports,Puma,1255.00,1,2024-03-27,Mumbai
ORD13557,CUST599,PRD407,Sports,Puma,235.00,3,2024-03-27,Bengaluru
ORD13557,CUST599,PRD303,Electronics,Boult,392.00,1,2024-03-27,Bengaluru
ORD13557,CUST599,PRD197,Sports,Cosco,3499.00,1,2024-03-27,Bengaluru
ORD13557,CUST599,PRD577,Electronics,Mi,1502.00,1,2024-03-27,Bengaluru
ORD13558,CUST002,PRD385,Electronics,OnePlus,2378.00,1,2024-03-27,Delhi
ORD13559,CUST198,PRD039,Beauty,Himalaya,936.00,1,2024-03-27,Ahmedabad
ORD13560,CUST758,PRD511,Electronics,Boult,1972.00,2,2024-03-27,Chennai
ORD13560,CUST758,PRD251,Fashion,Puma,761.00,1,2024-03-27,Chennai
ORD13561,CUST1007,PRD584,Sports,Nike,202.00,6,2024-03-27,Hyderabad
ORD13562,CUST538,PRD535,Fashion,Bata,670.00,1,2024-03-27,Mumbai
ORD13562,CUST538,PRD334,Beauty,Maybelline,599.00,2,2024-03-27,Mumbai
ORD13563,CUST669,PRD521,Beauty,Plum,303.00,2,2024-03-27,Bengaluru
ORD13564,CUST1313,PRD385,Electronics,OnePlus,2378.00,1,2024-03-27,Mumbai
ORD13564,CUST1313,PRD600,Fashion,Allen Solly,763.00,1,2024-03-27,Mumbai
ORD13565,CUST983,PRD386,Fashion,Bata,1023.00,1,2024-03-27,Kolkata
ORD13566,CUST628,PRD506,Fashion,Allen Solly,745.00,1,2024-03-27,Mumbai
ORD13567,CUST1139,PRD373,Fashion,Peter England,527.00,1,2024-03-27,Chennai
ORD13567,CUST1139,PRD577,Electronics,Mi,1502.00,1,2024-03-27,Chennai
ORD13568,CUST776,PRD290,Electronics,Apple,504.00,1,2024-03-27,Mumbai
ORD13568,CUST776,PRD170,Home & Kitchen,Hawkins,493.00,2,2024-03-27,Mumbai
ORD13569,CUST101,PRD253,Home & Kitchen,Milton,1106.00,1,2024-03-27,Mumbai
ORD13570,CUST156,PRD176,Home & Kitchen,Borosil,459.00,1,2024-03-27,Mumbai
ORD13571,CUST571,PRD298,Home & Kitchen,Borosil,4499.00,1,2024-03-27,Delhi
ORD13571,CUST571,PRD208,Electronics,Boult,7315.00,1,2024-03-27,Delhi
ORD13571,CUST571,PRD317,Home & Kitchen,Butterfly,2280.00,1,2024-03-27,Delhi
ORD13572,CUST778,PRD491,Electronics,Boat,1154.00,1,2024-03-27,Chennai
ORD13573,CUST401,PRD513,Sports,Decathlon,3680.00,1,2024-03-27,Mumbai
ORD13574,CUST154,PRD178,Beauty,Maybelline,1099.00,3,2024-03-27,Mumbai
ORD13575,CUST1119,PRD410,Electronics,OnePlus,4071.00,1,2024-03-27,Delhi
ORD13575,CUST1119,PRD061,Home & Kitchen,Prestige,1999.00,1,2024-03-27,Delhi
ORD13575,CUST1119,PRD054,Sports,Nike,1327.00,2,2024-03-27,Delhi
ORD13576,CUST626,PRD247,Sports,Campus,1130.00,2,2024-03-27,Mumbai
ORD13576,CUST626,PRD062,Home & Kitchen,Cello,1709.00,1,2024-03-27,Mumbai
ORD13576,CUST626,PRD225,Electronics,Samsung,469.00,1,2024-03-27,Mumbai
ORD13577,CUST1424,PRD405,Beauty,Maybelline,227.00,2,2024-03-27,Ahmedabad
ORD13578,CUST707,PRD288,Electronics,Realme,472.00,1,2024-03-28,Mumbai
ORD13578,CUST707,PRD506,Fashion,Allen Solly,745.00,2,2024-03-28,Mumbai
ORD13578,CUST707,PRD287,Beauty,Plum,178.00,2,2024-03-28,Mumbai
ORD13579,CUST1292,PRD229,Electronics,Boat,976.00,1,2024-03-28,Hyderabad
ORD13579,CUST1292,PRD197,Sports,Cosco,3499.00,1,2024-03-28,Hyderabad
ORD13580,CUST253,PRD374,Electronics,Samsung,1706.00,2,2024-03-28,Mumbai
ORD13580,CUST253,PRD521,Beauty,Plum,303.00,4,2024-03-28,Mumbai
ORD13580,CUST253,PRD039,Beauty,Himalaya,936.00,1,2024-03-28,Mumbai
ORD13581,CUST960,PRD427,Beauty,Biotique,217.00,2,2024-03-28,Ahmedabad
ORD13582,CUST474,PRD174,Fashion,Bata,1462.00,1,2024-03-28,Hyderabad
ORD13583,CUST1074,PRD163,Electronics,Realme,1801.00,1,2024-03-28,Kolkata
ORD13583,CUST1074,PRD197,Sports,Cosco,3499.00,1,2024-03-28,Kolkata
ORD13584,CUST208,PRD410,Electronics,OnePlus,4071.00,1,2024-03-28,Mumbai
ORD13585,CUST1355,PRD094,Books,Rupa,415.00,5,2024-03-28,Hyderabad
ORD13586,CUST1033,PRD163,Electronics,Realme,1801.00,1,2024-03-28,Chennai
ORD13587,CUST007,PRD174,Fashion,Bata,1462.00,2,2024-03-28,Mumbai
ORD13588,CUST576,PRD513,Sports,Decathlon,3680.00,1,2024-03-28,Mumbai
ORD13588,CUST576,PRD105,Beauty,Biotique,179.00,2,2024-03-28,Mumbai
ORD13589,CUST1063,PRD118,Home & Kitchen,Hawkins,2389.00,1,2024-03-28,Bengaluru
ORD13590,CUST1122,PRD058,Electronics,Mi,2999.00,1,2024-03-28,Pune
ORD13590,CUST1122,PRD195,Books,Bloomsbury,599.00,1,2024-03-28,Pune
ORD13591,CUST965,PRD140,Home & Kitchen,Prestige,2499.00,1,2024-03-28,Mumbai
ORD13592,CUST178,PRD143,Books,Rupa,497.00,3,2024-03-28,Mumbai
ORD13593,CUST622,PRD461,Fashion,Peter England,1071.00,2,2024-03-28,Delhi
ORD13594,CUST313,PRD051,Fashion,Woodland,755.00,1,2024-03-28,Bengaluru
ORD13594,CUST313,PRD419,Electronics,Boat,849.00,1,2024-03-28,Bengaluru
ORD13594,CUST313,PRD584,Sports,Nike,202.00,2,2024-03-28,Bengaluru
ORD13595,CUST1499,PRD441,Electronics,Sony,8613.00,1,2024-03-28,Ahmedabad
ORD13595,CUST1499,PRD548,Electronics,Boult,2691.00,1,2024-03-28,Ahmedabad
ORD13596,CUST106,PRD572,Electronics,Apple,1534.00,1,2024-03-28,Bengaluru
ORD13596,CUST106,PRD341,Electronics,Noise,196.00,1,2024-03-28,Bengaluru
ORD13597,CUST397,PRD363,Home & Kitchen,Milton,399.00,1,2024-03-28,Pune
ORD13598,CUST1136,PRD392,Home & Kitchen,Pigeon,1205.00,1,2024-03-28,Bengaluru
ORD13598,CUST1136,PRD372,Beauty,Biotique,415.00,2,2024-03-28,Bengaluru
ORD13598,CUST1136,PRD468,Electronics,Mi,1890.00,1,2024-03-28,Bengaluru
ORD13598,CUST1136,PRD140,Home & Kitchen,Prestige,2499.00,1,2024-03-28,Bengaluru
ORD13599,CUST977,PRD519,Sports,Adidas,826.00,1,2024-03-28,Mumbai
ORD13599,CUST977,PRD163,Electronics,Realme,1801.00,1,2024-03-28,Mumbai
ORD13599,CUST977,PRD162,Beauty,Nivea,177.00,1,2024-03-28,Mumbai
ORD13600,CUST504,PRD225,Electronics,Samsung,469.00,1,2024-03-28,Hyderabad
ORD13600,CUST504,PRD563,Electronics,Samsung,443.00,2,2024-03-28,Hyderabad
ORD13600,CUST504,PRD397,Sports,Decathlon,1292.00,2,2024-03-28,Hyderabad
ORD13601,CUST898,PRD040,Electronics,Apple,817.00,1,2024-03-28,Kolkata
ORD13602,CUST1078,PRD197,Sports,Cosco,3499.00,1,2024-03-28,Hyderabad
ORD13603,CUST714,PRD197,Sports,Cosco,3499.00,1,2024-03-28,Delhi
ORD13604,CUST1280,PRD401,Electronics,Realme,1790.00,3,2024-03-28,Hyderabad
ORD13605,CUST1047,PRD020,Beauty,Maybelline,169.00,2,2024-03-28,Mumbai
ORD13606,CUST565,PRD121,Beauty,Biotique,1199.00,1,2024-03-28,Hyderabad
ORD13607,CUST435,PRD317,Home & Kitchen,Butterfly,2280.00,1,2024-03-28,Delhi
ORD13608,CUST114,PRD434,Home & Kitchen,Cello,2260.00,1,2024-03-28,Chennai
ORD13609,CUST180,PRD049,Home & Kitchen,Milton,1532.00,1,2024-03-28,Delhi
ORD13609,CUST180,PRD410,Electronics,OnePlus,4071.00,1,2024-03-28,Delhi
ORD13610,CUST997,PRD292,Home & Kitchen,Cello,2099.00,1,2024-03-28,Bengaluru
ORD13610,CUST997,PRD584,Sports,Nike,202.00,4,2024-03-28,Bengaluru
ORD13611,CUST188,PRD065,Electronics,Sony,211.00,1,2024-03-28,Pune
ORD13611,CUST188,PRD096,Electronics,Mi,167.00,1,2024-03-28,Pune
ORD13612,CUST1306,PRD514,Electronics,Samsung,170.00,2,2024-03-28,Delhi
ORD13612,CUST1306,PRD522,Fashion,Woodland,302.00,2,2024-03-28,Delhi
ORD13613,CUST1282,PRD129,Home & Kitchen,Pigeon,728.00,1,2024-03-28,Delhi
ORD13613,CUST1282,PRD091,Home & Kitchen,Cello,349.00,5,2024-03-28,Delhi
ORD13613,CUST1282,PRD509,Electronics,Noise,1956.00,1,2024-03-28,Delhi
ORD13613,CUST1282,PRD026,Home & Kitchen,Milton,781.00,1,2024-03-28,Delhi
ORD13614,CUST881,PRD564,Fashion,Peter England,647.00,1,2024-03-28,Kolkata
ORD13615,CUST1094,PRD307,Books,Rupa,1199.00,2,2024-03-28,Ahmedabad
ORD13616,CUST069,PRD163,Electronics,Realme,1801.00,1,2024-03-28,Mumbai
ORD13617,CUST811,PRD517,Fashion,Biba,1273.00,2,2024-03-28,Kolkata
ORD13617,CUST811,PRD349,Books,Bloomsbury,864.00,1,2024-03-28,Kolkata
ORD13617,CUST811,PRD202,Sports,Nike,1517.00,1,2024-03-28,Kolkata
ORD13618,CUST944,PRD304,Sports,Campus,1385.00,1,2024-03-28,Chennai
ORD13618,CUST944,PRD208,Electronics,Boult,7315.00,1,2024-03-28,Chennai
ORD13619,CUST242,PRD588,Electronics,JBL,3249.00,1,2024-03-28,Chennai
ORD13620,CUST337,PRD539,Electronics,Realme,956.00,1,2024-03-29,Delhi
ORD13621,CUST855,PRD532,Electronics,Noise,719.00,1,2024-03-29,Chennai
ORD13622,CUST765,PRD247,Sports,Campus,1130.00,1,2024-03-29,Hyderabad
ORD13623,CUST996,PRD439,Electronics,Boat,394.00,2,2024-03-29,Bengaluru
ORD13623,CUST996,PRD163,Electronics,Realme,1801.00,1,2024-03-29,Bengaluru
ORD13624,CUST416,PRD592,Fashion,Levis,555.00,2,2024-03-29,Bengaluru
ORD13624,CUST416,PRD554,Home & Kitchen,Borosil,403.00,1,2024-03-29,Bengaluru
ORD13624,CUST416,PRD477,Fashion,Levis,678.00,3,2024-03-29,Bengaluru
ORD13624,CUST416,PRD374,Electronics,Samsung,1706.00,3,2024-03-29,Bengaluru
ORD13625,CUST1006,PRD177,Fashion,Allen Solly,640.00,1,2024-03-29,Pune
ORD13625,CUST1006,PRD180,Home & Kitchen,Cello,835.00,2,2024-03-29,Pune
ORD13626,CUST1044,PRD169,Home & Kitchen,Milton,801.00,2,2024-03-29,Ahmedabad
ORD13626,CUST1044,PRD529,Beauty,Biotique,234.00,5,2024-03-29,Ahmedabad
ORD13626,CUST1044,PRD100,Electronics,Boat,413.00,1,2024-03-29,Ahmedabad
ORD13627,CUST732,PRD260,Home & Kitchen,Borosil,352.00,4,2024-03-29,Delhi
ORD13628,CUST1354,PRD140,Home & Kitchen,Prestige,2499.00,1,2024-03-29,Chennai
ORD13629,CUST485,PRD586,Fashion,Biba,738.00,1,2024-03-29,Hyderabad
ORD13629,CUST485,PRD306,Home & Kitchen,Wonderchef,732.00,1,2024-03-29,Hyderabad
ORD13630,CUST938,PRD446,Beauty,Plum,155.00,2,2024-03-29,Pune
ORD13630,CUST938,PRD030,Electronics,Mi,1686.00,1,2024-03-29,Pune
ORD13630,CUST938,PRD131,Beauty,Plum,667.00,1,2024-03-29,Pune
ORD13630,CUST938,PRD177,Fashion,Allen Solly,640.00,2,2024-03-29,Pune
ORD13631,CUST192,PRD163,Electronics,Realme,1801.00,1,2024-03-29,Hyderabad
ORD13632,CUST754,PRD443,Fashion,Puma,437.00,8,2024-03-29,Delhi
ORD13633,CUST598,PRD332,Fashion,Biba,597.00,3,2024-03-29,Delhi
ORD13633,CUST598,PRD509,Electronics,Noise,1956.00,3,2024-03-29,Delhi
ORD13633,CUST598,PRD161,Home & Kitchen,Cello,1367.00,1,2024-03-29,Delhi
ORD13634,CUST014,PRD222,Home & Kitchen,Cello,968.00,1,2024-03-29,Pune
ORD13635,CUST250,PRD468,Electronics,Mi,1890.00,2,2024-03-29,Delhi
ORD13635,CUST250,PRD177,Fashion,Allen Solly,640.00,1,2024-03-29,Delhi
ORD13636,CUST1408,PRD381,Fashion,Peter England,406.00,1,2024-03-29,Bengaluru
ORD13637,CUST954,PRD215,Sports,Campus,638.00,1,2024-03-29,Kolkata
ORD13637,CUST954,PRD326,Fashion,Bata,547.00,1,2024-03-29,Kolkata
ORD13637,CUST954,PRD463,Beauty,Plum,432.00,1,2024-03-29,Kolkata
ORD13638,CUST1192,PRD584,Sports,Nike,202.00,1,2024-03-29,Delhi
ORD13639,CUST574,PRD575,Sports,Cosco,2199.00,1,2024-03-29,Hyderabad
ORD13640,CUST840,PRD588,Electronics,JBL,3249.00,1,2024-03-29,Mumbai
ORD13640,CUST840,PRD197,Sports,Cosco,3499.00,1,2024-03-29,Mumbai
ORD13640,CUST840,PRD595,Fashion,Sparx,934.00,1,2024-03-29,Mumbai
ORD13640,CUST840,PRD461,Fashion,Peter England,1071.00,2,2024-03-29,Mumbai
ORD13641,CUST1254,PRD425,Electronics,Realme,1566.00,1,2024-03-29,Bengaluru
ORD13642,CUST394,PRD492,Fashion,Biba,452.00,2,2024-03-29,Delhi
ORD13643,CUST1199,PRD307,Books,Rupa,1199.00,1,2024-03-29,Bengaluru
ORD13644,CUST1142,PRD521,Beauty,Plum,303.00,8,2024-03-29,Delhi
ORD13644,CUST1142,PRD307,Books,Rupa,1199.00,1,2024-03-29,Delhi
ORD13645,CUST1181,PRD567,Electronics,Realme,5695.00,1,2024-03-29,Chennai
ORD13645,CUST1181,PRD193,Sports,Nivia,1965.00,1,2024-03-29,Chennai
ORD13646,CUST1280,PRD181,Home & Kitchen,Wonderchef,1046.00,1,2024-03-29,Hyderabad
ORD13646,CUST1280,PRD071,Beauty,Himalaya,243.00,1,2024-03-29,Hyderabad
ORD13646,CUST1280,PRD245,Sports,Nike,3495.00,1,2024-03-29,Hyderabad
ORD13646,CUST1280,PRD508,Electronics,Sony,1978.00,2,2024-03-29,Hyderabad
ORD13647,CUST1183,PRD404,Beauty,Nivea,493.00,4,2024-03-29,Chennai
ORD13648,CUST562,PRD144,Fashion,Allen Solly,315.00,3,2024-03-29,Bengaluru
ORD13648,CUST562,PRD058,Electronics,Mi,2999.00,1,2024-03-29,Bengaluru
ORD13648,CUST562,PRD153,Electronics,Apple,1631.00,1,2024-03-29,Bengaluru
ORD13649,CUST1068,PRD588,Electronics,JBL,3249.00,1,2024-03-29,Hyderabad
ORD13649,CUST1068,PRD443,Fashion,Puma,437.00,3,2024-03-29,Hyderabad
ORD13649,CUST1068,PRD182,Books,Westland,197.00,2,2024-03-29,Hyderabad
ORD13650,CUST223,PRD030,Electronics,Mi,1686.00,2,2024-03-29,Mumbai
ORD13650,CUST223,PRD452,Home & Kitchen,Wonderchef,462.00,2,2024-03-29,Mumbai
ORD13650,CUST223,PRD104,Home & Kitchen,Butterfly,875.00,2,2024-03-29,Mumbai
ORD13650,CUST223,PRD548,Electronics,Boult,2691.00,1,2024-03-29,Mumbai
ORD13651,CUST189,PRD473,Electronics,Realme,6236.00,1,2024-03-29,Delhi
ORD13652,CUST1462,PRD141,Fashion,Puma,677.00,1,2024-03-29,Mumbai
ORD13652,CUST1462,PRD594,Electronics,JBL,3866.00,1,2024-03-29,Mumbai
ORD13653,CUST962,PRD122,Sports,Yonex,2499.00,1,2024-03-29,Delhi
ORD13653,CUST962,PRD343,Home & Kitchen,Hawkins,805.00,1,2024-03-29,Delhi
ORD13653,CUST962,PRD169,Home & Kitchen,Milton,801.00,1,2024-03-29,Delhi
ORD13654,CUST290,PRD452,Home & Kitchen,Wonderchef,462.00,3,2024-03-29,Bengaluru
ORD13655,CUST762,PRD140,Home & Kitchen,Prestige,2499.00,1,2024-03-29,Ahmedabad
ORD13656,CUST1078,PRD175,Beauty,Biotique,574.00,2,2024-03-29,Hyderabad
ORD13656,CUST1078,PRD500,Electronics,Samsung,18999.00,1,2024-03-29,Hyderabad
ORD13656,CUST1078,PRD044,Fashion,Woodland,1002.00,3,2024-03-29,Hyderabad
ORD13656,CUST1078,PRD443,Fashion,Puma,437.00,2,2024-03-29,Hyderabad
ORD13657,CUST1420,PRD496,Sports,Yonex,1064.00,1,2024-03-29,Chennai
ORD13657,CUST1420,PRD328,Books,Westland,163.00,1,2024-03-29,Chennai
ORD13657,CUST1420,PRD461,Fashion,Peter England,1071.00,1,2024-03-29,Chennai
ORD13657,CUST1420,PRD001,Home & Kitchen,Prestige,1327.00,1,2024-03-29,Chennai
ORD13658,CUST973,PRD163,Electronics,Realme,1801.00,1,2024-03-29,Delhi
ORD13658,CUST973,PRD337,Electronics,Boult,482.00,2,2024-03-29,Delhi
ORD13658,CUST973,PRD172,Electronics,Realme,318.00,2,2024-03-29,Delhi
ORD13659,CUST1316,PRD119,Fashion,Allen Solly,969.00,2,2024-03-29,Bengaluru
ORD13660,CUST1441,PRD163,Electronics,Realme,1801.00,1,2024-03-29,Bengaluru
ORD13660,CUST1441,PRD140,Home & Kitchen,Prestige,2499.00,1,2024-03-29,Bengaluru
ORD13661,CUST1493,PRD508,Electronics,Sony,1978.00,1,2024-03-29,Mumbai
ORD13661,CUST1493,PRD577,Electronics,Mi,1502.00,1,2024-03-29,Mumbai
ORD13661,CUST1493,PRD572,Electronics,Apple,1534.00,2,2024-03-29,Mumbai
ORD13662,CUST1270,PRD545,Electronics,Sony,1990.00,1,2024-03-29,Pune
ORD13662,CUST1270,PRD174,Fashion,Bata,1462.00,2,2024-03-29,Pune
ORD13663,CUST1203,PRD169,Home & Kitchen,Milton,801.00,3,2024-03-29,Bengaluru
ORD13664,CUST092,PRD082,Home & Kitchen,Butterfly,614.00,1,2024-03-29,Mumbai
ORD13665,CUST1255,PRD245,Sports,Nike,3495.00,1,2024-03-30,Hyderabad
ORD13666,CUST1367,PRD391,Fashion,Bata,1999.00,1,2024-03-30,Bengaluru
ORD13667,CUST242,PRD076,Sports,Nivia,579.00,1,2024-03-30,Chennai
ORD13668,CUST780,PRD437,Beauty,Himalaya,333.00,5,2024-03-30,Kolkata
ORD13668,CUST780,PRD440,Beauty,Maybelline,250.00,2,2024-03-30,Kolkata
ORD13669,CUST351,PRD323,Fashion,Woodland,312.00,2,2024-03-30,Bengaluru
ORD13670,CUST281,PRD200,Beauty,Biotique,209.00,4,2024-03-30,Mumbai
ORD13671,CUST288,PRD058,Electronics,Mi,2999.00,1,2024-03-30,Mumbai
ORD13672,CUST1035,PRD012,Home & Kitchen,Cello,615.00,1,2024-03-30,Delhi
ORD13673,CUST671,PRD241,Sports,Campus,963.00,1,2024-03-30,Kolkata
ORD13674,CUST113,PRD323,Fashion,Woodland,312.00,8,2024-03-30,Bengaluru
ORD13675,CUST313,PRD342,Books,Westland,462.00,1,2024-03-30,Bengaluru
ORD13676,CUST676,PRD564,Fashion,Peter England,647.00,1,2024-03-30,Pune
ORD13677,CUST1347,PRD365,Home & Kitchen,Butterfly,960.00,1,2024-03-30,Bengaluru
ORD13677,CUST1347,PRD033,Electronics,Mi,160.00,5,2024-03-30,Bengaluru
ORD13678,CUST355,PRD092,Beauty,Maybelline,184.00,1,2024-03-30,Ahmedabad
ORD13679,CUST185,PRD446,Beauty,Plum,155.00,2,2024-03-30,Pune
ORD13680,CUST873,PRD214,Fashion,Bata,650.00,1,2024-03-30,Chennai
ORD13680,CUST873,PRD177,Fashion,Allen Solly,640.00,2,2024-03-30,Chennai
ORD13681,CUST730,PRD409,Sports,Yonex,1739.00,1,2024-03-30,Pune
ORD13682,CUST1229,PRD247,Sports,Campus,1130.00,2,2024-03-30,Pune
ORD13682,CUST1229,PRD107,Electronics,JBL,844.00,1,2024-03-30,Pune
ORD13682,CUST1229,PRD558,Sports,Adidas,858.00,1,2024-03-30,Pune
ORD13682,CUST1229,PRD498,Fashion,Levis,2999.00,1,2024-03-30,Pune
ORD13683,CUST101,PRD062,Home & Kitchen,Cello,1709.00,1,2024-03-30,Mumbai
ORD13683,CUST101,PRD438,Electronics,Realme,1087.00,2,2024-03-30,Mumbai
ORD13683,CUST101,PRD513,Sports,Decathlon,3680.00,1,2024-03-30,Mumbai
ORD13683,CUST101,PRD163,Electronics,Realme,1801.00,1,2024-03-30,Mumbai
ORD13684,CUST214,PRD228,Electronics,Realme,1737.00,2,2024-03-30,Bengaluru
ORD13685,CUST743,PRD078,Fashion,Woodland,513.00,2,2024-03-30,Pune
ORD13686,CUST1449,PRD197,Sports,Cosco,3499.00,2,2024-03-30,Mumbai
ORD13687,CUST075,PRD444,Electronics,Samsung,346.00,2,2024-03-30,Mumbai
ORD13687,CUST075,PRD286,Electronics,Noise,437.00,3,2024-03-30,Mumbai
ORD13688,CUST410,PRD151,Electronics,Realme,620.00,1,2024-03-30,Mumbai
ORD13689,CUST135,PRD135,Books,Westland,243.00,3,2024-03-30,Chennai
ORD13690,CUST689,PRD076,Sports,Nivia,579.00,2,2024-03-30,Delhi
ORD13690,CUST689,PRD132,Home & Kitchen,Milton,455.00,4,2024-03-30,Delhi
ORD13690,CUST689,PRD197,Sports,Cosco,3499.00,1,2024-03-30,Delhi
ORD13691,CUST243,PRD407,Sports,Puma,235.00,1,2024-03-30,Mumbai
ORD13691,CUST243,PRD140,Home & Kitchen,Prestige,2499.00,1,2024-03-30,Mumbai
ORD13692,CUST249,PRD526,Beauty,Plum,712.00,3,2024-03-30,Hyderabad
ORD13692,CUST249,PRD505,Beauty,Nivea,307.00,1,2024-03-30,Hyderabad
ORD13693,CUST937,PRD017,Electronics,Boat,1299.00,1,2024-03-30,Bengaluru
ORD13694,CUST1122,PRD599,Electronics,Samsung,1030.00,1,2024-03-30,Pune
ORD13694,CUST1122,PRD307,Books,Rupa,1199.00,1,2024-03-30,Pune
ORD13695,CUST862,PRD275,Electronics,JBL,464.00,2,2024-03-30,Chennai
ORD13695,CUST862,PRD279,Fashion,Peter England,462.00,1,2024-03-30,Chennai
ORD13696,CUST1088,PRD239,Fashion,Levis,644.00,2,2024-03-30,Pune
ORD13696,CUST1088,PRD444,Electronics,,346.00,2,2024-03-30,Pune
ORD13696,CUST1088,PRD427,Beauty,Biotique,217.00,1,2024-03-30,Pune
ORD13696,CUST1088,PRD197,Sports,Cosco,3499.00,1,2024-03-30,Pune
ORD13697,CUST966,PRD503,Fashion,Sparx,561.00,2,2024-03-30,Bengaluru
ORD13697,CUST966,PRD061,Home & Kitchen,Prestige,1999.00,1,2024-03-30,Bengaluru
ORD13698,CUST041,PRD529,Beauty,Biotique,234.00,1,2024-03-30,Bengaluru
ORD13699,CUST1212,PRD035,Home & Kitchen,Hawkins,438.00,1,2024-03-30,Chennai
ORD13700,CUST1295,PRD513,Sports,Decathlon,3680.00,1,2024-03-30,Chennai
ORD13701,CUST1133,PRD255,Books,Rupa,223.00,2,2024-03-30,Mumbai
ORD13702,CUST1002,PRD310,Sports,Decathlon,2499.00,1,2024-03-30,Mumbai
ORD13702,CUST1002,PRD181,Home & Kitchen,Wonderchef,1046.00,2,2024-03-30,Mumbai
ORD13703,CUST524,PRD247,Sports,Campus,1130.00,1,2024-03-30,Bengaluru
ORD13704,CUST1337,PRD508,Electronics,Sony,1978.00,2,2024-03-30,Pune
ORD13704,CUST1337,PRD519,Sports,Adidas,826.00,3,2024-03-30,Pune
ORD13705,CUST973,PRD215,Sports,Campus,638.00,1,2024-03-31,Delhi
ORD13705,CUST973,PRD381,Fashion,Peter England,406.00,2,2024-03-31,Delhi
ORD13706,CUST732,PRD261,Fashion,Sparx,324.00,2,2024-03-31,Delhi
ORD13706,CUST732,PRD371,Beauty,Lakme,268.00,1,2024-03-31,Delhi
ORD13707,CUST454,PRD225,Electronics,Samsung,469.00,5,2024-03-31,Chennai
ORD13708,CUST1047,PRD196,Fashion,Bata,1293.00,2,2024-03-31,Mumbai
ORD13709,CUST1397,PRD092,Beauty,Maybelline,184.00,4,2024-03-31,Mumbai
ORD13710,CUST1174,PRD438,Electronics,Realme,1087.00,1,2024-03-31,Delhi
ORD13711,CUST1122,PRD468,Electronics,Mi,1890.00,2,2024-03-31,Pune
ORD13711,CUST1122,PRD444,Electronics,Samsung,346.00,1,2024-03-31,Pune
ORD13712,CUST1009,PRD506,Fashion,Allen Solly,745.00,2,2024-03-31,Kolkata
ORD13713,CUST499,PRD237,Electronics,Mi,1210.00,1,2024-03-31,Pune
ORD13714,CUST795,PRD519,Sports,Adidas,826.00,1,2024-03-31,Bengaluru
ORD13715,CUST1298,PRD239,Fashion,Levis,644.00,2,2024-03-31,Delhi
ORD13716,CUST424,PRD600,Fashion,Allen Solly,763.00,2,2024-03-31,Delhi
ORD13717,CUST519,PRD521,Beauty,Plum,303.00,1,2024-03-31,Hyderabad
ORD13718,CUST215,PRD452,Home & Kitchen,Wonderchef,462.00,2,2024-03-31,Chennai
ORD13719,CUST938,PRD395,Beauty,Maybelline,618.00,1,2024-03-31,Pune
ORD13720,CUST1109,PRD495,Fashion,Woodland,1999.00,1,2024-03-31,Mumbai
ORD13720,CUST1109,PRD307,Books,Rupa,1199.00,1,2024-03-31,Mumbai
ORD13720,CUST1109,PRD190,Home & Kitchen,Cello,701.00,1,2024-03-31,Mumbai
ORD13720,CUST1109,PRD225,Electronics,Samsung,469.00,4,2024-03-31,Mumbai
ORD13721,CUST1044,PRD480,Sports,Nike,942.00,1,2024-03-31,Ahmedabad
ORD13721,CUST1044,PRD525,Books,Bloomsbury,699.00,3,2024-03-31,Ahmedabad
ORD13722,CUST1482,PRD049,Home & Kitchen,Milton,1532.00,1,2024-03-31,Bengaluru
ORD13722,CUST1482,PRD210,Fashion,Sparx,599.00,1,2024-03-31,Bengaluru
ORD13722,CUST1482,PRD427,Beauty,Biotique,217.00,5,2024-03-31,Bengaluru
ORD13723,CUST625,PRD180,Home & Kitchen,Cello,835.00,1,2024-03-31,Mumbai
ORD13724,CUST1413,PRD525,Books,Bloomsbury,699.00,3,2024-03-31,Bengaluru
ORD13724,CUST1413,PRD382,Electronics,Realme,247.00,1,2024-03-31,Bengaluru
ORD13724,CUST1413,PRD072,Books,Aleph,226.00,3,2024-03-31,Bengaluru
ORD13725,CUST1388,PRD580,Sports,Nivia,762.00,1,2024-03-31,Bengaluru
ORD13726,CUST715,PRD521,Beauty,Plum,303.00,2,2024-03-31,Chennai
ORD13727,CUST069,PRD113,Fashion,Levis,2999.00,1,2024-03-31,Mumbai
ORD13727,CUST069,PRD511,Electronics,Boult,1972.00,2,2024-03-31,Mumbai
ORD13728,CUST1416,PRD342,Books,Westland,462.00,1,2024-03-31,Hyderabad
ORD13729,CUST147,PRD373,Fashion,Peter England,527.00,1,2024-03-31,Bengaluru
ORD13730,CUST1087,PRD197,Sports,Cosco,3499.00,1,2024-03-31,Chennai
ORD13731,CUST931,PRD582,Sports,Decathlon,1095.00,2,2024-03-31,Hyderabad
ORD13732,CUST815,PRD094,Books,Rupa,415.00,2,2024-03-31,Mumbai
ORD13733,CUST1020,PRD066,Electronics,JBL,487.00,1,2024-03-31,Chennai
ORD13733,CUST1020,PRD192,Electronics,Mi,2555.00,1,2024-03-31,Chennai
ORD13733,CUST1020,PRD521,Beauty,Plum,303.00,1,2024-03-31,Chennai
ORD13733,CUST1020,PRD474,Electronics,Noise,355.00,2,2024-03-31,Chennai
ORD13734,CUST156,PRD439,Electronics,Boat,394.00,8,2024-03-31,Mumbai
ORD13734,CUST156,PRD452,Home & Kitchen,Wonderchef,462.00,5,2024-03-31,Mumbai
ORD13735,CUST460,PRD466,Books,Westland,1261.00,2,2024-03-31,Pune
ORD13736,CUST1249,PRD523,Electronics,Apple,1042.00,2,2024-03-31,Delhi
ORD13736,CUST1249,PRD301,Electronics,Boult,813.00,1,2024-03-31,Delhi
ORD13737,CUST854,PRD267,Sports,Campus,1579.00,2,2024-03-31,Bengaluru
ORD13738,CUST123,PRD583,Fashion,Biba,735.00,1,2024-03-31,Bengaluru
ORD13738,CUST123,PRD030,Electronics,Mi,1686.00,1,2024-03-31,Bengaluru
ORD13738,CUST123,PRD292,Home & Kitchen,Cello,2099.00,1,2024-03-31,Bengaluru
ORD13738,CUST123,PRD027,Fashion,Puma,488.00,2,2024-03-31,Bengaluru
ORD13739,CUST1076,PRD271,Home & Kitchen,Cello,404.00,1,2024-03-31,Delhi
ORD13739,CUST1076,PRD163,Electronics,Realme,1801.00,1,2024-03-31,Delhi
ORD13740,CUST638,PRD208,Electronics,Boult,7315.00,2,2024-03-31,Bengaluru
ORD13740,CUST638,PRD576,Beauty,Plum,177.00,4,2024-03-31,Bengaluru
ORD13740,CUST638,PRD192,Electronics,Mi,2555.00,1,2024-03-31,Bengaluru
ORD13741,CUST016,PRD590,Fashion,Sparx,389.00,3,2024-03-31,Mumbai
ORD13742,CUST1431,PRD391,Fashion,Bata,1999.00,2,2024-03-31,Kolkata
ORD13742,CUST1431,PRD362,Home & Kitchen,Wonderchef,564.00,1,2024-03-31,Kolkata
ORD13743,CUST292,PRD522,Fashion,Woodland,302.00,1,2024-03-31,Mumbai
ORD13743,CUST292,PRD225,Electronics,Samsung,469.00,1,2024-03-31,Mumbai
ORD13743,CUST292,PRD175,Beauty,Biotique,574.00,2,2024-03-31,Mumbai
ORD13744,CUST307,PRD205,Beauty,Plum,497.00,2,2024-03-31,Delhi
ORD13745,CUST1243,PRD037,Home & Kitchen,Cello,584.00,1,2024-03-31,Hyderabad
ORD13745,CUST1243,PRD197,Sports,Cosco,3499.00,1,2024-03-31,Hyderabad
ORD13745,CUST1243,PRD204,Electronics,Boat,1299.00,2,2024-03-31,Hyderabad
ORD13745,CUST1243,PRD307,Books,Rupa,1199.00,1,2024-03-31,Hyderabad
ORD13746,CUST204,PRD132,Home & Kitchen,Milton,455.00,2,2024-03-31,Delhi
ORD13747,CUST262,PRD427,Beauty,Biotique,217.00,1,2024-03-31,Chennai
ORD13747,CUST262,PRD174,Fashion,Bata,1462.00,1,2024-03-31,Chennai
ORD13748,CUST581,PRD076,Sports,Nivia,579.00,1,2024-03-31,Chennai
ORD13749,CUST1115,PRD225,Electronics,Samsung,469.00,6,2024-03-31,Mumbai
ORD13750,CUST506,PRD488,Beauty,Maybelline,409.00,1,2024-03-31,Bengaluru
ORD13751,CUST553,PRD140,Home & Kitchen,Prestige,2499.00,1,2024-03-31,Delhi
ORD13751,CUST553,PRD163,Electronics,Realme,1801.00,1,2024-03-31,Delhi
ORD13752,CUST651,PRD439,Electronics,Boat,394.00,2,2024-03-31,Kolkata
ORD13753,CUST162,PRD555,Electronics,Boult,2277.00,1,2024-03-31,Delhi
ORD13753,CUST162,PRD162,Beauty,Nivea,177.00,1,2024-03-31,Delhi
ORD13753,CUST162,PRD163,Electronics,Realme,1801.00,2,2024-03-31,Delhi
ORD13754,CUST626,PRD179,Electronics,Noise,1044.00,1,2024-03-31,Mumbai
ORD13754,CUST626,PRD255,Books,Rupa,223.00,1,2024-03-31,Mumbai
ORD13755,CUST979,PRD326,Fashion,Bata,547.00,3,2024-03-31,Delhi
ORD13755,CUST979,PRD210,Fashion,Sparx,599.00,1,2024-03-31,Delhi
ORD13755,CUST979,PRD153,Electronics,Apple,1631.00,2,2024-03-31,Delhi
ORD13756,CUST1233,PRD095,Home & Kitchen,Pigeon,449.00,1,2024-03-31,Bengaluru
ORD13757,CUST742,PRD381,Fashion,Peter England,406.00,4,2024-04-01,Mumbai
ORD13757,CUST742,PRD083,Fashion,Sparx,627.00,3,2024-04-01,Mumbai
ORD13758,CUST1271,PRD129,Home & Kitchen,Pigeon,728.00,1,2024-04-01,Mumbai
ORD13759,CUST714,PRD115,Fashion,Woodland,547.00,1,2024-04-01,Delhi
ORD13760,CUST983,PRD135,Books,Westland,243.00,2,2024-04-01,Kolkata
ORD13760,CUST983,PRD022,Home & Kitchen,Hawkins,1213.00,1,2024-04-01,Kolkata
ORD13761,CUST1056,PRD592,Fashion,Levis,555.00,2,2024-04-01,Ahmedabad
ORD13761,CUST1056,PRD336,Electronics,Mi,185.00,3,2024-04-01,Ahmedabad
ORD13762,CUST1377,PRD401,Electronics,Realme,1790.00,1,2024-04-01,Delhi
ORD13763,CUST175,PRD225,Electronics,Samsung,469.00,1,2024-04-01,Delhi
ORD13763,CUST175,PRD497,Home & Kitchen,Borosil,776.00,1,2024-04-01,Delhi
ORD13764,CUST128,PRD429,Electronics,Boult,577.00,1,2024-04-01,Delhi
ORD13764,CUST128,PRD588,Electronics,JBL,3249.00,1,2024-04-01,Delhi
ORD13764,CUST128,PRD466,Books,Westland,1261.00,3,2024-04-01,Delhi
ORD13765,CUST217,PRD041,Sports,Yonex,1121.00,1,2024-04-01,Mumbai
ORD13765,CUST217,PRD036,Electronics,JBL,313.00,2,2024-04-01,Mumbai
ORD13766,CUST456,PRD225,Electronics,Samsung,469.00,1,2024-04-01,Bengaluru
ORD13767,CUST1245,PRD280,Electronics,Apple,4376.00,1,2024-04-01,Chennai
ORD13767,CUST1245,PRD327,Electronics,OnePlus,457.00,1,2024-04-01,Chennai
ORD13768,CUST274,PRD261,Fashion,Sparx,324.00,5,2024-04-01,Mumbai
ORD13769,CUST1078,PRD357,Home & Kitchen,Milton,918.00,2,2024-04-01,Hyderabad
ORD13769,CUST1078,PRD295,Books,,420.00,1,2024-04-01,Hyderabad
ORD13769,CUST1078,PRD197,Sports,Cosco,3499.00,1,2024-04-01,Hyderabad
ORD13769,CUST1078,PRD113,Fashion,Levis,2999.00,1,2024-04-01,Hyderabad
ORD13770,CUST589,PRD521,Beauty,Plum,303.00,2,2024-04-01,Delhi
ORD13771,CUST1394,PRD097,Beauty,Plum,617.00,2,2024-04-01,Pune
ORD13772,CUST1115,PRD416,Electronics,Boat,1236.00,2,2024-04-01,Mumbai
ORD13773,CUST617,PRD504,Electronics,Mi,155.00,8,2024-04-01,Bengaluru
ORD13773,CUST617,PRD295,Books,Rupa,420.00,3,2024-04-01,Bengaluru
ORD13774,CUST154,PRD129,Home & Kitchen,Pigeon,728.00,1,2024-04-01,Mumbai
ORD13775,CUST879,PRD224,Sports,Nivia,634.00,1,2024-04-01,Mumbai
ORD13775,CUST879,PRD081,Home & Kitchen,Hawkins,616.00,1,2024-04-01,Mumbai
ORD13776,CUST261,PRD104,Home & Kitchen,Butterfly,875.00,2,2024-04-01,Pune
ORD13777,CUST428,PRD197,Sports,Cosco,3499.00,1,2024-04-01,Bengaluru
ORD13777,CUST428,PRD391,Fashion,Bata,1999.00,2,2024-04-01,Bengaluru
ORD13778,CUST1468,PRD567,Electronics,Realme,5695.00,1,2024-04-01,Bengaluru
ORD13779,CUST461,PRD560,Electronics,Samsung,2449.00,1,2024-04-01,Delhi
ORD13780,CUST277,PRD106,Sports,Nike,1746.00,1,2024-04-01,Chennai
ORD13781,CUST620,PRD140,Home & Kitchen,Prestige,2499.00,1,2024-04-01,Hyderabad
ORD13781,CUST620,PRD107,Electronics,JBL,844.00,2,2024-04-01,Hyderabad
ORD13781,CUST620,PRD080,Electronics,Realme,1211.00,1,2024-04-01,Hyderabad
ORD13781,CUST620,PRD195,Books,Bloomsbury,599.00,1,2024-04-01,Hyderabad
ORD13782,CUST705,PRD401,Electronics,,1790.00,1,2024-04-01,Bengaluru
ORD13783,CUST910,PRD113,Fashion,Levis,2999.00,1,2024-04-01,Bengaluru
ORD13784,CUST1489,PRD322,Sports,Puma,1255.00,1,2024-04-01,Pune
ORD13785,CUST1368,PRD247,Sports,Campus,1130.00,1,2024-04-01,Mumbai
ORD13785,CUST1368,PRD122,Sports,Yonex,2499.00,1,2024-04-01,Mumbai
ORD13785,CUST1368,PRD425,Electronics,Realme,1566.00,1,2024-04-01,Mumbai
ORD13786,CUST1010,PRD265,Books,HarperCollins,599.00,1,2024-04-01,Pune
ORD13787,CUST1139,PRD226,Electronics,Sony,413.00,6,2024-04-01,Chennai
ORD13788,CUST315,PRD240,Home & Kitchen,Pigeon,1232.00,1,2024-04-01,Chennai
ORD13788,CUST315,PRD154,Beauty,Lakme,404.00,2,2024-04-01,Chennai
ORD13788,CUST315,PRD110,Home & Kitchen,Cello,1832.00,1,2024-04-01,Chennai
ORD13789,CUST1340,PRD417,Electronics,Boult,467.00,2,2024-04-01,Bengaluru
ORD13790,CUST951,PRD444,Electronics,Samsung,346.00,5,2024-04-01,Kolkata
ORD13790,CUST951,PRD258,Books,Aleph,364.00,3,2024-04-01,Kolkata
ORD13791,CUST143,PRD150,Beauty,Maybelline,726.00,1,2024-04-01,Delhi
ORD13791,CUST143,PRD194,Electronics,Apple,821.00,1,2024-04-01,Delhi
ORD13791,CUST143,PRD016,Electronics,Sony,1624.00,1,2024-04-01,Delhi
ORD13792,CUST1275,PRD249,Fashion,Levis,335.00,1,2024-04-01,Delhi
ORD13793,CUST1125,PRD279,Fashion,Peter England,462.00,2,2024-04-01,Delhi
ORD13793,CUST1125,PRD128,Books,Rupa,218.00,3,2024-04-01,Delhi
ORD13793,CUST1125,PRD181,Home & Kitchen,Wonderchef,1046.00,1,2024-04-01,Delhi
ORD13793,CUST1125,PRD076,Sports,Nivia,579.00,1,2024-04-01,Delhi
ORD13794,CUST644,PRD271,Home & Kitchen,Cello,404.00,2,2024-04-01,Ahmedabad
ORD13794,CUST644,PRD126,Sports,Decathlon,1107.00,1,2024-04-01,Ahmedabad
ORD13795,CUST048,PRD126,Sports,Decathlon,1107.00,1,2024-04-02,Mumbai
ORD13796,CUST499,PRD007,Books,HarperCollins,336.00,2,2024-04-02,Pune
ORD13796,CUST499,PRD196,Fashion,Bata,1293.00,1,2024-04-02,Pune
ORD13797,CUST360,PRD097,Beauty,Plum,617.00,1,2024-04-02,Pune
ORD13798,CUST152,PRD057,Electronics,Sony,1157.00,1,2024-04-02,Chennai
ORD13799,CUST1353,PRD279,Fashion,Peter England,462.00,2,2024-04-02,Mumbai
ORD13800,CUST525,PRD411,Fashion,Bata,815.00,1,2024-04-02,Ahmedabad
ORD13800,CUST525,PRD434,Home & Kitchen,Cello,2260.00,2,2024-04-02,Ahmedabad
ORD13801,CUST533,PRD519,Sports,Adidas,826.00,1,2024-04-02,Delhi
ORD13801,CUST533,PRD421,Electronics,Realme,507.00,2,2024-04-02,Delhi
ORD13802,CUST1030,PRD442,Electronics,Apple,1029.00,1,2024-04-02,Mumbai
ORD13803,CUST1199,PRD561,Home & Kitchen,Hawkins,1136.00,1,2024-04-02,Bengaluru
ORD13803,CUST1199,PRD197,Sports,Cosco,3499.00,1,2024-04-02,Bengaluru
ORD13803,CUST1199,PRD184,Fashion,Sparx,745.00,1,2024-04-02,Bengaluru
ORD13803,CUST1199,PRD319,Fashion,Peter England,1416.00,1,2024-04-02,Bengaluru
ORD13804,CUST967,PRD407,Sports,Puma,235.00,1,2024-04-02,Pune
ORD13805,CUST1139,PRD232,Fashion,Biba,822.00,1,2024-04-02,Chennai
ORD13805,CUST1139,PRD234,Fashion,Bata,484.00,1,2024-04-02,Chennai
ORD13805,CUST1139,PRD441,Electronics,Sony,8613.00,1,2024-04-02,Chennai
ORD13805,CUST1139,PRD041,Sports,Yonex,1121.00,3,2024-04-02,Chennai
ORD13806,CUST735,PRD406,Fashion,Levis,1299.00,2,2024-04-02,Mumbai
ORD13806,CUST735,PRD391,Fashion,Bata,1999.00,1,2024-04-02,Mumbai
ORD13806,CUST735,PRD577,Electronics,Mi,1502.00,1,2024-04-02,Mumbai
ORD13807,CUST926,PRD563,Electronics,Samsung,443.00,4,2024-04-02,Delhi
ORD13808,CUST153,PRD530,Home & Kitchen,Prestige,1101.00,1,2024-04-02,Delhi
ORD13808,CUST153,PRD538,Sports,Nivia,347.00,2,2024-04-02,Delhi
ORD13809,CUST683,PRD332,Fashion,Biba,597.00,2,2024-04-02,Mumbai
ORD13809,CUST683,PRD197,Sports,Cosco,3499.00,1,2024-04-02,Mumbai
ORD13809,CUST683,PRD345,Home & Kitchen,Prestige,4499.00,1,2024-04-02,Mumbai
ORD13810,CUST1240,PRD573,Fashion,Peter England,652.00,1,2024-04-02,Mumbai
ORD13811,CUST177,PRD257,Electronics,Noise,430.00,3,2024-04-02,Mumbai
ORD13811,CUST177,PRD033,Electronics,Mi,160.00,8,2024-04-02,Mumbai
ORD13812,CUST1458,PRD452,Home & Kitchen,Wonderchef,462.00,8,2024-04-02,Bengaluru
ORD13812,CUST1458,PRD563,Electronics,Samsung,443.00,5,2024-04-02,Bengaluru
ORD13812,CUST1458,PRD208,Electronics,Boult,7315.00,1,2024-04-02,Bengaluru
ORD13813,CUST1406,PRD069,Fashion,Woodland,1644.00,1,2024-04-02,Mumbai
ORD13813,CUST1406,PRD086,Sports,Decathlon,1825.00,1,2024-04-02,Mumbai
ORD13814,CUST123,PRD519,Sports,Adidas,826.00,3,2024-04-02,Bengaluru
ORD13815,CUST899,PRD163,Electronics,Realme,1801.00,1,2024-04-02,Delhi
ORD13816,CUST159,PRD107,Electronics,JBL,844.00,1,2024-04-02,Bengaluru
ORD13817,CUST1205,PRD008,Beauty,Nivea,983.00,2,2024-04-02,Mumbai
ORD13818,CUST823,PRD331,Fashion,Allen Solly,801.00,2,2024-04-02,Mumbai
ORD13819,CUST168,PRD391,Fashion,Bata,1999.00,1,2024-04-02,Delhi
ORD13819,CUST168,PRD354,Electronics,Apple,474.00,8,2024-04-02,Delhi
ORD13819,CUST168,PRD396,Electronics,OnePlus,887.00,2,2024-04-02,Delhi
ORD13819,CUST168,PRD120,Fashion,Biba,650.00,1,2024-04-02,Delhi
ORD13820,CUST377,PRD520,Books,Bloomsbury,739.00,2,2024-04-02,Mumbai
ORD13821,CUST043,PRD324,Fashion,Allen Solly,843.00,1,2024-04-02,Mumbai
ORD13822,CUST015,PRD357,Home & Kitchen,Milton,918.00,1,2024-04-02,Delhi
ORD13823,CUST006,PRD307,Books,Rupa,1199.00,3,2024-04-02,Chennai
ORD13823,CUST006,PRD543,Fashion,Woodland,511.00,2,2024-04-02,Chennai
ORD13824,CUST646,PRD563,Electronics,Samsung,443.00,2,2024-04-02,Delhi
ORD13825,CUST951,PRD007,Books,HarperCollins,336.00,1,2024-04-02,Kolkata
ORD13825,CUST951,PRD427,Beauty,Biotique,217.00,3,2024-04-02,Kolkata
ORD13826,CUST204,PRD197,Sports,Cosco,3499.00,1,2024-04-02,Delhi
ORD13826,CUST204,PRD057,Electronics,Sony,1157.00,1,2024-04-02,Delhi
ORD13827,CUST889,PRD010,Beauty,Maybelline,1040.00,1,2024-04-02,Bengaluru
ORD13828,CUST1225,PRD026,Home & Kitchen,Milton,781.00,1,2024-04-02,Bengaluru
ORD13829,CUST491,PRD233,Sports,Campus,1499.00,1,2024-04-02,Kolkata
ORD13829,CUST491,PRD519,Sports,Adidas,826.00,1,2024-04-02,Kolkata
ORD13829,CUST491,PRD483,Beauty,Lakme,162.00,2,2024-04-02,Kolkata
ORD13829,CUST491,PRD165,Beauty,Nivea,321.00,2,2024-04-02,Kolkata
ORD13830,CUST348,PRD078,Fashion,Woodland,513.00,2,2024-04-02,Mumbai
ORD13831,CUST568,PRD132,Home & Kitchen,Milton,455.00,1,2024-04-02,Bengaluru
ORD13831,CUST568,PRD444,Electronics,Samsung,346.00,1,2024-04-02,Bengaluru
ORD13832,CUST513,PRD572,Electronics,Apple,1534.00,1,2024-04-02,Mumbai
ORD13833,CUST1117,PRD357,Home & Kitchen,,918.00,1,2024-04-02,Bengaluru
ORD13834,CUST1004,PRD225,Electronics,Samsung,469.00,1,2024-04-02,Kolkata
ORD13835,CUST553,PRD416,Electronics,Boat,1236.00,1,2024-04-02,Delhi
ORD13835,CUST553,PRD193,Sports,Nivia,1965.00,1,2024-04-02,Delhi
ORD13836,CUST539,PRD053,Sports,Cosco,2360.00,1,2024-04-02,Kolkata
ORD13836,CUST539,PRD322,Sports,Puma,1255.00,2,2024-04-02,Kolkata
ORD13836,CUST539,PRD397,Sports,Decathlon,1292.00,3,2024-04-02,Kolkata
ORD13837,CUST078,PRD385,Electronics,OnePlus,2378.00,1,2024-04-02,Mumbai
ORD13838,CUST538,PRD051,Fashion,Woodland,755.00,3,2024-04-02,Mumbai
ORD13838,CUST538,PRD163,Electronics,Realme,1801.00,1,2024-04-02,Mumbai
ORD13839,CUST1297,PRD133,Sports,Nike,1173.00,1,2024-04-02,Hyderabad
ORD13840,CUST004,PRD054,Sports,Nike,1327.00,1,2024-04-02,Mumbai
ORD13841,CUST156,PRD166,Electronics,Boult,1527.00,2,2024-04-03,Mumbai
ORD13841,CUST156,PRD046,Home & Kitchen,Cello,2604.00,1,2024-04-03,Mumbai
ORD13841,CUST156,PRD298,Home & Kitchen,Borosil,4499.00,1,2024-04-03,Mumbai
ORD13841,CUST156,PRD471,Home & Kitchen,Pigeon,1156.00,1,2024-04-03,Mumbai
ORD13842,CUST450,PRD152,Electronics,Sony,699.00,1,2024-04-03,Mumbai
ORD13843,CUST314,PRD443,Fashion,Puma,437.00,2,2024-04-03,Mumbai
ORD13844,CUST1134,PRD349,Books,Bloomsbury,864.00,1,2024-04-03,Mumbai
ORD13845,CUST1347,PRD343,Home & Kitchen,Hawkins,805.00,1,2024-04-03,Bengaluru
ORD13846,CUST1458,PRD419,Electronics,Boat,849.00,2,2024-04-03,Bengaluru
ORD13846,CUST1458,PRD044,Fashion,Woodland,1002.00,2,2024-04-03,Bengaluru
ORD13847,CUST1396,PRD225,Electronics,Samsung,469.00,5,2024-04-03,Mumbai
ORD13848,CUST1096,PRD027,Fashion,Puma,488.00,1,2024-04-03,Delhi
ORD13848,CUST1096,PRD577,Electronics,Mi,1502.00,1,2024-04-03,Delhi
ORD13849,CUST1455,PRD264,Home & Kitchen,Prestige,518.00,1,2024-04-03,Hyderabad
ORD13849,CUST1455,PRD508,Electronics,Sony,1978.00,3,2024-04-03,Hyderabad
ORD13850,CUST022,PRD307,Books,Rupa,1199.00,1,2024-04-03,Delhi
ORD13851,CUST1381,PRD006,Beauty,Lakme,160.00,1,2024-04-03,Chennai
ORD13852,CUST1010,PRD282,Fashion,Levis,846.00,1,2024-04-03,Pune
ORD13852,CUST1010,PRD523,Electronics,Apple,1042.00,1,2024-04-03,Pune
ORD13853,CUST1144,PRD555,Electronics,Boult,2277.00,1,2024-04-03,Hyderabad
ORD13854,CUST683,PRD273,Books,Bloomsbury,1199.00,3,2024-04-03,Mumbai
ORD13854,CUST683,PRD163,Electronics,Realme,1801.00,1,2024-04-03,Mumbai
ORD13854,CUST683,PRD521,Beauty,Plum,303.00,1,2024-04-03,Mumbai
ORD13855,CUST979,PRD284,Electronics,OnePlus,1929.00,1,2024-04-03,Delhi
ORD13855,CUST979,PRD473,Electronics,Realme,6236.00,1,2024-04-03,Delhi
ORD13855,CUST979,PRD215,Sports,Campus,638.00,1,2024-04-03,Delhi
ORD13856,CUST1462,PRD350,Home & Kitchen,Borosil,4499.00,1,2024-04-03,Mumbai
ORD13856,CUST1462,PRD379,Electronics,Realme,3493.00,1,2024-04-03,Mumbai
ORD13857,CUST092,PRD221,Fashion,Levis,2199.00,1,2024-04-03,Mumbai
ORD13857,CUST092,PRD498,Fashion,Levis,2999.00,2,2024-04-03,Mumbai
ORD13858,CUST715,PRD521,Beauty,Plum,303.00,5,2024-04-03,Chennai
ORD13859,CUST881,PRD295,Books,Rupa,420.00,3,2024-04-03,Kolkata
ORD13860,CUST878,PRD521,Beauty,Plum,303.00,1,2024-04-03,Mumbai
ORD13860,CUST878,PRD381,Fashion,Peter England,406.00,1,2024-04-03,Mumbai
ORD13861,CUST290,PRD521,Beauty,Plum,303.00,1,2024-04-03,Bengaluru
ORD13862,CUST816,PRD335,Beauty,Nivea,305.00,2,2024-04-03,Pune
ORD13863,CUST130,PRD441,Electronics,Sony,8613.00,1,2024-04-03,Delhi
ORD13864,CUST890,PRD391,Fashion,Bata,1999.00,1,2024-04-03,Kolkata
ORD13864,CUST890,PRD548,Electronics,Boult,2691.00,1,2024-04-03,Kolkata
ORD13865,CUST1355,PRD298,Home & Kitchen,Borosil,4499.00,1,2024-04-03,Hyderabad
ORD13866,CUST196,PRD193,Sports,Nivia,1965.00,1,2024-04-03,Kolkata
ORD13867,CUST664,PRD416,Electronics,Boat,1236.00,1,2024-04-03,Hyderabad
ORD13868,CUST940,PRD019,Fashion,Woodland,707.00,2,2024-04-03,Delhi
ORD13869,CUST561,PRD574,Electronics,Mi,318.00,1,2024-04-03,Mumbai
ORD13870,CUST055,PRD017,Electronics,Boat,1299.00,2,2024-04-03,Hyderabad
ORD13871,CUST354,PRD329,Electronics,,1419.00,2,2024-04-03,Hyderabad
ORD13871,CUST354,PRD160,Home & Kitchen,Borosil,899.00,1,2024-04-03,Hyderabad
ORD13871,CUST354,PRD502,Electronics,Boult,1312.00,2,2024-04-03,Hyderabad
ORD13871,CUST354,PRD484,Beauty,Himalaya,150.00,1,2024-04-03,Hyderabad
ORD13872,CUST140,PRD114,Fashion,Bata,1028.00,1,2024-04-03,Mumbai
ORD13872,CUST140,PRD110,Home & Kitchen,Cello,1832.00,1,2024-04-03,Mumbai
ORD13873,CUST810,PRD254,Electronics,Mi,1014.00,2,2024-04-03,Mumbai
ORD13873,CUST810,PRD010,Beauty,Maybelline,1040.00,3,2024-04-03,Mumbai
ORD13873,CUST810,PRD351,Electronics,Noise,344.00,5,2024-04-03,Mumbai
ORD13874,CUST778,PRD600,Fashion,Allen Solly,763.00,2,2024-04-03,Chennai
ORD13875,CUST044,PRD163,Electronics,Realme,1801.00,1,2024-04-03,Bengaluru
ORD13876,CUST1111,PRD265,Books,HarperCollins,599.00,1,2024-04-03,Delhi
ORD13877,CUST1075,PRD050,Fashion,Allen Solly,312.00,3,2024-04-03,Delhi
ORD13878,CUST456,PRD220,Books,Westland,415.00,3,2024-04-03,Bengaluru
ORD13879,CUST854,PRD549,Fashion,Biba,767.00,1,2024-04-03,Bengaluru
ORD13880,CUST1289,PRD559,Sports,Nivia,899.00,1,2024-04-03,Hyderabad
ORD13880,CUST1289,PRD460,Beauty,Lakme,252.00,1,2024-04-03,Hyderabad
ORD13881,CUST423,PRD439,Electronics,Boat,394.00,2,2024-04-03,Mumbai
ORD13881,CUST423,PRD381,Fashion,Peter England,406.00,8,2024-04-03,Mumbai
ORD13882,CUST536,PRD055,Beauty,Maybelline,497.00,3,2024-04-03,Bengaluru
ORD13883,CUST340,PRD197,Sports,Cosco,3499.00,1,2024-04-04,Hyderabad
ORD13884,CUST800,PRD332,Fashion,Biba,597.00,2,2024-04-04,Bengaluru
ORD13884,CUST800,PRD072,Books,Aleph,226.00,4,2024-04-04,Bengaluru
ORD13885,CUST1041,PRD140,Home & Kitchen,Prestige,2499.00,1,2024-04-04,Mumbai
ORD13885,CUST1041,PRD553,Books,Rupa,163.00,4,2024-04-04,Mumbai
ORD13885,CUST1041,PRD326,Fashion,Bata,547.00,1,2024-04-04,Mumbai
ORD13885,CUST1041,PRD182,Books,Westland,197.00,2,2024-04-04,Mumbai
ORD13886,CUST843,PRD057,Electronics,Sony,1157.00,1,2024-04-04,Mumbai
ORD13887,CUST1058,PRD219,Beauty,,480.00,1,2024-04-04,Pune
ORD13888,CUST1352,PRD194,Electronics,Apple,821.00,2,2024-04-04,Hyderabad
ORD13888,CUST1352,PRD304,Sports,Campus,1385.00,1,2024-04-04,Hyderabad
ORD13889,CUST490,PRD389,Fashion,Biba,1746.00,2,2024-04-04,Ahmedabad
ORD13890,CUST391,PRD118,Home & Kitchen,Hawkins,2389.00,1,2024-04-04,Pune
ORD13891,CUST1324,PRD184,Fashion,Sparx,745.00,2,2024-04-04,Mumbai
ORD13892,CUST380,PRD381,Fashion,Peter England,406.00,3,2024-04-04,Pune
ORD13893,CUST1206,PRD587,Sports,Yonex,1709.00,1,2024-04-04,Bengaluru
ORD13893,CUST1206,PRD030,Electronics,Mi,1686.00,3,2024-04-04,Bengaluru
ORD13894,CUST897,PRD147,Home & Kitchen,Borosil,615.00,2,2024-04-04,Chennai
ORD13894,CUST897,PRD426,Beauty,Biotique,492.00,1,2024-04-04,Chennai
ORD13895,CUST014,PRD109,Electronics,OnePlus,160.00,2,2024-04-04,Pune
ORD13896,CUST707,PRD204,Electronics,Boat,1299.00,2,2024-04-04,Mumbai
ORD13896,CUST707,PRD555,Electronics,Boult,2277.00,1,2024-04-04,Mumbai
ORD13897,CUST803,PRD584,Sports,Nike,202.00,2,2024-04-04,Kolkata
ORD13897,CUST803,PRD149,Electronics,Noise,4288.00,2,2024-04-04,Kolkata
ORD13897,CUST803,PRD401,Electronics,Realme,1790.00,3,2024-04-04,Kolkata
ORD13898,CUST260,PRD225,Electronics,Samsung,469.00,2,2024-04-04,Delhi
ORD13898,CUST260,PRD158,Fashion,Bata,668.00,2,2024-04-04,Delhi
ORD13899,CUST925,PRD163,Electronics,Realme,1801.00,1,2024-04-04,Delhi
ORD13900,CUST686,PRD514,Electronics,Samsung,170.00,2,2024-04-04,Pune
ORD13901,CUST421,PRD412,Electronics,Boult,1199.00,1,2024-04-04,Ahmedabad
ORD13902,CUST967,PRD049,Home & Kitchen,Milton,1532.00,1,2024-04-04,Pune
ORD13902,CUST967,PRD029,Beauty,Lakme,431.00,2,2024-04-04,Pune
ORD13903,CUST1053,PRD532,Electronics,Noise,719.00,1,2024-04-04,Chennai
ORD13904,CUST030,PRD444,Electronics,Samsung,346.00,1,2024-04-04,Mumbai
ORD13904,CUST030,PRD440,Beauty,Maybelline,250.00,1,2024-04-04,Mumbai
ORD13905,CUST474,PRD401,Electronics,Realme,1790.00,1,2024-04-04,Hyderabad
ORD13906,CUST223,PRD054,Sports,Nike,1327.00,1,2024-04-04,Mumbai
ORD13907,CUST1072,PRD444,Electronics,Samsung,346.00,4,2024-04-04,Mumbai
ORD13908,CUST047,PRD473,Electronics,Realme,6236.00,1,2024-04-04,Chennai
ORD13909,CUST841,PRD427,Beauty,Biotique,217.00,1,2024-04-04,Mumbai
ORD13910,CUST1024,PRD107,Electronics,JBL,844.00,1,2024-04-04,Bengaluru
ORD13911,CUST475,PRD508,Electronics,Sony,1978.00,1,2024-04-04,Kolkata
ORD13912,CUST1080,PRD290,Electronics,Apple,504.00,1,2024-04-04,Bengaluru
ORD13913,CUST641,PRD264,Home & Kitchen,Prestige,518.00,1,2024-04-04,Hyderabad
ORD13913,CUST641,PRD439,Electronics,Boat,394.00,4,2024-04-04,Hyderabad
ORD13914,CUST733,PRD163,Electronics,Realme,1801.00,1,2024-04-04,Delhi
ORD13915,CUST1086,PRD133,Sports,Nike,1173.00,2,2024-04-04,Delhi
ORD13915,CUST1086,PRD535,Fashion,Bata,670.00,1,2024-04-04,Delhi
ORD13915,CUST1086,PRD588,Electronics,JBL,3249.00,1,2024-04-04,Delhi
ORD13916,CUST470,PRD063,Electronics,JBL,1768.00,1,2024-04-04,Kolkata
ORD13917,CUST765,PRD255,Books,Rupa,223.00,2,2024-04-04,Hyderabad
ORD13918,CUST197,PRD508,Electronics,Sony,1978.00,1,2024-04-04,Pune
ORD13918,CUST197,PRD600,Fashion,Allen Solly,763.00,1,2024-04-04,Pune
ORD13918,CUST197,PRD428,Electronics,OnePlus,921.00,1,2024-04-04,Pune
ORD13918,CUST197,PRD256,Fashion,Biba,546.00,2,2024-04-04,Pune
ORD13919,CUST070,PRD174,Fashion,Bata,1462.00,2,2024-04-04,Chennai
ORD13919,CUST070,PRD328,Books,Westland,163.00,4,2024-04-04,Chennai
ORD13920,CUST776,PRD497,Home & Kitchen,Borosil,776.00,2,2024-04-04,Mumbai
ORD13921,CUST939,PRD072,Books,Aleph,226.00,1,2024-04-04,Mumbai
ORD13922,CUST232,PRD559,Sports,Nivia,899.00,1,2024-04-04,Delhi
ORD13923,CUST140,PRD500,Electronics,Samsung,18999.00,1,2024-04-04,Mumbai
ORD13924,CUST455,PRD521,Beauty,Plum,303.00,1,2024-04-04,Mumbai
ORD13924,CUST455,PRD252,Electronics,OnePlus,270.00,1,2024-04-04,Mumbai
ORD13925,CUST966,PRD249,Fashion,Levis,335.00,2,2024-04-04,Bengaluru
ORD13926,CUST666,PRD521,Beauty,Plum,303.00,4,2024-04-04,Chennai
ORD13927,CUST1419,PRD170,Home & Kitchen,Hawkins,493.00,2,2024-04-04,Pune
ORD13928,CUST008,PRD215,Sports,Campus,638.00,1,2024-04-04,Bengaluru
ORD13928,CUST008,PRD292,Home & Kitchen,Cello,2099.00,1,2024-04-04,Bengaluru
ORD13929,CUST121,PRD452,Home & Kitchen,Wonderchef,462.00,3,2024-04-04,Delhi
ORD13929,CUST121,PRD406,Fashion,Levis,1299.00,2,2024-04-04,Delhi
ORD13929,CUST121,PRD065,Electronics,Sony,211.00,1,2024-04-04,Delhi
ORD13929,CUST121,PRD471,Home & Kitchen,Pigeon,1156.00,2,2024-04-04,Delhi
ORD13930,CUST362,PRD044,Fashion,Woodland,1002.00,1,2024-04-04,Bengaluru
ORD13931,CUST1131,PRD076,Sports,,579.00,3,2024-04-04,Chennai
ORD13932,CUST029,PRD163,Electronics,Realme,1801.00,1,2024-04-04,Mumbai
ORD13933,CUST777,PRD593,Beauty,Himalaya,289.00,5,2024-04-04,Chennai
ORD13934,CUST151,PRD460,Beauty,Lakme,252.00,5,2024-04-04,Bengaluru
ORD13934,CUST151,PRD343,Home & Kitchen,Hawkins,805.00,1,2024-04-04,Bengaluru
ORD13935,CUST024,PRD321,Beauty,,237.00,1,2024-04-05,Hyderabad
ORD13935,CUST024,PRD429,Electronics,Boult,577.00,2,2024-04-05,Hyderabad
ORD13936,CUST907,PRD315,Home & Kitchen,Prestige,668.00,2,2024-04-05,Mumbai
ORD13937,CUST036,PRD429,Electronics,Boult,577.00,2,2024-04-05,Pune
ORD13937,CUST036,PRD473,Electronics,Realme,6236.00,2,2024-04-05,Pune
ORD13938,CUST1428,PRD381,Fashion,Peter England,406.00,2,2024-04-05,Mumbai
ORD13938,CUST1428,PRD452,Home & Kitchen,Wonderchef,462.00,1,2024-04-05,Mumbai
ORD13938,CUST1428,PRD062,Home & Kitchen,Cello,1709.00,1,2024-04-05,Mumbai
ORD13939,CUST1238,PRD143,Books,Rupa,497.00,2,2024-04-05,Mumbai
ORD13940,CUST520,PRD473,Electronics,Realme,6236.00,1,2024-04-05,Pune
ORD13941,CUST1388,PRD246,Sports,Decathlon,256.00,1,2024-04-05,Bengaluru
ORD13941,CUST1388,PRD521,Beauty,Plum,303.00,3,2024-04-05,Bengaluru
ORD13942,CUST607,PRD392,Home & Kitchen,Pigeon,1205.00,1,2024-04-05,Delhi
ORD13943,CUST1036,PRD247,Sports,Campus,1130.00,2,2024-04-05,Delhi
ORD13944,CUST263,PRD026,Home & Kitchen,Milton,781.00,1,2024-04-05,Delhi
ORD13945,CUST1212,PRD292,Home & Kitchen,Cello,2099.00,1,2024-04-05,Chennai
ORD13946,CUST1066,PRD335,Beauty,Nivea,305.00,4,2024-04-05,Kolkata
ORD13947,CUST453,PRD555,Electronics,Boult,2277.00,1,2024-04-05,Hyderabad
ORD13947,CUST453,PRD241,Sports,Campus,963.00,2,2024-04-05,Hyderabad
ORD13948,CUST880,PRD365,Home & Kitchen,Butterfly,960.00,2,2024-04-05,Mumbai
ORD13949,CUST1389,PRD559,Sports,Nivia,899.00,2,2024-04-05,Bengaluru
ORD13950,CUST107,PRD530,Home & Kitchen,Prestige,1101.00,1,2024-04-05,Mumbai
ORD13951,CUST613,PRD163,Electronics,Realme,1801.00,1,2024-04-05,Pune
ORD13952,CUST395,PRD201,Fashion,Puma,841.00,1,2024-04-05,Bengaluru
ORD13952,CUST395,PRD080,Electronics,Realme,1211.00,1,2024-04-05,Bengaluru
ORD13953,CUST1226,PRD471,Home & Kitchen,Pigeon,1156.00,1,2024-04-05,Bengaluru
ORD13954,CUST323,PRD583,Fashion,Biba,735.00,1,2024-04-05,Bengaluru
ORD13954,CUST323,PRD129,Home & Kitchen,Pigeon,728.00,1,2024-04-05,Bengaluru
ORD13955,CUST479,PRD429,Electronics,Boult,577.00,3,2024-04-05,Hyderabad
ORD13955,CUST479,PRD171,Beauty,Lakme,599.00,1,2024-04-05,Hyderabad
ORD13955,CUST479,PRD470,Beauty,Plum,397.00,2,2024-04-05,Hyderabad
ORD13956,CUST113,PRD379,Electronics,Realme,3493.00,1,2024-04-05,Bengaluru
ORD13957,CUST062,PRD262,Electronics,Apple,3501.00,1,2024-04-05,Mumbai
ORD13958,CUST722,PRD168,Home & Kitchen,Prestige,1522.00,2,2024-04-05,Bengaluru
ORD13958,CUST722,PRD485,Electronics,Apple,420.00,5,2024-04-05,Bengaluru
ORD13959,CUST704,PRD333,Home & Kitchen,Wonderchef,422.00,2,2024-04-05,Bengaluru
ORD13959,CUST704,PRD506,Fashion,Allen Solly,745.00,1,2024-04-05,Bengaluru
ORD13959,CUST704,PRD498,Fashion,Levis,2999.00,1,2024-04-05,Bengaluru
ORD13960,CUST1311,PRD128,Books,Rupa,218.00,2,2024-04-05,Bengaluru
ORD13961,CUST525,PRD030,Electronics,Mi,1686.00,1,2024-04-05,Ahmedabad
ORD13962,CUST1178,PRD170,Home & Kitchen,Hawkins,493.00,6,2024-04-05,Bengaluru
ORD13963,CUST1086,PRD588,Electronics,JBL,3249.00,2,2024-04-05,Delhi
ORD13964,CUST715,PRD535,Fashion,Bata,670.00,1,2024-04-05,Chennai
ORD13964,CUST715,PRD200,Beauty,Biotique,209.00,3,2024-04-05,Chennai
ORD13965,CUST339,PRD086,Sports,Decathlon,1825.00,1,2024-04-05,Bengaluru
ORD13966,CUST1249,PRD260,Home & Kitchen,Borosil,352.00,2,2024-04-05,Delhi
ORD13967,CUST943,PRD559,Sports,Nivia,899.00,1,2024-04-05,Pune
ORD13968,CUST1199,PRD337,Electronics,Boult,482.00,1,2024-04-05,Bengaluru
ORD13968,CUST1199,PRD500,Electronics,Samsung,18999.00,1,2024-04-05,Bengaluru
ORD13968,CUST1199,PRD273,Books,Bloomsbury,1199.00,1,2024-04-05,Bengaluru
ORD13968,CUST1199,PRD280,Electronics,Apple,4376.00,1,2024-04-05,Bengaluru
ORD13969,CUST1314,PRD563,Electronics,Samsung,443.00,1,2024-04-05,Delhi
ORD13970,CUST142,PRD197,Sports,Cosco,3499.00,2,2024-04-05,Delhi
ORD13971,CUST571,PRD381,Fashion,Peter England,406.00,2,2024-04-05,Delhi
ORD13972,CUST978,PRD298,Home & Kitchen,Borosil,4499.00,2,2024-04-06,Mumbai
ORD13973,CUST1328,PRD327,Electronics,OnePlus,457.00,1,2024-04-06,Bengaluru
ORD13974,CUST180,PRD439,Electronics,Boat,394.00,1,2024-04-06,Delhi
ORD13975,CUST1376,PRD178,Beauty,Maybelline,1099.00,2,2024-04-06,Hyderabad
ORD13975,CUST1376,PRD518,Electronics,Mi,4469.00,1,2024-04-06,Hyderabad
ORD13975,CUST1376,PRD469,Fashion,Puma,616.00,1,2024-04-06,Hyderabad
ORD13976,CUST570,PRD468,Electronics,Mi,1890.00,1,2024-04-06,Hyderabad
ORD13976,CUST570,PRD501,Electronics,Realme,1499.00,1,2024-04-06,Hyderabad
ORD13976,CUST570,PRD395,Beauty,Maybelline,618.00,1,2024-04-06,Hyderabad
ORD13977,CUST969,PRD524,Beauty,Himalaya,249.00,5,2024-04-06,Delhi
ORD13978,CUST155,PRD129,Home & Kitchen,Pigeon,728.00,1,2024-04-06,Delhi
ORD13978,CUST155,PRD174,Fashion,Bata,1462.00,1,2024-04-06,Delhi
ORD13979,CUST1262,PRD330,Electronics,Noise,999.00,1,2024-04-06,Kolkata
ORD13980,CUST209,PRD204,Electronics,Boat,1299.00,1,2024-04-06,Delhi
ORD13980,CUST209,PRD107,Electronics,JBL,844.00,1,2024-04-06,Delhi
ORD13981,CUST682,PRD174,Fashion,,1462.00,1,2024-04-06,Delhi
ORD13981,CUST682,PRD254,Electronics,Mi,1014.00,1,2024-04-06,Delhi
ORD13982,CUST933,PRD536,Home & Kitchen,Butterfly,4499.00,1,2024-04-06,Pune
ORD13982,CUST933,PRD107,Electronics,JBL,844.00,2,2024-04-06,Pune
ORD13982,CUST933,PRD163,Electronics,Realme,1801.00,1,2024-04-06,Pune
ORD13983,CUST821,PRD315,Home & Kitchen,Prestige,668.00,1,2024-04-06,Hyderabad
ORD13983,CUST821,PRD177,Fashion,Allen Solly,640.00,1,2024-04-06,Hyderabad
ORD13983,CUST821,PRD225,Electronics,Samsung,469.00,1,2024-04-06,Hyderabad
ORD13984,CUST718,PRD245,Sports,Nike,3495.00,1,2024-04-06,Delhi
ORD13985,CUST792,PRD163,Electronics,Realme,1801.00,1,2024-04-06,Pune
ORD13986,CUST047,PRD600,Fashion,Allen Solly,763.00,1,2024-04-06,Chennai
ORD13986,CUST047,PRD108,Sports,Yonex,899.00,2,2024-04-06,Chennai
ORD13986,CUST047,PRD249,Fashion,Levis,335.00,2,2024-04-06,Chennai
ORD13987,CUST609,PRD251,Fashion,Puma,761.00,1,2024-04-06,Mumbai
ORD13988,CUST877,PRD128,Books,Rupa,218.00,6,2024-04-06,Ahmedabad
ORD13989,CUST123,PRD391,Fashion,Bata,1999.00,3,2024-04-06,Bengaluru
ORD13990,CUST140,PRD506,Fashion,Allen Solly,745.00,3,2024-04-06,Mumbai
ORD13990,CUST140,PRD197,Sports,Cosco,3499.00,1,2024-04-06,Mumbai
ORD13991,CUST182,PRD204,Electronics,Boat,1299.00,1,2024-04-06,Chennai
ORD13992,CUST268,PRD163,Electronics,Realme,1801.00,1,2024-04-06,Chennai
ORD13993,CUST1142,PRD118,Home & Kitchen,Hawkins,2389.00,1,2024-04-06,Delhi
ORD13993,CUST1142,PRD204,Electronics,Boat,1299.00,1,2024-04-06,Delhi
ORD13994,CUST1037,PRD407,Sports,Puma,235.00,2,2024-04-06,Delhi
ORD13994,CUST1037,PRD197,Sports,Cosco,3499.00,1,2024-04-06,Delhi
ORD13994,CUST1037,PRD163,Electronics,Realme,1801.00,1,2024-04-06,Delhi
ORD13994,CUST1037,PRD550,Fashion,Biba,2786.00,1,2024-04-06,Delhi
ORD13995,CUST1198,PRD285,Electronics,Sony,613.00,2,2024-04-06,Kolkata
ORD13995,CUST1198,PRD444,Electronics,Samsung,346.00,4,2024-04-06,Kolkata
ORD13996,CUST298,PRD406,Fashion,Levis,1299.00,3,2024-04-06,Delhi
ORD13997,CUST798,PRD468,Electronics,Mi,1890.00,2,2024-04-06,Delhi
ORD13997,CUST798,PRD533,Beauty,Plum,379.00,2,2024-04-06,Delhi
ORD13998,CUST1489,PRD422,Sports,Cosco,864.00,2,2024-04-06,Pune
ORD13999,CUST1429,PRD162,Beauty,Nivea,177.00,2,2024-04-06,Chennai
ORD13999,CUST1429,PRD205,Beauty,Plum,497.00,4,2024-04-06,Chennai
ORD14000,CUST1212,PRD339,Electronics,OnePlus,1061.00,2,2024-04-06,Chennai
ORD14001,CUST248,PRD521,Beauty,Plum,303.00,1,2024-04-06,Bengaluru
ORD14001,CUST248,PRD174,Fashion,Bata,1462.00,1,2024-04-06,Bengaluru
ORD14002,CUST996,PRD020,Beauty,Maybelline,169.00,1,2024-04-06,Bengaluru
ORD14003,CUST489,PRD091,Home & Kitchen,Cello,349.00,2,2024-04-06,Mumbai
ORD14004,CUST1481,PRD010,Beauty,Maybelline,1040.00,1,2024-04-06,Kolkata
ORD14005,CUST1412,PRD235,Electronics,Boult,1773.00,1,2024-04-06,Chennai
ORD14006,CUST940,PRD444,Electronics,Samsung,346.00,2,2024-04-06,Delhi
ORD14006,CUST940,PRD225,Electronics,Samsung,469.00,2,2024-04-06,Delhi
ORD14007,CUST1304,PRD343,Home & Kitchen,Hawkins,805.00,1,2024-04-06,Bengaluru
ORD14007,CUST1304,PRD445,Electronics,Samsung,236.00,1,2024-04-06,Bengaluru
ORD14007,CUST1304,PRD324,Fashion,Allen Solly,843.00,1,2024-04-06,Bengaluru
ORD14008,CUST394,PRD277,Electronics,Samsung,2013.00,1,2024-04-06,Delhi
ORD14008,CUST394,PRD246,Sports,Decathlon,256.00,2,2024-04-06,Delhi
ORD14008,CUST394,PRD234,Fashion,Bata,484.00,4,2024-04-06,Delhi
ORD14009,CUST845,PRD297,Home & Kitchen,Pigeon,1081.00,1,2024-04-07,Pune
ORD14009,CUST845,PRD046,Home & Kitchen,Cello,2604.00,1,2024-04-07,Pune
ORD14009,CUST845,PRD030,Electronics,Mi,1686.00,1,2024-04-07,Pune
ORD14010,CUST1292,PRD329,Electronics,OnePlus,1419.00,2,2024-04-07,Hyderabad
ORD14011,CUST683,PRD201,Fashion,Puma,841.00,3,2024-04-07,Mumbai
ORD14011,CUST683,PRD220,Books,Westland,415.00,2,2024-04-07,Mumbai
ORD14012,CUST622,PRD435,Home & Kitchen,Wonderchef,523.00,1,2024-04-07,Delhi
ORD14013,CUST458,PRD600,Fashion,Allen Solly,763.00,1,2024-04-07,Delhi
ORD14014,CUST078,PRD082,Home & Kitchen,Butterfly,614.00,1,2024-04-07,Mumbai
ORD14014,CUST078,PRD187,Home & Kitchen,Butterfly,438.00,3,2024-04-07,Mumbai
ORD14015,CUST470,PRD265,Books,HarperCollins,599.00,3,2024-04-07,Kolkata
ORD14015,CUST470,PRD225,Electronics,Samsung,469.00,2,2024-04-07,Kolkata
ORD14016,CUST735,PRD092,Beauty,Maybelline,184.00,1,2024-04-07,Mumbai
ORD14017,CUST1040,PRD483,Beauty,Lakme,162.00,8,2024-04-07,Delhi
ORD14018,CUST693,PRD225,Electronics,Samsung,469.00,5,2024-04-07,Bengaluru
ORD14019,CUST327,PRD232,Fashion,Biba,822.00,2,2024-04-07,Hyderabad
ORD14019,CUST327,PRD508,Electronics,Sony,1978.00,1,2024-04-07,Hyderabad
ORD14019,CUST327,PRD111,Beauty,Nivea,266.00,1,2024-04-07,Hyderabad
ORD14020,CUST732,PRD109,Electronics,OnePlus,160.00,1,2024-04-07,Delhi
ORD14021,CUST1458,PRD385,Electronics,OnePlus,2378.00,1,2024-04-07,Bengaluru
ORD14022,CUST777,PRD421,Electronics,,507.00,2,2024-04-07,Chennai
ORD14022,CUST777,PRD204,Electronics,Boat,1299.00,2,2024-04-07,Chennai
ORD14022,CUST777,PRD210,Fashion,Sparx,599.00,1,2024-04-07,Chennai
ORD14022,CUST777,PRD385,Electronics,OnePlus,2378.00,1,2024-04-07,Chennai
ORD14023,CUST143,PRD467,Home & Kitchen,Prestige,845.00,1,2024-04-07,Delhi
ORD14023,CUST143,PRD208,Electronics,Boult,7315.00,1,2024-04-07,Delhi
ORD14024,CUST504,PRD107,Electronics,JBL,844.00,2,2024-04-07,Hyderabad
ORD14025,CUST1404,PRD017,Electronics,Boat,1299.00,1,2024-04-07,Bengaluru
ORD14025,CUST1404,PRD381,Fashion,Peter England,406.00,1,2024-04-07,Bengaluru
ORD14026,CUST1471,PRD588,Electronics,JBL,3249.00,2,2024-04-07,Hyderabad
ORD14026,CUST1471,PRD280,Electronics,Apple,4376.00,1,2024-04-07,Hyderabad
ORD14027,CUST070,PRD461,Fashion,Peter England,1071.00,2,2024-04-07,Chennai
ORD14027,CUST070,PRD398,Fashion,Biba,591.00,1,2024-04-07,Chennai
ORD14028,CUST1128,PRD152,Electronics,Sony,699.00,2,2024-04-07,Mumbai
ORD14028,CUST1128,PRD572,Electronics,Apple,1534.00,2,2024-04-07,Mumbai
ORD14028,CUST1128,PRD383,Electronics,Apple,199.00,6,2024-04-07,Mumbai
ORD14028,CUST1128,PRD588,Electronics,JBL,3249.00,1,2024-04-07,Mumbai
ORD14029,CUST391,PRD393,Fashion,Allen Solly,521.00,1,2024-04-07,Pune
ORD14029,CUST391,PRD541,Fashion,Biba,418.00,2,2024-04-07,Pune
ORD14029,CUST391,PRD153,Electronics,Apple,1631.00,2,2024-04-07,Pune
ORD14029,CUST391,PRD163,Electronics,Realme,1801.00,1,2024-04-07,Pune
ORD14030,CUST491,PRD509,Electronics,Noise,1956.00,2,2024-04-07,Kolkata
ORD14031,CUST885,PRD220,Books,Westland,415.00,6,2024-04-07,Chennai
ORD14031,CUST885,PRD354,Electronics,Apple,474.00,2,2024-04-07,Chennai
ORD14032,CUST231,PRD163,Electronics,Realme,1801.00,1,2024-04-07,Bengaluru
ORD14033,CUST1044,PRD508,Electronics,Sony,1978.00,3,2024-04-07,Ahmedabad
ORD14034,CUST410,PRD500,Electronics,Samsung,18999.00,1,2024-04-07,Mumbai
ORD14035,CUST447,PRD206,Books,Rupa,458.00,5,2024-04-07,Bengaluru
ORD14035,CUST447,PRD129,Home & Kitchen,Pigeon,728.00,2,2024-04-07,Bengaluru
ORD14035,CUST447,PRD072,Books,Aleph,226.00,1,2024-04-07,Bengaluru
ORD14035,CUST447,PRD409,Sports,Yonex,1739.00,2,2024-04-07,Bengaluru
ORD14036,CUST242,PRD508,Electronics,Sony,1978.00,1,2024-04-07,Chennai
ORD14036,CUST242,PRD502,Electronics,Boult,1312.00,1,2024-04-07,Chennai
ORD14036,CUST242,PRD032,Fashion,Levis,823.00,1,2024-04-07,Chennai
ORD14037,CUST1205,PRD177,Fashion,Allen Solly,640.00,2,2024-04-07,Mumbai
ORD14037,CUST1205,PRD072,Books,Aleph,226.00,2,2024-04-07,Mumbai
ORD14038,CUST549,PRD187,Home & Kitchen,Butterfly,438.00,1,2024-04-07,Delhi
ORD14039,CUST532,PRD423,Home & Kitchen,Pigeon,623.00,1,2024-04-07,Delhi
ORD14039,CUST532,PRD190,Home & Kitchen,,701.00,1,2024-04-07,Delhi
ORD14040,CUST936,PRD447,Fashion,Sparx,974.00,1,2024-04-07,Bengaluru
ORD14041,CUST621,PRD513,Sports,Decathlon,3680.00,1,2024-04-07,Chennai
ORD14042,CUST847,PRD235,Electronics,Boult,1773.00,1,2024-04-07,Ahmedabad
ORD14043,CUST1317,PRD370,Fashion,Biba,1058.00,2,2024-04-07,Delhi
ORD14044,CUST485,PRD525,Books,Bloomsbury,699.00,1,2024-04-07,Hyderabad
ORD14044,CUST485,PRD406,Fashion,Levis,1299.00,2,2024-04-07,Hyderabad
ORD14045,CUST157,PRD488,Beauty,Maybelline,409.00,3,2024-04-07,Delhi
ORD14046,CUST130,PRD137,Home & Kitchen,Wonderchef,737.00,1,2024-04-07,Delhi
ORD14047,CUST409,PRD367,Electronics,Realme,505.00,2,2024-04-07,Mumbai
ORD14048,CUST290,PRD407,Sports,Puma,235.00,1,2024-04-07,Bengaluru
ORD14048,CUST290,PRD163,Electronics,Realme,1801.00,1,2024-04-07,Bengaluru
ORD14049,CUST431,PRD416,Electronics,Boat,1236.00,3,2024-04-07,Bengaluru
ORD14049,CUST431,PRD339,Electronics,OnePlus,1061.00,1,2024-04-07,Bengaluru
ORD14050,CUST852,PRD508,Electronics,Sony,1978.00,2,2024-04-08,Mumbai
ORD14050,CUST852,PRD473,Electronics,Realme,6236.00,1,2024-04-08,Mumbai
ORD14050,CUST852,PRD428,Electronics,OnePlus,921.00,3,2024-04-08,Mumbai
ORD14051,CUST865,PRD516,Beauty,Lakme,469.00,3,2024-04-08,Ahmedabad
ORD14052,CUST180,PRD110,Home & Kitchen,Cello,1832.00,2,2024-04-08,Delhi
ORD14052,CUST180,PRD063,Electronics,JBL,1768.00,2,2024-04-08,Delhi
ORD14052,CUST180,PRD208,Electronics,Boult,7315.00,1,2024-04-08,Delhi
ORD14053,CUST227,PRD168,Home & Kitchen,Prestige,1522.00,1,2024-04-08,Mumbai
ORD14053,CUST227,PRD415,Fashion,Woodland,2499.00,2,2024-04-08,Mumbai
ORD14053,CUST227,PRD134,Electronics,OnePlus,346.00,1,2024-04-08,Mumbai
ORD14054,CUST658,PRD217,Beauty,Maybelline,1099.00,1,2024-04-08,Delhi
ORD14054,CUST658,PRD351,Electronics,Noise,344.00,4,2024-04-08,Delhi
ORD14055,CUST130,PRD163,Electronics,Realme,1801.00,1,2024-04-08,Delhi
ORD14056,CUST1255,PRD374,Electronics,Samsung,1706.00,1,2024-04-08,Hyderabad
ORD14056,CUST1255,PRD382,Electronics,Realme,247.00,1,2024-04-08,Hyderabad
ORD14057,CUST1454,PRD584,Sports,Nike,202.00,1,2024-04-08,Bengaluru
ORD14058,CUST012,PRD468,Electronics,Mi,1890.00,1,2024-04-08,Mumbai
ORD14058,CUST012,PRD365,Home & Kitchen,Butterfly,960.00,1,2024-04-08,Mumbai
ORD14059,CUST095,PRD044,Fashion,Woodland,1002.00,1,2024-04-08,Hyderabad
ORD14059,CUST095,PRD570,Books,HarperCollins,310.00,1,2024-04-08,Hyderabad
ORD14060,CUST710,PRD140,Home & Kitchen,Prestige,2499.00,1,2024-04-08,Mumbai
ORD14061,CUST197,PRD313,Home & Kitchen,Milton,2090.00,1,2024-04-08,Pune
ORD14062,CUST423,PRD180,Home & Kitchen,Cello,835.00,1,2024-04-08,Mumbai
ORD14063,CUST099,PRD245,Sports,Nike,3495.00,1,2024-04-08,Mumbai
ORD14064,CUST1333,PRD177,Fashion,Allen Solly,640.00,1,2024-04-08,Bengaluru
ORD14065,CUST858,PRD197,Sports,Cosco,3499.00,1,2024-04-08,Chennai
ORD14066,CUST959,PRD110,Home & Kitchen,Cello,1832.00,1,2024-04-08,Delhi
ORD14066,CUST959,PRD027,Fashion,Puma,488.00,3,2024-04-08,Delhi
ORD14067,CUST247,PRD006,Beauty,Lakme,160.00,8,2024-04-08,Pune
ORD14068,CUST1134,PRD599,Electronics,Samsung,1030.00,2,2024-04-08,Mumbai
ORD14069,CUST244,PRD066,Electronics,JBL,487.00,2,2024-04-08,Mumbai
ORD14070,CUST1210,PRD410,Electronics,OnePlus,4071.00,1,2024-04-08,Delhi
ORD14070,CUST1210,PRD170,Home & Kitchen,Hawkins,493.00,3,2024-04-08,Delhi
ORD14070,CUST1210,PRD508,Electronics,Sony,1978.00,1,2024-04-08,Delhi
ORD14070,CUST1210,PRD092,Beauty,Maybelline,184.00,2,2024-04-08,Delhi
ORD14071,CUST620,PRD080,Electronics,Realme,1211.00,3,2024-04-08,Hyderabad
ORD14072,CUST152,PRD370,Fashion,Biba,1058.00,1,2024-04-08,Chennai
ORD14072,CUST152,PRD163,Electronics,Realme,1801.00,1,2024-04-08,Chennai
ORD14072,CUST152,PRD140,Home & Kitchen,Prestige,2499.00,2,2024-04-08,Chennai
ORD14073,CUST1013,PRD394,Home & Kitchen,Butterfly,1799.00,1,2024-04-08,Bengaluru
ORD14074,CUST144,PRD513,Sports,Decathlon,3680.00,1,2024-04-08,Mumbai
ORD14074,CUST144,PRD360,Sports,Decathlon,2199.00,1,2024-04-08,Mumbai
ORD14075,CUST902,PRD323,Fashion,Woodland,312.00,1,2024-04-08,Hyderabad
ORD14076,CUST594,PRD162,Beauty,Nivea,177.00,2,2024-04-08,Delhi
ORD14077,CUST688,PRD439,Electronics,Boat,394.00,3,2024-04-08,Mumbai
ORD14078,CUST1168,PRD385,Electronics,OnePlus,2378.00,1,2024-04-08,Chennai
ORD14079,CUST718,PRD452,Home & Kitchen,Wonderchef,462.00,1,2024-04-08,Delhi
ORD14079,CUST718,PRD063,Electronics,JBL,1768.00,2,2024-04-08,Delhi
ORD14080,CUST1031,PRD583,Fashion,Biba,735.00,1,2024-04-08,Hyderabad
ORD14080,CUST1031,PRD344,Beauty,Lakme,222.00,2,2024-04-08,Hyderabad
ORD14080,CUST1031,PRD564,Fashion,Peter England,647.00,2,2024-04-08,Hyderabad
ORD14081,CUST483,PRD104,Home & Kitchen,Butterfly,875.00,1,2024-04-08,Kolkata
ORD14081,CUST483,PRD060,Books,HarperCollins,785.00,1,2024-04-08,Kolkata
ORD14082,CUST996,PRD536,Home & Kitchen,Butterfly,4499.00,1,2024-04-08,Bengaluru
ORD14083,CUST1132,PRD163,Electronics,Realme,1801.00,2,2024-04-08,Bengaluru
ORD14084,CUST1088,PRD596,Electronics,Sony,440.00,2,2024-04-08,Pune
ORD14085,CUST761,PRD030,Electronics,Mi,1686.00,2,2024-04-08,Mumbai
ORD14086,CUST1467,PRD461,Fashion,Peter England,1071.00,2,2024-04-08,Delhi
ORD14087,CUST1298,PRD381,Fashion,Peter England,406.00,2,2024-04-08,Delhi
ORD14087,CUST1298,PRD283,Beauty,Himalaya,318.00,1,2024-04-08,Delhi
ORD14088,CUST138,PRD151,Electronics,Realme,620.00,3,2024-04-08,Hyderabad
ORD14089,CUST973,PRD117,Electronics,Boult,831.00,1,2024-04-08,Delhi
ORD14090,CUST514,PRD597,Electronics,Mi,541.00,3,2024-04-08,Bengaluru
ORD14091,CUST043,PRD410,Electronics,OnePlus,4071.00,1,2024-04-08,Mumbai
ORD14091,CUST043,PRD278,Home & Kitchen,Cello,1899.00,1,2024-04-08,Mumbai
ORD14092,CUST391,PRD307,Books,Rupa,1199.00,2,2024-04-09,Pune
ORD14093,CUST1317,PRD051,Fashion,,755.00,1,2024-04-09,Delhi
ORD14094,CUST741,PRD508,Electronics,Sony,1978.00,1,2024-04-09,Hyderabad
ORD14095,CUST397,PRD508,Electronics,Sony,1978.00,1,2024-04-09,Pune
ORD14095,CUST397,PRD225,Electronics,Samsung,469.00,1,2024-04-09,Pune
ORD14095,CUST397,PRD220,Books,Westland,415.00,3,2024-04-09,Pune
ORD14096,CUST182,PRD078,Fashion,Woodland,513.00,1,2024-04-09,Chennai
ORD14097,CUST1231,PRD588,Electronics,JBL,3249.00,2,2024-04-09,Mumbai
ORD14098,CUST283,PRD257,Electronics,Noise,430.00,3,2024-04-09,Delhi
ORD14098,CUST283,PRD126,Sports,Decathlon,1107.00,1,2024-04-09,Delhi
ORD14099,CUST1040,PRD261,Fashion,Sparx,324.00,3,2024-04-09,Delhi
ORD14100,CUST403,PRD440,Beauty,Maybelline,250.00,1,2024-04-09,Pune
ORD14101,CUST092,PRD137,Home & Kitchen,Wonderchef,737.00,1,2024-04-09,Mumbai
ORD14102,CUST305,PRD589,Fashion,Allen Solly,661.00,1,2024-04-09,Bengaluru
ORD14102,CUST305,PRD407,Sports,Puma,235.00,2,2024-04-09,Bengaluru
ORD14102,CUST305,PRD009,Fashion,Levis,1499.00,1,2024-04-09,Bengaluru
ORD14102,CUST305,PRD539,Electronics,Realme,956.00,1,2024-04-09,Bengaluru
ORD14103,CUST1054,PRD174,Fashion,Bata,1462.00,2,2024-04-09,Bengaluru
ORD14103,CUST1054,PRD006,Beauty,Lakme,160.00,6,2024-04-09,Bengaluru
ORD14104,CUST1257,PRD553,Books,Rupa,163.00,2,2024-04-09,Ahmedabad
ORD14105,CUST123,PRD140,Home & Kitchen,Prestige,2499.00,1,2024-04-09,Bengaluru
ORD14106,CUST272,PRD234,Fashion,Bata,484.00,2,2024-04-09,Delhi
ORD14106,CUST272,PRD410,Electronics,OnePlus,4071.00,1,2024-04-09,Delhi
ORD14107,CUST1368,PRD247,Sports,Campus,1130.00,2,2024-04-09,Mumbai
ORD14108,CUST130,PRD163,Electronics,Realme,1801.00,1,2024-04-09,Delhi
ORD14109,CUST344,PRD588,Electronics,JBL,3249.00,1,2024-04-09,Bengaluru
ORD14109,CUST344,PRD480,Sports,Nike,942.00,1,2024-04-09,Bengaluru
ORD14110,CUST247,PRD163,Electronics,Realme,1801.00,2,2024-04-09,Pune
ORD14111,CUST204,PRD218,Sports,Cosco,263.00,1,2024-04-09,Delhi
ORD14111,CUST204,PRD091,Home & Kitchen,Cello,349.00,1,2024-04-09,Delhi
ORD14112,CUST1487,PRD343,Home & Kitchen,Hawkins,805.00,2,2024-04-09,Ahmedabad
ORD14112,CUST1487,PRD190,Home & Kitchen,Cello,701.00,1,2024-04-09,Ahmedabad
ORD14113,CUST742,PRD381,Fashion,Peter England,406.00,2,2024-04-09,Mumbai
ORD14114,CUST1324,PRD500,Electronics,Samsung,18999.00,1,2024-04-09,Mumbai
ORD14114,CUST1324,PRD441,Electronics,Sony,8613.00,1,2024-04-09,Mumbai
ORD14115,CUST406,PRD067,Fashion,Woodland,1999.00,1,2024-04-09,Bengaluru
ORD14115,CUST406,PRD525,Books,Bloomsbury,699.00,2,2024-04-09,Bengaluru
ORD14116,CUST008,PRD280,Electronics,Apple,4376.00,1,2024-04-09,Bengaluru
ORD14117,CUST388,PRD196,Fashion,Bata,1293.00,1,2024-04-09,Chennai
ORD14118,CUST1269,PRD222,Home & Kitchen,Cello,968.00,2,2024-04-09,Hyderabad
ORD14119,CUST1221,PRD594,Electronics,JBL,3866.00,2,2024-04-09,Bengaluru
ORD14120,CUST997,PRD521,Beauty,Plum,303.00,2,2024-04-09,Bengaluru
ORD14120,CUST997,PRD274,Beauty,Himalaya,188.00,2,2024-04-09,Bengaluru
ORD14121,CUST954,PRD569,Fashion,Peter England,765.00,1,2024-04-09,Kolkata
ORD14122,CUST591,PRD203,Sports,Campus,720.00,1,2024-04-09,Pune
ORD14123,CUST356,PRD385,Electronics,OnePlus,2378.00,1,2024-04-09,Mumbai
ORD14123,CUST356,PRD381,Fashion,Peter England,406.00,3,2024-04-09,Mumbai
ORD14124,CUST641,PRD488,Beauty,Maybelline,409.00,8,2024-04-09,Hyderabad
ORD14125,CUST835,PRD042,Home & Kitchen,Prestige,2999.00,1,2024-04-09,Kolkata
ORD14126,CUST1009,PRD156,Beauty,Lakme,399.00,2,2024-04-09,Kolkata
ORD14126,CUST1009,PRD475,Fashion,Peter England,1447.00,1,2024-04-09,Kolkata
ORD14127,CUST1268,PRD427,Beauty,Biotique,217.00,1,2024-04-09,Mumbai
ORD14128,CUST1264,PRD461,Fashion,Peter England,1071.00,1,2024-04-09,Bengaluru
ORD14129,CUST1010,PRD292,Home & Kitchen,Cello,2099.00,1,2024-04-09,Pune
ORD14129,CUST1010,PRD539,Electronics,Realme,956.00,2,2024-04-09,Pune
ORD14130,CUST488,PRD218,Sports,Cosco,263.00,2,2024-04-09,Chennai
ORD14131,CUST1165,PRD198,Electronics,Samsung,341.00,4,2024-04-09,Mumbai
ORD14132,CUST332,PRD391,Fashion,Bata,1999.00,1,2024-04-09,Chennai
ORD14132,CUST332,PRD127,Beauty,Biotique,208.00,3,2024-04-09,Chennai
ORD14132,CUST332,PRD235,Electronics,Boult,1773.00,1,2024-04-09,Chennai
ORD14132,CUST332,PRD295,Books,Rupa,420.00,1,2024-04-09,Chennai
ORD14133,CUST058,PRD295,Books,Rupa,420.00,5,2024-04-09,Bengaluru
ORD14134,CUST909,PRD401,Electronics,Realme,1790.00,1,2024-04-09,Mumbai
ORD14135,CUST625,PRD307,Books,Rupa,1199.00,1,2024-04-09,Mumbai
ORD14136,CUST1243,PRD528,Books,Bloomsbury,1299.00,1,2024-04-09,Hyderabad
ORD14137,CUST978,PRD529,Beauty,Biotique,234.00,1,2024-04-09,Mumbai
ORD14138,CUST271,PRD043,Electronics,Samsung,1615.00,2,2024-04-09,Mumbai
ORD14138,CUST271,PRD381,Fashion,Peter England,406.00,1,2024-04-09,Mumbai
ORD14139,CUST373,PRD486,Electronics,Sony,907.00,2,2024-04-09,Mumbai
ORD14140,CUST867,PRD132,Home & Kitchen,Milton,455.00,1,2024-04-09,Mumbai
ORD14141,CUST122,PRD539,Electronics,Realme,956.00,1,2024-04-09,Delhi
ORD14141,CUST122,PRD042,Home & Kitchen,Prestige,2999.00,1,2024-04-09,Delhi
ORD14141,CUST122,PRD444,Electronics,Samsung,346.00,1,2024-04-09,Delhi
ORD14142,CUST422,PRD529,Beauty,Biotique,234.00,6,2024-04-09,Delhi
ORD14143,CUST1224,PRD252,Electronics,OnePlus,270.00,1,2024-04-09,Chennai
ORD14143,CUST1224,PRD443,Fashion,Puma,437.00,3,2024-04-09,Chennai
ORD14144,CUST215,PRD220,Books,Westland,415.00,2,2024-04-09,Chennai
ORD14145,CUST1387,PRD166,Electronics,Boult,1527.00,2,2024-04-09,Mumbai
ORD14145,CUST1387,PRD478,Electronics,OnePlus,1494.00,1,2024-04-09,Mumbai
ORD14146,CUST936,PRD204,Electronics,Boat,1299.00,1,2024-04-10,Bengaluru
ORD14146,CUST936,PRD483,Beauty,Lakme,162.00,3,2024-04-10,Bengaluru
ORD14146,CUST936,PRD163,Electronics,Realme,1801.00,1,2024-04-10,Bengaluru
ORD14147,CUST769,PRD480,Sports,Nike,942.00,1,2024-04-10,Pune
ORD14148,CUST725,PRD593,Beauty,Himalaya,289.00,1,2024-04-10,Hyderabad
ORD14149,CUST828,PRD200,Beauty,Biotique,209.00,2,2024-04-10,Ahmedabad
ORD14150,CUST1443,PRD500,Electronics,Samsung,18999.00,1,2024-04-10,Hyderabad
ORD14150,CUST1443,PRD113,Fashion,Levis,2999.00,1,2024-04-10,Hyderabad
ORD14151,CUST305,PRD072,Books,Aleph,226.00,2,2024-04-10,Bengaluru
ORD14152,CUST169,PRD118,Home & Kitchen,Hawkins,2389.00,1,2024-04-10,Hyderabad
ORD14152,CUST169,PRD509,Electronics,Noise,1956.00,3,2024-04-10,Hyderabad
ORD14153,CUST016,PRD264,Home & Kitchen,Prestige,518.00,1,2024-04-10,Mumbai
ORD14154,CUST1405,PRD266,Beauty,Himalaya,637.00,1,2024-04-10,Bengaluru
ORD14155,CUST1288,PRD127,Beauty,Biotique,208.00,3,2024-04-10,Pune
ORD14156,CUST052,PRD107,Electronics,JBL,844.00,1,2024-04-10,Hyderabad
ORD14156,CUST052,PRD490,Electronics,Mi,1499.00,3,2024-04-10,Hyderabad
ORD14157,CUST020,PRD156,Beauty,Lakme,399.00,1,2024-04-10,Chennai
ORD14158,CUST620,PRD403,Books,Rupa,201.00,1,2024-04-10,Hyderabad
ORD14158,CUST620,PRD521,Beauty,Plum,303.00,1,2024-04-10,Hyderabad
ORD14159,CUST1368,PRD030,Electronics,Mi,1686.00,1,2024-04-10,Mumbai
ORD14160,CUST1257,PRD454,Home & Kitchen,Milton,385.00,2,2024-04-10,Ahmedabad
ORD14161,CUST1098,PRD092,Beauty,Maybelline,184.00,2,2024-04-10,Delhi
ORD14162,CUST178,PRD071,Beauty,Himalaya,243.00,1,2024-04-10,Mumbai
ORD14163,CUST1389,PRD177,Fashion,Allen Solly,640.00,2,2024-04-10,Bengaluru
ORD14163,CUST1389,PRD238,Home & Kitchen,Borosil,948.00,1,2024-04-10,Bengaluru
ORD14163,CUST1389,PRD080,Electronics,Realme,1211.00,3,2024-04-10,Bengaluru
ORD14163,CUST1389,PRD572,Electronics,Apple,1534.00,1,2024-04-10,Bengaluru
ORD14164,CUST191,PRD136,Sports,Adidas,3499.00,1,2024-04-10,Delhi
ORD14165,CUST1204,PRD140,Home & Kitchen,Prestige,2499.00,1,2024-04-10,Delhi
ORD14166,CUST482,PRD358,Electronics,Apple,205.00,1,2024-04-10,Mumbai
ORD14166,CUST482,PRD473,Electronics,Realme,6236.00,1,2024-04-10,Mumbai
ORD14167,CUST157,PRD573,Fashion,Peter England,652.00,1,2024-04-10,Delhi
ORD14168,CUST942,PRD001,Home & Kitchen,,1327.00,1,2024-04-10,Chennai
ORD14168,CUST942,PRD002,Home & Kitchen,Milton,1281.00,1,2024-04-10,Chennai
ORD14169,CUST925,PRD574,Electronics,Mi,318.00,3,2024-04-10,Delhi
ORD14169,CUST925,PRD368,Electronics,JBL,955.00,1,2024-04-10,Delhi
ORD14170,CUST1115,PRD225,Electronics,Samsung,469.00,3,2024-04-10,Mumbai
ORD14171,CUST490,PRD107,Electronics,JBL,844.00,1,2024-04-10,Ahmedabad
ORD14172,CUST768,PRD246,Sports,Decathlon,256.00,2,2024-04-10,Kolkata
ORD14173,CUST1265,PRD197,Sports,Cosco,3499.00,1,2024-04-10,Mumbai
ORD14174,CUST160,PRD152,Electronics,Sony,699.00,1,2024-04-10,Pune
ORD14175,CUST539,PRD500,Electronics,Samsung,18999.00,1,2024-04-10,Kolkata
ORD14175,CUST539,PRD163,Electronics,Realme,1801.00,1,2024-04-10,Kolkata
ORD14175,CUST539,PRD316,Home & Kitchen,Milton,458.00,3,2024-04-10,Kolkata
ORD14176,CUST959,PRD577,Electronics,Mi,1502.00,2,2024-04-10,Delhi
ORD14177,CUST064,PRD584,Sports,Nike,202.00,8,2024-04-10,Bengaluru
ORD14178,CUST183,PRD122,Sports,Yonex,2499.00,1,2024-04-10,Delhi
ORD14178,CUST183,PRD129,Home & Kitchen,Pigeon,728.00,1,2024-04-10,Delhi
ORD14179,CUST435,PRD337,Electronics,Boult,482.00,3,2024-04-10,Delhi
ORD14180,CUST135,PRD357,Home & Kitchen,Milton,918.00,1,2024-04-10,Chennai
ORD14181,CUST1478,PRD257,Electronics,Noise,430.00,4,2024-04-10,Hyderabad
ORD14182,CUST079,PRD521,Beauty,Plum,303.00,2,2024-04-10,Mumbai
ORD14182,CUST079,PRD539,Electronics,Realme,956.00,1,2024-04-10,Mumbai
ORD14183,CUST515,PRD317,Home & Kitchen,Butterfly,2280.00,1,2024-04-10,Mumbai
ORD14184,CUST545,PRD517,Fashion,Biba,1273.00,2,2024-04-10,Mumbai
ORD14185,CUST1267,PRD107,Electronics,JBL,844.00,2,2024-04-10,Mumbai
ORD14186,CUST544,PRD163,Electronics,Realme,1801.00,1,2024-04-10,Chennai
ORD14186,CUST544,PRD131,Beauty,Plum,667.00,1,2024-04-10,Chennai
ORD14187,CUST1240,PRD003,Electronics,JBL,3498.00,1,2024-04-10,Mumbai
ORD14187,CUST1240,PRD424,Beauty,Himalaya,526.00,1,2024-04-10,Mumbai
ORD14187,CUST1240,PRD120,Fashion,Biba,650.00,1,2024-04-10,Mumbai
ORD14188,CUST827,PRD085,Beauty,Biotique,666.00,1,2024-04-10,Delhi
ORD14189,CUST340,PRD225,Electronics,Samsung,469.00,2,2024-04-10,Hyderabad
ORD14190,CUST313,PRD592,Fashion,Levis,555.00,1,2024-04-10,Bengaluru
ORD14190,CUST313,PRD197,Sports,Cosco,3499.00,1,2024-04-10,Bengaluru
ORD14190,CUST313,PRD019,Fashion,Woodland,707.00,1,2024-04-10,Bengaluru
ORD14191,CUST908,PRD226,Electronics,Sony,413.00,3,2024-04-10,Mumbai
ORD14192,CUST384,PRD076,Sports,Nivia,579.00,1,2024-04-10,Mumbai
ORD14193,CUST159,PRD181,Home & Kitchen,Wonderchef,1046.00,1,2024-04-10,Bengaluru
ORD14194,CUST1203,PRD559,Sports,Nivia,899.00,1,2024-04-10,Bengaluru
ORD14195,CUST802,PRD589,Fashion,Allen Solly,661.00,1,2024-04-10,Delhi
ORD14196,CUST522,PRD115,Fashion,Woodland,547.00,1,2024-04-10,Chennai
ORD14197,CUST847,PRD452,Home & Kitchen,Wonderchef,462.00,4,2024-04-10,Ahmedabad
ORD14198,CUST811,PRD235,Electronics,Boult,1773.00,3,2024-04-10,Kolkata
ORD14199,CUST694,PRD321,Beauty,Himalaya,237.00,1,2024-04-10,Hyderabad
ORD14199,CUST694,PRD560,Electronics,Samsung,2449.00,1,2024-04-10,Hyderabad
ORD14200,CUST1133,PRD411,Fashion,Bata,815.00,2,2024-04-10,Mumbai
ORD14200,CUST1133,PRD128,Books,Rupa,218.00,6,2024-04-10,Mumbai
ORD14201,CUST770,PRD563,Electronics,Samsung,443.00,3,2024-04-10,Bengaluru
ORD14201,CUST770,PRD124,Beauty,Maybelline,221.00,1,2024-04-10,Bengaluru
ORD14201,CUST770,PRD131,Beauty,Plum,667.00,3,2024-04-10,Bengaluru
ORD14201,CUST770,PRD174,Fashion,Bata,1462.00,1,2024-04-10,Bengaluru
ORD14202,CUST932,PRD222,Home & Kitchen,Cello,968.00,1,2024-04-10,Pune
ORD14202,CUST932,PRD599,Electronics,Samsung,1030.00,1,2024-04-10,Pune
ORD14202,CUST932,PRD259,Electronics,Realme,1941.00,2,2024-04-10,Pune
ORD14203,CUST974,PRD555,Electronics,Boult,2277.00,1,2024-04-10,Ahmedabad
ORD14204,CUST671,PRD022,Home & Kitchen,Hawkins,1213.00,1,2024-04-10,Kolkata
ORD14205,CUST474,PRD163,Electronics,Realme,1801.00,3,2024-04-10,Hyderabad
ORD14206,CUST1276,PRD225,Electronics,Samsung,469.00,2,2024-04-10,Bengaluru
ORD14206,CUST1276,PRD274,Beauty,Himalaya,188.00,1,2024-04-10,Bengaluru
ORD14207,CUST278,PRD554,Home & Kitchen,,403.00,1,2024-04-10,Mumbai
ORD14208,CUST554,PRD522,Fashion,Woodland,302.00,2,2024-04-10,Bengaluru
ORD14208,CUST554,PRD382,Electronics,Realme,247.00,6,2024-04-10,Bengaluru
ORD14208,CUST554,PRD358,Electronics,Apple,205.00,1,2024-04-10,Bengaluru
ORD14209,CUST007,PRD293,Fashion,Levis,499.00,2,2024-04-10,Mumbai
ORD14209,CUST007,PRD225,Electronics,Samsung,469.00,3,2024-04-10,Mumbai
ORD14209,CUST007,PRD142,Fashion,Peter England,1499.00,1,2024-04-10,Mumbai
ORD14210,CUST877,PRD588,Electronics,JBL,3249.00,1,2024-04-10,Ahmedabad
ORD14211,CUST536,PRD378,Sports,Campus,2214.00,1,2024-04-10,Bengaluru
ORD14211,CUST536,PRD204,Electronics,Boat,1299.00,1,2024-04-10,Bengaluru
ORD14211,CUST536,PRD166,Electronics,Boult,1527.00,1,2024-04-10,Bengaluru
ORD14211,CUST536,PRD314,Electronics,Boult,422.00,1,2024-04-10,Bengaluru
ORD14212,CUST944,PRD298,Home & Kitchen,Borosil,4499.00,1,2024-04-10,Chennai
ORD14212,CUST944,PRD447,Fashion,Sparx,974.00,1,2024-04-10,Chennai
ORD14212,CUST944,PRD163,Electronics,Realme,1801.00,2,2024-04-10,Chennai
ORD14213,CUST468,PRD381,Fashion,Peter England,406.00,3,2024-04-10,Delhi
ORD14214,CUST1255,PRD197,Sports,Cosco,3499.00,1,2024-04-10,Hyderabad
ORD14214,CUST1255,PRD290,Electronics,Apple,504.00,1,2024-04-10,Hyderabad
ORD14215,CUST1185,PRD173,Sports,Cosco,555.00,1,2024-04-10,Bengaluru
ORD14216,CUST1481,PRD422,Sports,Cosco,864.00,1,2024-04-10,Kolkata
ORD14216,CUST1481,PRD521,Beauty,Plum,303.00,2,2024-04-10,Kolkata
ORD14217,CUST615,PRD539,Electronics,Realme,956.00,2,2024-04-10,Ahmedabad
ORD14217,CUST615,PRD006,Beauty,Lakme,160.00,1,2024-04-10,Ahmedabad
ORD14218,CUST623,PRD062,Home & Kitchen,Cello,1709.00,1,2024-04-11,Pune
ORD14219,CUST1479,PRD393,Fashion,Allen Solly,521.00,3,2024-04-11,Delhi
ORD14219,CUST1479,PRD129,Home & Kitchen,Pigeon,728.00,1,2024-04-11,Delhi
ORD14220,CUST1037,PRD218,Sports,Cosco,263.00,1,2024-04-11,Delhi
ORD14220,CUST1037,PRD385,Electronics,OnePlus,2378.00,1,2024-04-11,Delhi
ORD14221,CUST013,PRD002,Home & Kitchen,Milton,1281.00,1,2024-04-11,Chennai
ORD14222,CUST1455,PRD090,Fashion,Biba,621.00,2,2024-04-11,Hyderabad
ORD14223,CUST1395,PRD104,Home & Kitchen,Butterfly,875.00,2,2024-04-11,Mumbai
ORD14224,CUST879,PRD057,Electronics,Sony,1157.00,1,2024-04-11,Mumbai
ORD14224,CUST879,PRD102,Sports,Cosco,569.00,1,2024-04-11,Mumbai
ORD14225,CUST787,PRD110,Home & Kitchen,Cello,1832.00,1,2024-04-11,Mumbai
ORD14225,CUST787,PRD508,Electronics,Sony,1978.00,2,2024-04-11,Mumbai
ORD14226,CUST1078,PRD197,Sports,Cosco,3499.00,1,2024-04-11,Hyderabad
ORD14227,CUST899,PRD594,Electronics,JBL,3866.00,1,2024-04-11,Delhi
ORD14228,CUST1487,PRD444,Electronics,Samsung,346.00,2,2024-04-11,Ahmedabad
ORD14229,CUST737,PRD479,Electronics,JBL,180.00,1,2024-04-11,Pune
ORD14230,CUST1268,PRD420,Sports,Campus,624.00,1,2024-04-11,Mumbai
ORD14230,CUST1268,PRD012,Home & Kitchen,Cello,615.00,1,2024-04-11,Mumbai
ORD14230,CUST1268,PRD024,Fashion,Levis,408.00,3,2024-04-11,Mumbai
ORD14230,CUST1268,PRD043,Electronics,Samsung,1615.00,1,2024-04-11,Mumbai
ORD14231,CUST947,PRD107,Electronics,JBL,844.00,1,2024-04-11,Chennai
ORD14231,CUST947,PRD410,Electronics,OnePlus,4071.00,1,2024-04-11,Chennai
ORD14232,CUST341,PRD140,Home & Kitchen,Prestige,2499.00,1,2024-04-11,Delhi
ORD14232,CUST341,PRD129,Home & Kitchen,Pigeon,728.00,1,2024-04-11,Delhi
ORD14233,CUST137,PRD162,Beauty,Nivea,177.00,1,2024-04-11,Mumbai
ORD14234,CUST197,PRD162,Beauty,Nivea,177.00,1,2024-04-11,Pune
ORD14235,CUST131,PRD263,Electronics,JBL,1847.00,2,2024-04-11,Delhi
ORD14235,CUST131,PRD086,Sports,Decathlon,1825.00,1,2024-04-11,Delhi
ORD14236,CUST743,PRD215,Sports,Campus,638.00,3,2024-04-11,Pune
ORD14236,CUST743,PRD180,Home & Kitchen,Cello,835.00,2,2024-04-11,Pune
ORD14237,CUST933,PRD345,Home & Kitchen,Prestige,4499.00,1,2024-04-11,Pune
ORD14238,CUST729,PRD284,Electronics,OnePlus,1929.00,2,2024-04-11,Mumbai
ORD14239,CUST1283,PRD192,Electronics,Mi,2555.00,2,2024-04-11,Chennai
ORD14239,CUST1283,PRD252,Electronics,OnePlus,270.00,3,2024-04-11,Chennai
ORD14239,CUST1283,PRD329,Electronics,OnePlus,1419.00,1,2024-04-11,Chennai
ORD14240,CUST269,PRD019,Fashion,Woodland,707.00,2,2024-04-11,Mumbai
ORD14241,CUST1270,PRD158,Fashion,Bata,668.00,2,2024-04-11,Pune
ORD14241,CUST1270,PRD211,Sports,Adidas,1428.00,1,2024-04-11,Pune
ORD14241,CUST1270,PRD180,Home & Kitchen,Cello,835.00,1,2024-04-11,Pune
ORD14241,CUST1270,PRD048,Beauty,Lakme,799.00,2,2024-04-11,Pune
ORD14242,CUST1237,PRD076,Sports,Nivia,579.00,2,2024-04-11,Hyderabad
ORD14242,CUST1237,PRD187,Home & Kitchen,Butterfly,438.00,3,2024-04-11,Hyderabad
ORD14242,CUST1237,PRD137,Home & Kitchen,Wonderchef,737.00,3,2024-04-11,Hyderabad
ORD14243,CUST123,PRD102,Sports,Cosco,569.00,2,2024-04-11,Bengaluru
ORD14244,CUST1220,PRD094,Books,Rupa,415.00,1,2024-04-11,Delhi
ORD14245,CUST1354,PRD409,Sports,Yonex,1739.00,2,2024-04-11,Chennai
ORD14245,CUST1354,PRD029,Beauty,Lakme,431.00,4,2024-04-11,Chennai
ORD14246,CUST1090,PRD030,Electronics,Mi,1686.00,2,2024-04-11,Delhi
ORD14247,CUST121,PRD076,Sports,Nivia,579.00,1,2024-04-11,Delhi
ORD14247,CUST121,PRD379,Electronics,Realme,3493.00,1,2024-04-11,Delhi
ORD14247,CUST121,PRD468,Electronics,Mi,1890.00,1,2024-04-11,Delhi
ORD14248,CUST599,PRD392,Home & Kitchen,Pigeon,1205.00,1,2024-04-11,Bengaluru
ORD14249,CUST876,PRD561,Home & Kitchen,Hawkins,1136.00,1,2024-04-11,Kolkata
ORD14250,CUST380,PRD508,Electronics,Sony,1978.00,1,2024-04-11,Pune
ORD14250,CUST380,PRD325,Sports,Puma,827.00,1,2024-04-11,Pune
ORD14250,CUST380,PRD463,Beauty,Plum,432.00,1,2024-04-11,Pune
ORD14250,CUST380,PRD577,Electronics,Mi,1502.00,1,2024-04-11,Pune
ORD14251,CUST776,PRD283,Beauty,Himalaya,318.00,5,2024-04-11,Mumbai
ORD14251,CUST776,PRD310,Sports,Decathlon,2499.00,1,2024-04-11,Mumbai
ORD14252,CUST600,PRD391,Fashion,Bata,1999.00,1,2024-04-11,Pune
ORD14252,CUST600,PRD351,Electronics,Noise,344.00,3,2024-04-11,Pune
ORD14252,CUST600,PRD563,Electronics,Samsung,443.00,1,2024-04-11,Pune
ORD14253,CUST117,PRD508,Electronics,Sony,1978.00,1,2024-04-11,Delhi
ORD14254,CUST064,PRD529,Beauty,Biotique,234.00,2,2024-04-11,Bengaluru
ORD14254,CUST064,PRD588,Electronics,JBL,3249.00,1,2024-04-11,Bengaluru
ORD14255,CUST742,PRD163,Electronics,Realme,1801.00,1,2024-04-11,Mumbai
ORD14256,CUST1295,PRD076,Sports,Nivia,579.00,1,2024-04-11,Chennai
ORD14256,CUST1295,PRD137,Home & Kitchen,Wonderchef,737.00,3,2024-04-11,Chennai
ORD14257,CUST978,PRD068,Fashion,Peter England,1019.00,1,2024-04-11,Mumbai
ORD14258,CUST597,PRD290,Electronics,Apple,504.00,3,2024-04-11,Bengaluru
ORD14258,CUST597,PRD381,Fashion,Peter England,406.00,4,2024-04-11,Bengaluru
ORD14259,CUST070,PRD295,Books,Rupa,420.00,3,2024-04-11,Chennai
ORD14259,CUST070,PRD443,Fashion,Puma,437.00,2,2024-04-11,Chennai
ORD14260,CUST1112,PRD524,Beauty,Himalaya,249.00,1,2024-04-11,Ahmedabad
ORD14261,CUST566,PRD440,Beauty,Maybelline,250.00,2,2024-04-11,Chennai
ORD14261,CUST566,PRD234,Fashion,Bata,484.00,1,2024-04-11,Chennai
ORD14262,CUST108,PRD503,Fashion,Sparx,561.00,1,2024-04-11,Hyderabad
ORD14262,CUST108,PRD488,Beauty,Maybelline,409.00,3,2024-04-11,Hyderabad
ORD14262,CUST108,PRD247,Sports,Campus,1130.00,2,2024-04-11,Hyderabad
ORD14263,CUST380,PRD051,Fashion,Woodland,755.00,1,2024-04-12,Pune
ORD14264,CUST369,PRD124,Beauty,Maybelline,221.00,2,2024-04-12,Chennai
ORD14265,CUST504,PRD488,Beauty,Maybelline,409.00,1,2024-04-12,Hyderabad
ORD14266,CUST435,PRD071,Beauty,Himalaya,243.00,1,2024-04-12,Delhi
ORD14267,CUST733,PRD394,Home & Kitchen,Butterfly,1799.00,1,2024-04-12,Delhi
ORD14268,CUST312,PRD162,Beauty,Nivea,177.00,8,2024-04-12,Delhi
ORD14268,CUST312,PRD286,Electronics,Noise,437.00,1,2024-04-12,Delhi
ORD14269,CUST540,PRD207,Beauty,Maybelline,467.00,1,2024-04-12,Bengaluru
ORD14270,CUST1250,PRD595,Fashion,Sparx,934.00,2,2024-04-12,Mumbai
ORD14271,CUST1224,PRD497,Home & Kitchen,Borosil,776.00,1,2024-04-12,Chennai
ORD14271,CUST1224,PRD403,Books,Rupa,201.00,1,2024-04-12,Chennai
ORD14272,CUST944,PRD365,Home & Kitchen,Butterfly,960.00,1,2024-04-12,Chennai
ORD14272,CUST944,PRD062,Home & Kitchen,Cello,1709.00,1,2024-04-12,Chennai
ORD14273,CUST1324,PRD391,Fashion,Bata,1999.00,2,2024-04-12,Mumbai
ORD14274,CUST1300,PRD076,Sports,Nivia,579.00,1,2024-04-12,Mumbai
ORD14274,CUST1300,PRD563,Electronics,Samsung,443.00,2,2024-04-12,Mumbai
ORD14274,CUST1300,PRD092,Beauty,Maybelline,184.00,1,2024-04-12,Mumbai
ORD14275,CUST900,PRD379,Electronics,Realme,3493.00,1,2024-04-12,Bengaluru
ORD14276,CUST422,PRD480,Sports,Nike,942.00,1,2024-04-12,Delhi
ORD14276,CUST422,PRD455,Electronics,Noise,1484.00,1,2024-04-12,Delhi
ORD14277,CUST716,PRD039,Beauty,Himalaya,936.00,2,2024-04-12,Chennai
ORD14277,CUST716,PRD053,Sports,Cosco,2360.00,1,2024-04-12,Chennai
ORD14277,CUST716,PRD301,Electronics,Boult,813.00,1,2024-04-12,Chennai
ORD14277,CUST716,PRD444,Electronics,Samsung,346.00,1,2024-04-12,Chennai
ORD14278,CUST560,PRD588,Electronics,JBL,3249.00,1,2024-04-12,Hyderabad
ORD14279,CUST1193,PRD218,Sports,Cosco,263.00,2,2024-04-12,Mumbai
ORD14280,CUST076,PRD025,Beauty,Nivea,157.00,3,2024-04-12,Chennai
ORD14281,CUST1439,PRD335,Beauty,Nivea,305.00,1,2024-04-12,Mumbai
ORD14282,CUST338,PRD563,Electronics,Samsung,443.00,4,2024-04-12,Pune
ORD14282,CUST338,PRD460,Beauty,Lakme,252.00,1,2024-04-12,Pune
ORD14283,CUST795,PRD471,Home & Kitchen,Pigeon,1156.00,2,2024-04-12,Bengaluru
ORD14284,CUST114,PRD111,Beauty,Nivea,266.00,5,2024-04-12,Chennai
ORD14284,CUST114,PRD004,Home & Kitchen,Pigeon,874.00,1,2024-04-12,Chennai
ORD14285,CUST656,PRD225,Electronics,Samsung,469.00,2,2024-04-12,Mumbai
ORD14285,CUST656,PRD385,Electronics,OnePlus,2378.00,1,2024-04-12,Mumbai
ORD14286,CUST1313,PRD391,Fashion,Bata,1999.00,1,2024-04-12,Mumbai
ORD14286,CUST1313,PRD197,Sports,Cosco,3499.00,1,2024-04-12,Mumbai
ORD14286,CUST1313,PRD508,Electronics,Sony,1978.00,1,2024-04-12,Mumbai
ORD14287,CUST516,PRD225,Electronics,Samsung,469.00,4,2024-04-12,Chennai
ORD14288,CUST1337,PRD020,Beauty,Maybelline,169.00,1,2024-04-12,Pune
ORD14289,CUST360,PRD130,Electronics,Sony,897.00,1,2024-04-12,Pune
ORD14290,CUST807,PRD498,Fashion,Levis,2999.00,1,2024-04-12,Delhi
ORD14290,CUST807,PRD401,Electronics,Realme,1790.00,2,2024-04-12,Delhi
ORD14290,CUST807,PRD407,Sports,Puma,235.00,4,2024-04-12,Delhi
ORD14291,CUST084,PRD340,Fashion,Peter England,1499.00,1,2024-04-12,Delhi
ORD14292,CUST344,PRD118,Home & Kitchen,Hawkins,2389.00,2,2024-04-12,Bengaluru
ORD14293,CUST1419,PRD225,Electronics,Samsung,469.00,3,2024-04-12,Pune
ORD14294,CUST590,PRD235,Electronics,Boult,1773.00,1,2024-04-12,Mumbai
ORD14294,CUST590,PRD163,Electronics,Realme,1801.00,1,2024-04-12,Mumbai
ORD14294,CUST590,PRD162,Beauty,Nivea,177.00,1,2024-04-12,Mumbai
ORD14295,CUST673,PRD247,Sports,Campus,1130.00,1,2024-04-12,Chennai
ORD14296,CUST925,PRD053,Sports,Cosco,2360.00,1,2024-04-12,Delhi
ORD14296,CUST925,PRD144,Fashion,Allen Solly,315.00,1,2024-04-12,Delhi
ORD14297,CUST1184,PRD349,Books,Bloomsbury,864.00,1,2024-04-12,Bengaluru
ORD14297,CUST1184,PRD522,Fashion,Woodland,302.00,1,2024-04-12,Bengaluru
ORD14298,CUST797,PRD242,Home & Kitchen,Cello,890.00,1,2024-04-12,Chennai
ORD14299,CUST526,PRD225,Electronics,Samsung,469.00,1,2024-04-12,Mumbai
ORD14300,CUST1076,PRD005,Electronics,JBL,3912.00,1,2024-04-12,Delhi
ORD14301,CUST974,PRD445,Electronics,Samsung,236.00,4,2024-04-12,Ahmedabad
ORD14301,CUST974,PRD102,Sports,Cosco,569.00,2,2024-04-12,Ahmedabad
ORD14302,CUST534,PRD444,Electronics,Samsung,346.00,3,2024-04-12,Ahmedabad
ORD14303,CUST811,PRD410,Electronics,OnePlus,4071.00,1,2024-04-12,Kolkata
ORD14303,CUST811,PRD295,Books,Rupa,420.00,6,2024-04-12,Kolkata
ORD14303,CUST811,PRD200,Beauty,Biotique,209.00,1,2024-04-12,Kolkata
ORD14304,CUST1416,PRD166,Electronics,Boult,1527.00,1,2024-04-12,Hyderabad
ORD14305,CUST981,PRD315,Home & Kitchen,Prestige,668.00,1,2024-04-12,Mumbai
ORD14306,CUST1496,PRD530,Home & Kitchen,Prestige,1101.00,2,2024-04-12,Hyderabad
ORD14306,CUST1496,PRD468,Electronics,Mi,1890.00,2,2024-04-12,Hyderabad
ORD14306,CUST1496,PRD314,Electronics,Boult,422.00,2,2024-04-12,Hyderabad
ORD14306,CUST1496,PRD212,Electronics,Boult,149.00,1,2024-04-12,Hyderabad
ORD14307,CUST1482,PRD140,Home & Kitchen,Prestige,2499.00,1,2024-04-12,Bengaluru
ORD14308,CUST643,PRD522,Fashion,Woodland,302.00,8,2024-04-12,Chennai
ORD14309,CUST062,PRD580,Sports,Nivia,762.00,1,2024-04-13,Mumbai
ORD14310,CUST1394,PRD042,Home & Kitchen,Prestige,2999.00,1,2024-04-13,Pune
ORD14310,CUST1394,PRD444,Electronics,Samsung,346.00,1,2024-04-13,Pune
ORD14310,CUST1394,PRD253,Home & Kitchen,Milton,1106.00,1,2024-04-13,Pune
ORD14311,CUST1198,PRD552,Beauty,Nivea,154.00,4,2024-04-13,Kolkata
ORD14311,CUST1198,PRD080,Electronics,Realme,1211.00,2,2024-04-13,Kolkata
ORD14312,CUST652,PRD287,Beauty,Plum,178.00,5,2024-04-13,Kolkata
ORD14313,CUST690,PRD520,Books,Bloomsbury,739.00,1,2024-04-13,Mumbai
ORD14314,CUST157,PRD441,Electronics,Sony,8613.00,2,2024-04-13,Delhi
ORD14315,CUST1384,PRD556,Fashion,Woodland,1340.00,1,2024-04-13,Mumbai
ORD14316,CUST731,PRD349,Books,Bloomsbury,864.00,1,2024-04-13,Bengaluru
ORD14316,CUST731,PRD381,Fashion,Peter England,406.00,1,2024-04-13,Bengaluru
ORD14317,CUST586,PRD471,Home & Kitchen,Pigeon,1156.00,1,2024-04-13,Hyderabad
ORD14318,CUST156,PRD284,Electronics,,1929.00,1,2024-04-13,Mumbai
ORD14319,CUST966,PRD523,Electronics,Apple,1042.00,1,2024-04-13,Bengaluru
ORD14319,CUST966,PRD282,Fashion,Levis,846.00,1,2024-04-13,Bengaluru
ORD14319,CUST966,PRD174,Fashion,Bata,1462.00,1,2024-04-13,Bengaluru
ORD14320,CUST268,PRD180,Home & Kitchen,Cello,835.00,2,2024-04-13,Chennai
ORD14320,CUST268,PRD410,Electronics,OnePlus,4071.00,1,2024-04-13,Chennai
ORD14321,CUST016,PRD128,Books,Rupa,218.00,2,2024-04-13,Mumbai
ORD14322,CUST249,PRD519,Sports,Adidas,826.00,1,2024-04-13,Hyderabad
ORD14323,CUST1011,PRD197,Sports,Cosco,3499.00,1,2024-04-13,Mumbai
ORD14324,CUST672,PRD555,Electronics,Boult,2277.00,2,2024-04-13,Bengaluru
ORD14324,CUST672,PRD293,Fashion,Levis,499.00,4,2024-04-13,Bengaluru
ORD14324,CUST672,PRD460,Beauty,Lakme,252.00,2,2024-04-13,Bengaluru
ORD14324,CUST672,PRD522,Fashion,Woodland,302.00,2,2024-04-13,Bengaluru
ORD14325,CUST1290,PRD484,Beauty,Himalaya,150.00,1,2024-04-13,Mumbai
ORD14325,CUST1290,PRD073,Electronics,Mi,1540.00,1,2024-04-13,Mumbai
ORD14325,CUST1290,PRD349,Books,Bloomsbury,864.00,1,2024-04-13,Mumbai
ORD14325,CUST1290,PRD500,Electronics,Samsung,18999.00,2,2024-04-13,Mumbai
ORD14326,CUST1000,PRD132,Home & Kitchen,Milton,455.00,3,2024-04-13,Mumbai
ORD14327,CUST1304,PRD177,Fashion,Allen Solly,640.00,2,2024-04-13,Bengaluru
ORD14328,CUST493,PRD080,Electronics,Realme,1211.00,1,2024-04-13,Mumbai
ORD14329,CUST757,PRD128,Books,Rupa,218.00,2,2024-04-13,Mumbai
ORD14329,CUST757,PRD407,Sports,Puma,235.00,2,2024-04-13,Mumbai
ORD14329,CUST757,PRD252,Electronics,OnePlus,270.00,4,2024-04-13,Mumbai
ORD14329,CUST757,PRD584,Sports,Nike,202.00,1,2024-04-13,Mumbai
ORD14330,CUST936,PRD233,Sports,Campus,1499.00,1,2024-04-13,Bengaluru
ORD14331,CUST1210,PRD252,Electronics,OnePlus,270.00,1,2024-04-13,Delhi
ORD14332,CUST1015,PRD519,Sports,Adidas,826.00,1,2024-04-13,Pune
ORD14332,CUST1015,PRD521,Beauty,Plum,303.00,2,2024-04-13,Pune
ORD14332,CUST1015,PRD391,Fashion,Bata,1999.00,1,2024-04-13,Pune
ORD14333,CUST296,PRD401,Electronics,Realme,1790.00,3,2024-04-13,Hyderabad
ORD14333,CUST296,PRD381,Fashion,Peter England,406.00,6,2024-04-13,Hyderabad
ORD14334,CUST752,PRD444,Electronics,Samsung,346.00,3,2024-04-13,Delhi
ORD14334,CUST752,PRD369,Sports,Decathlon,237.00,3,2024-04-13,Delhi
ORD14335,CUST701,PRD250,Home & Kitchen,Pigeon,1541.00,3,2024-04-13,Hyderabad
ORD14336,CUST771,PRD511,Electronics,Boult,1972.00,1,2024-04-13,Chennai
ORD14337,CUST1377,PRD572,Electronics,Apple,1534.00,1,2024-04-13,Delhi
ORD14337,CUST1377,PRD187,Home & Kitchen,Butterfly,438.00,1,2024-04-13,Delhi
ORD14338,CUST792,PRD546,Sports,Cosco,1784.00,1,2024-04-13,Pune
ORD14338,CUST792,PRD071,Beauty,Himalaya,243.00,6,2024-04-13,Pune
ORD14339,CUST057,PRD278,Home & Kitchen,Cello,1899.00,1,2024-04-13,Bengaluru
ORD14340,CUST504,PRD523,Electronics,Apple,1042.00,1,2024-04-13,Hyderabad
ORD14341,CUST1112,PRD126,Sports,Decathlon,1107.00,1,2024-04-13,Ahmedabad
ORD14341,CUST1112,PRD129,Home & Kitchen,Pigeon,728.00,1,2024-04-13,Ahmedabad
ORD14341,CUST1112,PRD471,Home & Kitchen,Pigeon,1156.00,1,2024-04-13,Ahmedabad
ORD14342,CUST1074,PRD508,Electronics,Sony,1978.00,3,2024-04-13,Kolkata
ORD14342,CUST1074,PRD321,Beauty,Himalaya,237.00,3,2024-04-13,Kolkata
ORD14342,CUST1074,PRD381,Fashion,Peter England,406.00,1,2024-04-13,Kolkata
ORD14343,CUST420,PRD182,Books,Westland,197.00,4,2024-04-13,Delhi
ORD14344,CUST315,PRD518,Electronics,Mi,4469.00,1,2024-04-13,Chennai
ORD14345,CUST391,PRD176,Home & Kitchen,Borosil,459.00,3,2024-04-13,Pune
ORD14346,CUST1421,PRD552,Beauty,Nivea,154.00,2,2024-04-13,Bengaluru
ORD14347,CUST454,PRD280,Electronics,Apple,4376.00,1,2024-04-13,Chennai
ORD14348,CUST1237,PRD449,Sports,Decathlon,1146.00,2,2024-04-13,Hyderabad
ORD14349,CUST306,PRD164,Fashion,Biba,1226.00,1,2024-04-13,Delhi
ORD14349,CUST306,PRD295,Books,Rupa,420.00,1,2024-04-13,Delhi
ORD14349,CUST306,PRD140,Home & Kitchen,Prestige,2499.00,1,2024-04-13,Delhi
ORD14349,CUST306,PRD129,Home & Kitchen,Pigeon,728.00,2,2024-04-13,Delhi
ORD14350,CUST674,PRD238,Home & Kitchen,Borosil,948.00,1,2024-04-13,Mumbai
ORD14351,CUST465,PRD197,Sports,Cosco,3499.00,1,2024-04-14,Bengaluru
ORD14351,CUST465,PRD447,Fashion,Sparx,974.00,1,2024-04-14,Bengaluru
ORD14351,CUST465,PRD500,Electronics,Samsung,18999.00,1,2024-04-14,Bengaluru
ORD14352,CUST1299,PRD416,Electronics,Boat,1236.00,3,2024-04-14,Hyderabad
ORD14352,CUST1299,PRD276,Fashion,Peter England,1668.00,2,2024-04-14,Hyderabad
ORD14352,CUST1299,PRD152,Electronics,Sony,699.00,1,2024-04-14,Hyderabad
ORD14352,CUST1299,PRD307,Books,Rupa,1199.00,1,2024-04-14,Hyderabad
ORD14353,CUST903,PRD218,Sports,Cosco,263.00,1,2024-04-14,Mumbai
ORD14353,CUST903,PRD600,Fashion,Allen Solly,763.00,1,2024-04-14,Mumbai
ORD14354,CUST752,PRD577,Electronics,Mi,1502.00,1,2024-04-14,Delhi
ORD14355,CUST1266,PRD264,Home & Kitchen,Prestige,518.00,1,2024-04-14,Mumbai
ORD14355,CUST1266,PRD197,Sports,Cosco,3499.00,1,2024-04-14,Mumbai
ORD14356,CUST1376,PRD426,Beauty,Biotique,492.00,2,2024-04-14,Hyderabad
ORD14356,CUST1376,PRD303,Electronics,Boult,392.00,2,2024-04-14,Hyderabad
ORD14357,CUST642,PRD494,Fashion,Sparx,605.00,1,2024-04-14,Delhi
ORD14357,CUST642,PRD200,Beauty,Biotique,209.00,1,2024-04-14,Delhi
ORD14358,CUST159,PRD030,Electronics,Mi,1686.00,1,2024-04-14,Bengaluru
ORD14359,CUST396,PRD163,Electronics,Realme,1801.00,1,2024-04-14,Delhi
ORD14359,CUST396,PRD401,Electronics,Realme,1790.00,2,2024-04-14,Delhi
ORD14359,CUST396,PRD506,Fashion,Allen Solly,745.00,2,2024-04-14,Delhi
ORD14359,CUST396,PRD064,Electronics,Noise,539.00,1,2024-04-14,Delhi
ORD14360,CUST1452,PRD587,Sports,Yonex,1709.00,1,2024-04-14,Ahmedabad
ORD14360,CUST1452,PRD449,Sports,Decathlon,1146.00,2,2024-04-14,Ahmedabad
ORD14360,CUST1452,PRD197,Sports,Cosco,3499.00,1,2024-04-14,Ahmedabad
ORD14361,CUST1030,PRD115,Fashion,Woodland,547.00,1,2024-04-14,Mumbai
ORD14361,CUST1030,PRD197,Sports,Cosco,3499.00,1,2024-04-14,Mumbai
ORD14362,CUST305,PRD184,Fashion,Sparx,745.00,3,2024-04-14,Bengaluru
ORD14363,CUST918,PRD205,Beauty,Plum,497.00,1,2024-04-14,Hyderabad
ORD14364,CUST1446,PRD107,Electronics,JBL,844.00,1,2024-04-14,Mumbai
ORD14365,CUST493,PRD220,Books,Westland,415.00,1,2024-04-14,Mumbai
ORD14366,CUST948,PRD522,Fashion,,302.00,1,2024-04-14,Hyderabad
ORD14367,CUST587,PRD066,Electronics,JBL,487.00,1,2024-04-14,Chennai
ORD14368,CUST070,PRD596,Electronics,Sony,440.00,2,2024-04-14,Chennai
ORD14369,CUST1070,PRD563,Electronics,Samsung,443.00,2,2024-04-14,Pune
ORD14370,CUST1027,PRD369,Sports,Decathlon,237.00,2,2024-04-14,Ahmedabad
ORD14371,CUST442,PRD427,Beauty,Biotique,217.00,1,2024-04-14,Mumbai
ORD14372,CUST423,PRD030,Electronics,Mi,1686.00,1,2024-04-14,Mumbai
ORD14373,CUST603,PRD493,Home & Kitchen,Milton,722.00,2,2024-04-14,Mumbai
ORD14373,CUST603,PRD182,Books,Westland,197.00,1,2024-04-14,Mumbai
ORD14374,CUST625,PRD204,Electronics,Boat,1299.00,1,2024-04-14,Mumbai
ORD14375,CUST680,PRD351,Electronics,Noise,344.00,1,2024-04-14,Bengaluru
ORD14376,CUST715,PRD204,Electronics,Boat,1299.00,1,2024-04-14,Chennai
ORD14377,CUST1157,PRD126,Sports,Decathlon,1107.00,1,2024-04-14,Bengaluru
ORD14377,CUST1157,PRD158,Fashion,Bata,668.00,1,2024-04-14,Bengaluru
ORD14377,CUST1157,PRD295,Books,Rupa,420.00,4,2024-04-14,Bengaluru
ORD14377,CUST1157,PRD140,Home & Kitchen,Prestige,2499.00,1,2024-04-14,Bengaluru
ORD14378,CUST090,PRD463,Beauty,Plum,432.00,4,2024-04-14,Bengaluru
ORD14379,CUST064,PRD020,Beauty,Maybelline,169.00,2,2024-04-14,Bengaluru
ORD14379,CUST064,PRD516,Beauty,Lakme,469.00,6,2024-04-14,Bengaluru
ORD14380,CUST766,PRD293,Fashion,Levis,499.00,6,2024-04-14,Mumbai
ORD14381,CUST1025,PRD225,Electronics,Samsung,469.00,3,2024-04-14,Kolkata
ORD14381,CUST1025,PRD532,Electronics,Noise,719.00,1,2024-04-14,Kolkata
ORD14381,CUST1025,PRD465,Fashion,Allen Solly,715.00,1,2024-04-14,Kolkata
ORD14381,CUST1025,PRD126,Sports,Decathlon,1107.00,2,2024-04-14,Kolkata
ORD14382,CUST933,PRD444,Electronics,Samsung,346.00,2,2024-04-14,Pune
ORD14382,CUST933,PRD476,Home & Kitchen,Wonderchef,1186.00,2,2024-04-14,Pune
ORD14382,CUST933,PRD321,Beauty,Himalaya,237.00,1,2024-04-14,Pune
ORD14382,CUST933,PRD500,Electronics,Samsung,18999.00,1,2024-04-14,Pune
ORD14383,CUST079,PRD163,Electronics,Realme,1801.00,2,2024-04-14,Mumbai
ORD14383,CUST079,PRD101,Electronics,Boult,1168.00,1,2024-04-14,Mumbai
ORD14384,CUST636,PRD451,Home & Kitchen,Hawkins,1999.00,2,2024-04-14,Ahmedabad
ORD14384,CUST636,PRD260,Home & Kitchen,Borosil,352.00,1,2024-04-14,Ahmedabad
ORD14385,CUST142,PRD473,Electronics,Realme,6236.00,1,2024-04-14,Delhi
ORD14385,CUST142,PRD032,Fashion,Levis,823.00,1,2024-04-14,Delhi
ORD14386,CUST535,PRD028,Electronics,Mi,576.00,1,2024-04-14,Bengaluru
ORD14387,CUST1439,PRD110,Home & Kitchen,Cello,1832.00,2,2024-04-14,Mumbai
ORD14388,CUST1453,PRD185,Fashion,Woodland,444.00,2,2024-04-14,Delhi
ORD14388,CUST1453,PRD546,Sports,Cosco,1784.00,1,2024-04-14,Delhi
ORD14389,CUST1461,PRD508,Electronics,Sony,1978.00,2,2024-04-14,Kolkata
ORD14390,CUST1086,PRD200,Beauty,Biotique,209.00,3,2024-04-15,Delhi
ORD14390,CUST1086,PRD016,Electronics,Sony,1624.00,2,2024-04-15,Delhi
ORD14390,CUST1086,PRD357,Home & Kitchen,Milton,918.00,1,2024-04-15,Delhi
ORD14391,CUST436,PRD136,Sports,Adidas,3499.00,1,2024-04-15,Mumbai
ORD14391,CUST436,PRD389,Fashion,Biba,1746.00,2,2024-04-15,Mumbai
ORD14391,CUST436,PRD410,Electronics,OnePlus,4071.00,1,2024-04-15,Mumbai
ORD14392,CUST818,PRD204,Electronics,Boat,1299.00,1,2024-04-15,Bengaluru
ORD14393,CUST955,PRD307,Books,Rupa,1199.00,3,2024-04-15,Chennai
ORD14393,CUST955,PRD019,Fashion,Woodland,707.00,1,2024-04-15,Chennai
ORD14394,CUST583,PRD238,Home & Kitchen,Borosil,948.00,1,2024-04-15,Mumbai
ORD14395,CUST897,PRD020,Beauty,Maybelline,169.00,1,2024-04-15,Chennai
ORD14396,CUST012,PRD563,Electronics,Samsung,443.00,4,2024-04-15,Mumbai
ORD14397,CUST628,PRD153,Electronics,Apple,1631.00,1,2024-04-15,Mumbai
ORD14398,CUST376,PRD449,Sports,Decathlon,1146.00,2,2024-04-15,Pune
ORD14398,CUST376,PRD373,Fashion,Peter England,527.00,1,2024-04-15,Pune
ORD14399,CUST877,PRD471,Home & Kitchen,Pigeon,1156.00,2,2024-04-15,Ahmedabad
ORD14400,CUST1002,PRD284,Electronics,OnePlus,1929.00,1,2024-04-15,Mumbai
ORD14400,CUST1002,PRD163,Electronics,,1801.00,1,2024-04-15,Mumbai
ORD14401,CUST260,PRD489,Electronics,Apple,9999.00,1,2024-04-15,Delhi
ORD14402,CUST1232,PRD225,Electronics,Samsung,469.00,1,2024-04-15,Delhi
ORD14402,CUST1232,PRD060,Books,HarperCollins,785.00,2,2024-04-15,Delhi
ORD14403,CUST123,PRD424,Beauty,Himalaya,526.00,1,2024-04-15,Bengaluru
ORD14403,CUST123,PRD460,Beauty,Lakme,252.00,2,2024-04-15,Bengaluru
ORD14403,CUST123,PRD590,Fashion,Sparx,389.00,1,2024-04-15,Bengaluru
ORD14404,CUST472,PRD049,Home & Kitchen,Milton,1532.00,1,2024-04-15,Delhi
ORD14405,CUST313,PRD076,Sports,Nivia,579.00,1,2024-04-15,Bengaluru
ORD14406,CUST1481,PRD521,Beauty,Plum,303.00,1,2024-04-15,Kolkata
ORD14407,CUST578,PRD439,Electronics,Boat,394.00,1,2024-04-15,Bengaluru
ORD14407,CUST578,PRD431,Home & Kitchen,Wonderchef,798.00,1,2024-04-15,Bengaluru
ORD14407,CUST578,PRD588,Electronics,JBL,3249.00,1,2024-04-15,Bengaluru
ORD14407,CUST578,PRD401,Electronics,Realme,1790.00,2,2024-04-15,Bengaluru
ORD14408,CUST338,PRD381,Fashion,Peter England,406.00,8,2024-04-15,Pune
ORD14409,CUST1220,PRD092,Beauty,Maybelline,184.00,4,2024-04-15,Delhi
ORD14409,CUST1220,PRD012,Home & Kitchen,Cello,615.00,1,2024-04-15,Delhi
ORD14409,CUST1220,PRD295,Books,Rupa,420.00,1,2024-04-15,Delhi
ORD14410,CUST353,PRD128,Books,Rupa,218.00,4,2024-04-15,Mumbai
ORD14411,CUST570,PRD588,Electronics,JBL,3249.00,1,2024-04-15,Hyderabad
ORD14412,CUST1199,PRD342,Books,Westland,462.00,1,2024-04-15,Bengaluru
ORD14412,CUST1199,PRD040,Electronics,Apple,817.00,1,2024-04-15,Bengaluru
ORD14412,CUST1199,PRD197,Sports,Cosco,3499.00,1,2024-04-15,Bengaluru
ORD14413,CUST153,PRD137,Home & Kitchen,Wonderchef,737.00,1,2024-04-15,Delhi
ORD14414,CUST536,PRD378,Sports,Campus,2214.00,1,2024-04-15,Bengaluru
ORD14414,CUST536,PRD163,Electronics,Realme,1801.00,1,2024-04-15,Bengaluru
ORD14414,CUST536,PRD310,Sports,Decathlon,2499.00,1,2024-04-15,Bengaluru
ORD14415,CUST643,PRD507,Books,Aleph,640.00,1,2024-04-15,Chennai
ORD14416,CUST1188,PRD215,Sports,Campus,638.00,3,2024-04-15,Mumbai
ORD14417,CUST517,PRD549,Fashion,Biba,767.00,1,2024-04-15,Bengaluru
ORD14417,CUST517,PRD437,Beauty,Himalaya,333.00,1,2024-04-15,Bengaluru
ORD14417,CUST517,PRD303,Electronics,Boult,392.00,2,2024-04-15,Bengaluru
ORD14418,CUST1156,PRD516,Beauty,Lakme,469.00,3,2024-04-15,Chennai
ORD14418,CUST1156,PRD295,Books,Rupa,420.00,2,2024-04-15,Chennai
ORD14418,CUST1156,PRD131,Beauty,Plum,667.00,2,2024-04-15,Chennai
ORD14419,CUST066,PRD522,Fashion,Woodland,302.00,1,2024-04-15,Bengaluru
ORD14419,CUST066,PRD473,Electronics,Realme,6236.00,1,2024-04-15,Bengaluru
ORD14420,CUST507,PRD416,Electronics,Boat,1236.00,1,2024-04-15,Pune
ORD14420,CUST507,PRD479,Electronics,JBL,180.00,5,2024-04-15,Pune
ORD14420,CUST507,PRD327,Electronics,OnePlus,457.00,1,2024-04-15,Pune
ORD14421,CUST1174,PRD508,Electronics,Sony,1978.00,1,2024-04-15,Delhi
ORD14422,CUST776,PRD163,Electronics,Realme,1801.00,1,2024-04-15,Mumbai
ORD14422,CUST776,PRD117,Electronics,Boult,831.00,1,2024-04-15,Mumbai
ORD14423,CUST1082,PRD356,Electronics,Samsung,211.00,3,2024-04-15,Delhi
ORD14424,CUST1255,PRD238,Home & Kitchen,Borosil,948.00,2,2024-04-15,Hyderabad
ORD14424,CUST1255,PRD470,Beauty,Plum,397.00,6,2024-04-15,Hyderabad
ORD14425,CUST026,PRD279,Fashion,Peter England,462.00,2,2024-04-15,Kolkata
ORD14426,CUST302,PRD053,Sports,Cosco,2360.00,1,2024-04-15,Delhi
ORD14426,CUST302,PRD563,Electronics,Samsung,443.00,4,2024-04-15,Delhi
ORD14426,CUST302,PRD348,Electronics,Apple,2298.00,1,2024-04-15,Delhi
ORD14426,CUST302,PRD368,Electronics,JBL,955.00,1,2024-04-15,Delhi
ORD14427,CUST209,PRD476,Home & Kitchen,Wonderchef,1186.00,3,2024-04-15,Delhi
ORD14428,CUST1071,PRD204,Electronics,Boat,1299.00,1,2024-04-15,Hyderabad
ORD14429,CUST972,PRD358,Electronics,Apple,205.00,2,2024-04-15,Mumbai
ORD14430,CUST232,PRD333,Home & Kitchen,Wonderchef,422.00,1,2024-04-15,Delhi
ORD14430,CUST232,PRD083,Fashion,Sparx,627.00,1,2024-04-15,Delhi
ORD14431,CUST362,PRD280,Electronics,Apple,4376.00,1,2024-04-15,Bengaluru
ORD14431,CUST362,PRD452,Home & Kitchen,Wonderchef,462.00,4,2024-04-15,Bengaluru
ORD14432,CUST395,PRD410,Electronics,,4071.00,1,2024-04-15,Bengaluru
ORD14432,CUST395,PRD508,Electronics,Sony,1978.00,1,2024-04-15,Bengaluru
ORD14433,CUST607,PRD163,Electronics,Realme,1801.00,3,2024-04-15,Delhi
ORD14434,CUST145,PRD433,Home & Kitchen,Pigeon,755.00,2,2024-04-15,Mumbai
ORD14434,CUST145,PRD188,Fashion,Bata,799.00,1,2024-04-15,Mumbai
ORD14435,CUST1327,PRD140,Home & Kitchen,Prestige,2499.00,1,2024-04-15,Bengaluru
ORD14435,CUST1327,PRD285,Electronics,Sony,613.00,1,2024-04-15,Bengaluru
ORD14436,CUST1249,PRD357,Home & Kitchen,Milton,918.00,2,2024-04-15,Delhi
ORD14437,CUST700,PRD431,Home & Kitchen,Wonderchef,798.00,1,2024-04-15,Bengaluru
ORD14438,CUST002,PRD129,Home & Kitchen,Pigeon,728.00,1,2024-04-16,Delhi
ORD14439,CUST1478,PRD389,Fashion,Biba,1746.00,1,2024-04-16,Hyderabad
ORD14439,CUST1478,PRD044,Fashion,,1002.00,1,2024-04-16,Hyderabad
ORD14439,CUST1478,PRD508,Electronics,Sony,1978.00,1,2024-04-16,Hyderabad
ORD14440,CUST747,PRD312,Sports,Nike,3499.00,2,2024-04-16,Mumbai
ORD14441,CUST865,PRD197,Sports,Cosco,3499.00,1,2024-04-16,Ahmedabad
ORD14441,CUST865,PRD555,Electronics,Boult,2277.00,1,2024-04-16,Ahmedabad
ORD14441,CUST865,PRD173,Sports,Cosco,555.00,2,2024-04-16,Ahmedabad
ORD14441,CUST865,PRD434,Home & Kitchen,Cello,2260.00,1,2024-04-16,Ahmedabad
ORD14442,CUST055,PRD326,Fashion,Bata,547.00,1,2024-04-16,Hyderabad
ORD14443,CUST923,PRD017,Electronics,Boat,1299.00,1,2024-04-16,Mumbai
ORD14444,CUST1320,PRD165,Beauty,Nivea,321.00,3,2024-04-16,Mumbai
ORD14445,CUST1094,PRD198,Electronics,Samsung,341.00,1,2024-04-16,Ahmedabad
ORD14446,CUST1133,PRD200,Beauty,Biotique,209.00,2,2024-04-16,Mumbai
ORD14447,CUST503,PRD144,Fashion,Allen Solly,315.00,4,2024-04-16,Mumbai
ORD14448,CUST253,PRD165,Beauty,Nivea,321.00,4,2024-04-16,Mumbai
ORD14449,CUST680,PRD475,Fashion,Peter England,1447.00,3,2024-04-16,Bengaluru
ORD14450,CUST757,PRD178,Beauty,Maybelline,1099.00,3,2024-04-16,Mumbai
ORD14450,CUST757,PRD332,Fashion,Biba,597.00,1,2024-04-16,Mumbai
ORD14451,CUST232,PRD361,Fashion,Allen Solly,1073.00,1,2024-04-16,Delhi
ORD14452,CUST1333,PRD310,Sports,Decathlon,2499.00,1,2024-04-16,Bengaluru
ORD14453,CUST274,PRD140,Home & Kitchen,Prestige,2499.00,1,2024-04-16,Mumbai
ORD14454,CUST154,PRD265,Books,HarperCollins,599.00,1,2024-04-16,Mumbai
ORD14455,CUST1480,PRD539,Electronics,Realme,956.00,2,2024-04-16,Hyderabad
ORD14456,CUST1275,PRD326,Fashion,Bata,547.00,1,2024-04-16,Delhi
ORD14457,CUST279,PRD234,Fashion,Bata,484.00,1,2024-04-16,Mumbai
ORD14458,CUST1457,PRD140,Home & Kitchen,Prestige,2499.00,1,2024-04-16,Delhi
ORD14458,CUST1457,PRD196,Fashion,Bata,1293.00,2,2024-04-16,Delhi
ORD14459,CUST1258,PRD555,Electronics,Boult,2277.00,1,2024-04-16,Delhi
ORD14459,CUST1258,PRD140,Home & Kitchen,Prestige,2499.00,1,2024-04-16,Delhi
ORD14460,CUST660,PRD518,Electronics,Mi,4469.00,1,2024-04-16,Mumbai
ORD14461,CUST1324,PRD588,Electronics,JBL,3249.00,1,2024-04-16,Mumbai
ORD14462,CUST902,PRD516,Beauty,Lakme,469.00,1,2024-04-16,Hyderabad
ORD14463,CUST740,PRD151,Electronics,Realme,620.00,2,2024-04-16,Bengaluru
ORD14464,CUST708,PRD410,Electronics,OnePlus,4071.00,2,2024-04-16,Delhi
ORD14464,CUST708,PRD002,Home & Kitchen,Milton,1281.00,1,2024-04-16,Delhi
ORD14465,CUST138,PRD422,Sports,Cosco,864.00,1,2024-04-16,Hyderabad
ORD14466,CUST628,PRD095,Home & Kitchen,Pigeon,449.00,1,2024-04-16,Mumbai
ORD14467,CUST1132,PRD102,Sports,Cosco,569.00,2,2024-04-16,Bengaluru
ORD14468,CUST327,PRD282,Fashion,Levis,846.00,3,2024-04-16,Hyderabad
ORD14469,CUST073,PRD180,Home & Kitchen,Cello,835.00,1,2024-04-16,Mumbai
ORD14470,CUST1292,PRD352,Home & Kitchen,Prestige,460.00,1,2024-04-16,Hyderabad
ORD14470,CUST1292,PRD572,Electronics,,1534.00,1,2024-04-16,Hyderabad
ORD14470,CUST1292,PRD376,Fashion,Sparx,1189.00,2,2024-04-16,Hyderabad
ORD14470,CUST1292,PRD581,Fashion,Woodland,637.00,1,2024-04-16,Hyderabad
ORD14471,CUST163,PRD115,Fashion,Woodland,547.00,3,2024-04-16,Mumbai
ORD14472,CUST1194,PRD234,Fashion,Bata,484.00,3,2024-04-16,Hyderabad
ORD14472,CUST1194,PRD392,Home & Kitchen,Pigeon,1205.00,1,2024-04-16,Hyderabad
ORD14472,CUST1194,PRD516,Beauty,Lakme,469.00,3,2024-04-16,Hyderabad
ORD14473,CUST1353,PRD592,Fashion,Levis,555.00,1,2024-04-16,Mumbai
ORD14474,CUST852,PRD295,Books,Rupa,420.00,1,2024-04-16,Mumbai
ORD14475,CUST249,PRD074,Beauty,Plum,209.00,5,2024-04-16,Hyderabad
ORD14475,CUST249,PRD471,Home & Kitchen,Pigeon,1156.00,1,2024-04-16,Hyderabad
ORD14476,CUST366,PRD444,Electronics,Samsung,346.00,6,2024-04-16,Delhi
ORD14477,CUST067,PRD541,Fashion,Biba,418.00,6,2024-04-16,Mumbai
ORD14478,CUST721,PRD216,Sports,Campus,559.00,1,2024-04-16,Mumbai
ORD14479,CUST882,PRD566,Electronics,Boat,2710.00,1,2024-04-16,Bengaluru
ORD14479,CUST882,PRD247,Sports,Campus,1130.00,1,2024-04-16,Bengaluru
ORD14480,CUST661,PRD076,Sports,Nivia,579.00,1,2024-04-16,Mumbai
ORD14481,CUST755,PRD522,Fashion,Woodland,302.00,1,2024-04-16,Delhi
ORD14482,CUST887,PRD280,Electronics,Apple,4376.00,1,2024-04-16,Bengaluru
ORD14483,CUST1262,PRD410,Electronics,OnePlus,4071.00,1,2024-04-16,Kolkata
ORD14484,CUST720,PRD117,Electronics,Boult,831.00,1,2024-04-17,Mumbai
ORD14484,CUST720,PRD314,Electronics,Boult,422.00,2,2024-04-17,Mumbai
ORD14485,CUST538,PRD444,Electronics,Samsung,346.00,1,2024-04-17,Mumbai
ORD14486,CUST023,PRD215,Sports,Campus,638.00,1,2024-04-17,Kolkata
ORD14487,CUST1157,PRD047,Electronics,Apple,1555.00,1,2024-04-17,Bengaluru
ORD14487,CUST1157,PRD327,Electronics,OnePlus,457.00,1,2024-04-17,Bengaluru
ORD14487,CUST1157,PRD563,Electronics,Samsung,443.00,1,2024-04-17,Bengaluru
ORD14488,CUST905,PRD587,Sports,Yonex,1709.00,3,2024-04-17,Chennai
ORD14489,CUST1037,PRD326,Fashion,Bata,547.00,1,2024-04-17,Delhi
ORD14490,CUST771,PRD275,Electronics,JBL,464.00,2,2024-04-17,Chennai
ORD14491,CUST927,PRD378,Sports,Campus,2214.00,1,2024-04-17,Mumbai
ORD14492,CUST1088,PRD368,Electronics,JBL,955.00,2,2024-04-17,Pune
ORD14493,CUST123,PRD163,Electronics,Realme,1801.00,1,2024-04-17,Bengaluru
ORD14493,CUST123,PRD536,Home & Kitchen,Butterfly,4499.00,1,2024-04-17,Bengaluru
ORD14494,CUST1089,PRD592,Fashion,Levis,555.00,1,2024-04-17,Kolkata
ORD14494,CUST1089,PRD600,Fashion,Allen Solly,763.00,1,2024-04-17,Kolkata
ORD14494,CUST1089,PRD340,Fashion,Peter England,1499.00,1,2024-04-17,Kolkata
ORD14494,CUST1089,PRD584,Sports,Nike,202.00,3,2024-04-17,Kolkata
ORD14495,CUST1096,PRD554,Home & Kitchen,Borosil,403.00,4,2024-04-17,Delhi
ORD14495,CUST1096,PRD326,Fashion,Bata,547.00,1,2024-04-17,Delhi
ORD14495,CUST1096,PRD421,Electronics,Realme,507.00,2,2024-04-17,Delhi
ORD14495,CUST1096,PRD031,Beauty,Lakme,547.00,1,2024-04-17,Delhi
ORD14496,CUST248,PRD503,Fashion,Sparx,561.00,2,2024-04-17,Bengaluru
ORD14496,CUST248,PRD163,Electronics,Realme,1801.00,2,2024-04-17,Bengaluru
ORD14497,CUST1324,PRD500,Electronics,Samsung,18999.00,1,2024-04-17,Mumbai
ORD14498,CUST366,PRD276,Fashion,Peter England,1668.00,2,2024-04-17,Delhi
ORD14498,CUST366,PRD006,Beauty,Lakme,160.00,3,2024-04-17,Delhi
ORD14498,CUST366,PRD371,Beauty,Lakme,268.00,1,2024-04-17,Delhi
ORD14498,CUST366,PRD054,Sports,Nike,1327.00,1,2024-04-17,Delhi
ORD14499,CUST1204,PRD397,Sports,Decathlon,1292.00,1,2024-04-17,Delhi
ORD14499,CUST1204,PRD326,Fashion,Bata,547.00,1,2024-04-17,Delhi
ORD14500,CUST797,PRD374,Electronics,Samsung,1706.00,3,2024-04-17,Chennai
ORD14501,CUST469,PRD197,Sports,Cosco,3499.00,1,2024-04-17,Pune
ORD14501,CUST469,PRD014,Sports,Yonex,1280.00,1,2024-04-17,Pune
ORD14502,CUST1193,PRD238,Home & Kitchen,Borosil,948.00,1,2024-04-17,Mumbai
ORD14502,CUST1193,PRD521,Beauty,Plum,303.00,1,2024-04-17,Mumbai
ORD14503,CUST597,PRD506,Fashion,Allen Solly,745.00,1,2024-04-17,Bengaluru
ORD14503,CUST597,PRD332,Fashion,Biba,597.00,3,2024-04-17,Bengaluru
ORD14503,CUST597,PRD471,Home & Kitchen,Pigeon,1156.00,1,2024-04-17,Bengaluru
ORD14504,CUST683,PRD197,Sports,Cosco,3499.00,1,2024-04-17,Mumbai
ORD14505,CUST365,PRD180,Home & Kitchen,Cello,835.00,3,2024-04-17,Delhi
ORD14506,CUST1419,PRD063,Electronics,JBL,1768.00,1,2024-04-17,Pune
ORD14507,CUST1493,PRD575,Sports,Cosco,2199.00,1,2024-04-17,Mumbai
ORD14508,CUST046,PRD491,Electronics,Boat,1154.00,1,2024-04-17,Mumbai
ORD14509,CUST140,PRD209,Home & Kitchen,Pigeon,503.00,1,2024-04-17,Mumbai
ORD14509,CUST140,PRD298,Home & Kitchen,Borosil,4499.00,1,2024-04-17,Mumbai
ORD14509,CUST140,PRD578,Books,Aleph,974.00,3,2024-04-17,Mumbai
ORD14510,CUST565,PRD533,Beauty,Plum,379.00,2,2024-04-17,Hyderabad
ORD14510,CUST565,PRD391,Fashion,Bata,1999.00,2,2024-04-17,Hyderabad
ORD14510,CUST565,PRD008,Beauty,Nivea,983.00,1,2024-04-17,Hyderabad
ORD14511,CUST1071,PRD197,Sports,Cosco,3499.00,1,2024-04-17,Hyderabad
ORD14512,CUST1119,PRD502,Electronics,Boult,1312.00,1,2024-04-17,Delhi
ORD14513,CUST1261,PRD031,Beauty,Lakme,547.00,1,2024-04-17,Mumbai
ORD14513,CUST1261,PRD406,Fashion,Levis,1299.00,1,2024-04-17,Mumbai
ORD14514,CUST1332,PRD461,Fashion,Peter England,1071.00,1,2024-04-17,Chennai
ORD14514,CUST1332,PRD233,Sports,Campus,1499.00,1,2024-04-17,Chennai
ORD14515,CUST063,PRD482,Electronics,Mi,1499.00,1,2024-04-17,Chennai
ORD14516,CUST1355,PRD519,Sports,Adidas,826.00,3,2024-04-17,Hyderabad
ORD14516,CUST1355,PRD078,Fashion,Woodland,513.00,1,2024-04-17,Hyderabad
ORD14516,CUST1355,PRD310,Sports,Decathlon,2499.00,1,2024-04-17,Hyderabad
ORD14517,CUST194,PRD303,Electronics,Boult,392.00,2,2024-04-17,Mumbai
ORD14518,CUST1474,PRD198,Electronics,Samsung,341.00,2,2024-04-17,Bengaluru
ORD14518,CUST1474,PRD549,Fashion,Biba,767.00,1,2024-04-17,Bengaluru
ORD14518,CUST1474,PRD366,Electronics,Sony,1638.00,2,2024-04-17,Bengaluru
ORD14518,CUST1474,PRD177,Fashion,Allen Solly,640.00,1,2024-04-17,Bengaluru
ORD14519,CUST1083,PRD221,Fashion,Levis,2199.00,1,2024-04-17,Kolkata
ORD14519,CUST1083,PRD247,Sports,Campus,1130.00,1,2024-04-17,Kolkata
ORD14520,CUST1162,PRD006,Beauty,Lakme,160.00,2,2024-04-17,Chennai
ORD14521,CUST626,PRD335,Beauty,Nivea,305.00,1,2024-04-17,Mumbai
ORD14522,CUST924,PRD321,Beauty,Himalaya,237.00,4,2024-04-17,Chennai
ORD14522,CUST924,PRD426,Beauty,Biotique,492.00,2,2024-04-17,Chennai
ORD14523,CUST959,PRD323,Fashion,Woodland,312.00,1,2024-04-17,Delhi
ORD14524,CUST907,PRD099,Home & Kitchen,Milton,1207.00,1,2024-04-17,Mumbai
ORD14525,CUST591,PRD332,Fashion,Biba,597.00,1,2024-04-17,Pune
ORD14526,CUST1339,PRD410,Electronics,OnePlus,4071.00,1,2024-04-17,Pune
ORD14526,CUST1339,PRD006,Beauty,Lakme,160.00,1,2024-04-17,Pune
ORD14527,CUST327,PRD358,Electronics,Apple,205.00,6,2024-04-17,Hyderabad
ORD14528,CUST060,PRD461,Fashion,Peter England,1071.00,1,2024-04-17,Mumbai
ORD14528,CUST060,PRD292,Home & Kitchen,Cello,2099.00,1,2024-04-17,Mumbai
ORD14529,CUST1448,PRD584,Sports,Nike,202.00,3,2024-04-17,Pune
ORD14529,CUST1448,PRD516,Beauty,Lakme,469.00,5,2024-04-17,Pune
ORD14530,CUST1263,PRD042,Home & Kitchen,Prestige,2999.00,1,2024-04-18,Mumbai
ORD14531,CUST1302,PRD519,Sports,Adidas,826.00,2,2024-04-18,Bengaluru
ORD14531,CUST1302,PRD271,Home & Kitchen,Cello,404.00,2,2024-04-18,Bengaluru
ORD14532,CUST073,PRD284,Electronics,OnePlus,1929.00,3,2024-04-18,Mumbai
ORD14533,CUST323,PRD333,Home & Kitchen,Wonderchef,422.00,1,2024-04-18,Bengaluru
ORD14533,CUST323,PRD488,Beauty,Maybelline,409.00,5,2024-04-18,Bengaluru
ORD14534,CUST1445,PRD237,Electronics,Mi,1210.00,1,2024-04-18,Chennai
ORD14534,CUST1445,PRD284,Electronics,OnePlus,1929.00,1,2024-04-18,Chennai
ORD14534,CUST1445,PRD126,Sports,Decathlon,1107.00,2,2024-04-18,Chennai
ORD14534,CUST1445,PRD385,Electronics,OnePlus,2378.00,1,2024-04-18,Chennai
ORD14535,CUST1174,PRD293,Fashion,Levis,499.00,5,2024-04-18,Delhi
ORD14535,CUST1174,PRD357,Home & Kitchen,Milton,918.00,1,2024-04-18,Delhi
ORD14536,CUST528,PRD201,Fashion,Puma,841.00,1,2024-04-18,Pune
ORD14537,CUST055,PRD134,Electronics,OnePlus,346.00,4,2024-04-18,Hyderabad
ORD14538,CUST541,PRD063,Electronics,JBL,1768.00,1,2024-04-18,Chennai
ORD14538,CUST541,PRD488,Beauty,Maybelline,409.00,3,2024-04-18,Chennai
ORD14538,CUST541,PRD163,Electronics,Realme,1801.00,1,2024-04-18,Chennai
ORD14538,CUST541,PRD504,Electronics,Mi,155.00,2,2024-04-18,Chennai
ORD14539,CUST1059,PRD168,Home & Kitchen,Prestige,1522.00,2,2024-04-18,Delhi
ORD14539,CUST1059,PRD269,Electronics,Apple,2092.00,1,2024-04-18,Delhi
ORD14540,CUST409,PRD508,Electronics,Sony,1978.00,2,2024-04-18,Mumbai
ORD14541,CUST946,PRD413,Fashion,Woodland,304.00,2,2024-04-18,Bengaluru
ORD14541,CUST946,PRD480,Sports,Nike,942.00,1,2024-04-18,Bengaluru
ORD14541,CUST946,PRD521,Beauty,Plum,303.00,5,2024-04-18,Bengaluru
ORD14542,CUST064,PRD543,Fashion,Woodland,511.00,2,2024-04-18,Bengaluru
ORD14543,CUST801,PRD392,Home & Kitchen,Pigeon,1205.00,3,2024-04-18,Bengaluru
ORD14543,CUST801,PRD555,Electronics,Boult,2277.00,2,2024-04-18,Bengaluru
ORD14544,CUST047,PRD377,Sports,Adidas,558.00,1,2024-04-18,Chennai
ORD14544,CUST047,PRD445,Electronics,Samsung,236.00,5,2024-04-18,Chennai
ORD14545,CUST714,PRD521,Beauty,Plum,303.00,3,2024-04-18,Delhi
ORD14546,CUST527,PRD526,Beauty,Plum,712.00,3,2024-04-18,Pune
ORD14546,CUST527,PRD257,Electronics,Noise,430.00,1,2024-04-18,Pune
ORD14547,CUST217,PRD252,Electronics,OnePlus,270.00,2,2024-04-18,Mumbai
ORD14548,CUST829,PRD536,Home & Kitchen,Butterfly,4499.00,1,2024-04-18,Pune
ORD14549,CUST237,PRD588,Electronics,JBL,3249.00,1,2024-04-18,Mumbai
ORD14550,CUST165,PRD197,Sports,Cosco,3499.00,1,2024-04-18,Kolkata
ORD14550,CUST165,PRD391,Fashion,Bata,1999.00,1,2024-04-18,Kolkata
ORD14551,CUST1186,PRD199,Fashion,Woodland,4299.00,1,2024-04-18,Delhi
ORD14552,CUST631,PRD339,Electronics,OnePlus,1061.00,1,2024-04-18,Hyderabad
ORD14552,CUST631,PRD444,Electronics,Samsung,346.00,1,2024-04-18,Hyderabad
ORD14552,CUST631,PRD118,Home & Kitchen,Hawkins,2389.00,1,2024-04-18,Hyderabad
ORD14553,CUST154,PRD396,Electronics,OnePlus,887.00,3,2024-04-18,Mumbai
ORD14553,CUST154,PRD072,Books,Aleph,226.00,2,2024-04-18,Mumbai
ORD14554,CUST313,PRD583,Fashion,Biba,735.00,1,2024-04-18,Bengaluru
ORD14554,CUST313,PRD294,Electronics,Mi,615.00,1,2024-04-18,Bengaluru
ORD14555,CUST642,PRD555,Electronics,Boult,2277.00,1,2024-04-18,Delhi
ORD14556,CUST879,PRD525,Books,Bloomsbury,699.00,1,2024-04-18,Mumbai
ORD14557,CUST716,PRD140,Home & Kitchen,Prestige,2499.00,1,2024-04-18,Chennai
ORD14558,CUST1299,PRD588,Electronics,JBL,3249.00,1,2024-04-18,Hyderabad
ORD14559,CUST365,PRD295,Books,Rupa,420.00,4,2024-04-18,Delhi
ORD14559,CUST365,PRD247,Sports,Campus,1130.00,1,2024-04-18,Delhi
ORD14560,CUST144,PRD129,Home & Kitchen,Pigeon,728.00,2,2024-04-18,Mumbai
ORD14561,CUST1204,PRD565,Electronics,Samsung,941.00,3,2024-04-18,Delhi
ORD14562,CUST354,PRD287,Beauty,Plum,178.00,3,2024-04-18,Hyderabad
ORD14562,CUST354,PRD310,Sports,Decathlon,2499.00,1,2024-04-18,Hyderabad
ORD14563,CUST606,PRD059,Home & Kitchen,Wonderchef,592.00,2,2024-04-18,Kolkata
ORD14563,CUST606,PRD225,Electronics,Samsung,469.00,1,2024-04-18,Kolkata
ORD14563,CUST606,PRD186,Beauty,Himalaya,288.00,1,2024-04-18,Kolkata
ORD14564,CUST1031,PRD126,Sports,Decathlon,1107.00,2,2024-04-18,Hyderabad
ORD14564,CUST1031,PRD257,Electronics,Noise,430.00,1,2024-04-18,Hyderabad
ORD14564,CUST1031,PRD199,Fashion,Woodland,4299.00,1,2024-04-18,Hyderabad
ORD14565,CUST951,PRD020,Beauty,Maybelline,169.00,2,2024-04-18,Kolkata
ORD14566,CUST1198,PRD329,Electronics,OnePlus,1419.00,2,2024-04-18,Kolkata
ORD14566,CUST1198,PRD174,Fashion,Bata,1462.00,1,2024-04-18,Kolkata
ORD14567,CUST715,PRD322,Sports,Puma,1255.00,1,2024-04-18,Chennai
ORD14568,CUST137,PRD134,Electronics,OnePlus,346.00,3,2024-04-18,Mumbai
ORD14568,CUST137,PRD091,Home & Kitchen,Cello,349.00,2,2024-04-18,Mumbai
ORD14568,CUST137,PRD588,Electronics,JBL,3249.00,1,2024-04-18,Mumbai
ORD14569,CUST076,PRD444,Electronics,Samsung,346.00,1,2024-04-18,Chennai
ORD14570,CUST462,PRD137,Home & Kitchen,Wonderchef,737.00,1,2024-04-18,Bengaluru
ORD14570,CUST462,PRD244,Books,Westland,441.00,2,2024-04-18,Bengaluru
ORD14571,CUST226,PRD317,Home & Kitchen,Butterfly,2280.00,1,2024-04-18,Bengaluru
ORD14572,CUST035,PRD407,Sports,Puma,235.00,3,2024-04-18,Hyderabad
ORD14573,CUST1454,PRD229,Electronics,Boat,976.00,1,2024-04-18,Bengaluru
ORD14574,CUST1403,PRD245,Sports,Nike,3495.00,1,2024-04-18,Kolkata
ORD14574,CUST1403,PRD226,Electronics,Sony,413.00,1,2024-04-18,Kolkata
ORD14575,CUST1349,PRD066,Electronics,JBL,487.00,2,2024-04-18,Hyderabad
ORD14575,CUST1349,PRD163,Electronics,Realme,1801.00,1,2024-04-18,Hyderabad
ORD14576,CUST353,PRD531,Electronics,Boat,2084.00,1,2024-04-19,Mumbai
ORD14576,CUST353,PRD434,Home & Kitchen,Cello,2260.00,1,2024-04-19,Mumbai
ORD14576,CUST353,PRD577,Electronics,Mi,1502.00,1,2024-04-19,Mumbai
ORD14576,CUST353,PRD174,Fashion,Bata,1462.00,1,2024-04-19,Mumbai
ORD14577,CUST422,PRD555,Electronics,Boult,2277.00,1,2024-04-19,Delhi
ORD14578,CUST1382,PRD318,Books,Westland,448.00,1,2024-04-19,Bengaluru
ORD14578,CUST1382,PRD572,Electronics,Apple,1534.00,1,2024-04-19,Bengaluru
ORD14579,CUST490,PRD047,Electronics,Apple,1555.00,1,2024-04-19,Ahmedabad
ORD14580,CUST036,PRD174,Fashion,Bata,1462.00,2,2024-04-19,Pune
ORD14580,CUST036,PRD250,Home & Kitchen,Pigeon,1541.00,2,2024-04-19,Pune
ORD14581,CUST050,PRD391,Fashion,Bata,1999.00,1,2024-04-19,Bengaluru
ORD14582,CUST123,PRD324,Fashion,Allen Solly,843.00,2,2024-04-19,Bengaluru
ORD14583,CUST1229,PRD304,Sports,Campus,1385.00,1,2024-04-19,Pune
ORD14583,CUST1229,PRD313,Home & Kitchen,Milton,2090.00,1,2024-04-19,Pune
ORD14584,CUST436,PRD555,Electronics,Boult,2277.00,1,2024-04-19,Mumbai
ORD14585,CUST1086,PRD076,Sports,Nivia,579.00,1,2024-04-19,Delhi
ORD14586,CUST419,PRD577,Electronics,Mi,1502.00,3,2024-04-19,Delhi
ORD14586,CUST419,PRD161,Home & Kitchen,Cello,1367.00,1,2024-04-19,Delhi
ORD14586,CUST419,PRD424,Beauty,Himalaya,526.00,1,2024-04-19,Delhi
ORD14587,CUST824,PRD555,Electronics,Boult,2277.00,1,2024-04-19,Bengaluru
ORD14587,CUST824,PRD394,Home & Kitchen,Butterfly,1799.00,1,2024-04-19,Bengaluru
ORD14587,CUST824,PRD550,Fashion,Biba,2786.00,1,2024-04-19,Bengaluru
ORD14588,CUST945,PRD140,Home & Kitchen,Prestige,2499.00,1,2024-04-19,Bengaluru
ORD14588,CUST945,PRD440,Beauty,Maybelline,250.00,1,2024-04-19,Bengaluru
ORD14588,CUST945,PRD078,Fashion,Woodland,513.00,2,2024-04-19,Bengaluru
ORD14588,CUST945,PRD197,Sports,Cosco,3499.00,1,2024-04-19,Bengaluru
ORD14589,CUST1237,PRD381,Fashion,Peter England,406.00,1,2024-04-19,Hyderabad
ORD14590,CUST1223,PRD163,Electronics,Realme,1801.00,1,2024-04-19,Ahmedabad
ORD14591,CUST055,PRD532,Electronics,Noise,719.00,1,2024-04-19,Hyderabad
ORD14592,CUST126,PRD475,Fashion,Peter England,1447.00,2,2024-04-19,Bengaluru
ORD14593,CUST957,PRD561,Home & Kitchen,Hawkins,1136.00,3,2024-04-19,Mumbai
ORD14593,CUST957,PRD342,Books,Westland,462.00,1,2024-04-19,Mumbai
ORD14594,CUST1441,PRD513,Sports,Decathlon,3680.00,1,2024-04-19,Bengaluru
ORD14594,CUST1441,PRD427,Beauty,Biotique,217.00,1,2024-04-19,Bengaluru
ORD14595,CUST1111,PRD595,Fashion,Sparx,934.00,1,2024-04-19,Delhi
ORD14595,CUST1111,PRD518,Electronics,Mi,4469.00,1,2024-04-19,Delhi
ORD14596,CUST532,PRD508,Electronics,Sony,1978.00,1,2024-04-19,Delhi
ORD14597,CUST119,PRD485,Electronics,Apple,420.00,3,2024-04-19,Mumbai
ORD14598,CUST204,PRD069,Fashion,Woodland,1644.00,3,2024-04-19,Delhi
ORD14598,CUST204,PRD536,Home & Kitchen,Butterfly,4499.00,1,2024-04-19,Delhi
ORD14599,CUST364,PRD381,Fashion,Peter England,406.00,3,2024-04-19,Chennai
ORD14600,CUST1456,PRD137,Home & Kitchen,Wonderchef,737.00,1,2024-04-19,Ahmedabad
ORD14601,CUST058,PRD195,Books,Bloomsbury,599.00,1,2024-04-19,Bengaluru
ORD14601,CUST058,PRD304,Sports,Campus,1385.00,1,2024-04-19,Bengaluru
ORD14602,CUST1397,PRD247,Sports,Campus,1130.00,1,2024-04-19,Mumbai
ORD14603,CUST157,PRD163,Electronics,Realme,1801.00,1,2024-04-19,Delhi
ORD14603,CUST157,PRD030,Electronics,Mi,1686.00,1,2024-04-19,Delhi
ORD14603,CUST157,PRD225,Electronics,Samsung,469.00,1,2024-04-19,Delhi
ORD14604,CUST935,PRD246,Sports,Decathlon,256.00,3,2024-04-19,Pune
ORD14604,CUST935,PRD195,Books,Bloomsbury,599.00,1,2024-04-19,Pune
ORD14604,CUST935,PRD344,Beauty,Lakme,222.00,1,2024-04-19,Pune
ORD14605,CUST212,PRD208,Electronics,Boult,7315.00,1,2024-04-19,Bengaluru
ORD14605,CUST212,PRD238,Home & Kitchen,Borosil,948.00,1,2024-04-19,Bengaluru
ORD14606,CUST211,PRD295,Books,Rupa,420.00,1,2024-04-19,Kolkata
ORD14607,CUST540,PRD249,Fashion,Levis,335.00,4,2024-04-19,Bengaluru
ORD14607,CUST540,PRD535,Fashion,Bata,670.00,1,2024-04-19,Bengaluru
ORD14608,CUST302,PRD399,Electronics,Noise,1564.00,1,2024-04-19,Delhi
ORD14608,CUST302,PRD131,Beauty,Plum,667.00,1,2024-04-19,Delhi
ORD14609,CUST272,PRD410,Electronics,OnePlus,4071.00,1,2024-04-19,Delhi
ORD14610,CUST539,PRD577,Electronics,Mi,1502.00,1,2024-04-19,Kolkata
ORD14611,CUST811,PRD410,Electronics,OnePlus,4071.00,1,2024-04-19,Kolkata
ORD14612,CUST137,PRD577,Electronics,Mi,1502.00,1,2024-04-19,Mumbai
ORD14613,CUST014,PRD163,Electronics,Realme,1801.00,1,2024-04-19,Pune
ORD14614,CUST914,PRD351,Electronics,Noise,344.00,2,2024-04-19,Hyderabad
ORD14615,CUST1036,PRD600,Fashion,Allen Solly,763.00,1,2024-04-19,Delhi
ORD14615,CUST1036,PRD176,Home & Kitchen,Borosil,459.00,1,2024-04-19,Delhi
ORD14615,CUST1036,PRD381,Fashion,Peter England,406.00,1,2024-04-19,Delhi
ORD14616,CUST292,PRD126,Sports,Decathlon,1107.00,1,2024-04-19,Mumbai
ORD14617,CUST002,PRD255,Books,Rupa,223.00,1,2024-04-19,Delhi
ORD14618,CUST752,PRD323,Fashion,Woodland,312.00,2,2024-04-19,Delhi
ORD14619,CUST1328,PRD519,Sports,Adidas,826.00,2,2024-04-19,Bengaluru
ORD14620,CUST1257,PRD441,Electronics,Sony,8613.00,1,2024-04-19,Ahmedabad
ORD14621,CUST1231,PRD345,Home & Kitchen,Prestige,4499.00,1,2024-04-19,Mumbai
ORD14621,CUST1231,PRD300,Home & Kitchen,Butterfly,1761.00,1,2024-04-19,Mumbai
ORD14622,CUST1355,PRD449,Sports,Decathlon,1146.00,1,2024-04-19,Hyderabad
ORD14622,CUST1355,PRD366,Electronics,Sony,1638.00,1,2024-04-19,Hyderabad
ORD14622,CUST1355,PRD126,Sports,Decathlon,1107.00,1,2024-04-19,Hyderabad
ORD14622,CUST1355,PRD410,Electronics,OnePlus,4071.00,1,2024-04-19,Hyderabad
ORD14623,CUST332,PRD493,Home & Kitchen,Milton,722.00,1,2024-04-19,Chennai
ORD14624,CUST277,PRD168,Home & Kitchen,Prestige,1522.00,1,2024-04-19,Chennai
ORD14624,CUST277,PRD215,Sports,Campus,638.00,1,2024-04-19,Chennai
ORD14624,CUST277,PRD228,Electronics,Realme,1737.00,1,2024-04-19,Chennai
ORD14625,CUST192,PRD375,Home & Kitchen,Borosil,633.00,1,2024-04-19,Hyderabad
ORD14625,CUST192,PRD542,Electronics,Noise,1190.00,2,2024-04-19,Hyderabad
ORD14625,CUST192,PRD153,Electronics,Apple,1631.00,1,2024-04-19,Hyderabad
ORD14625,CUST192,PRD280,Electronics,Apple,4376.00,1,2024-04-19,Hyderabad
ORD14626,CUST598,PRD125,Fashion,Allen Solly,852.00,1,2024-04-19,Delhi
ORD14627,CUST470,PRD444,Electronics,Samsung,346.00,1,2024-04-19,Kolkata
ORD14628,CUST1467,PRD204,Electronics,Boat,1299.00,1,2024-04-19,Delhi
ORD14628,CUST1467,PRD444,Electronics,Samsung,346.00,3,2024-04-19,Delhi
ORD14628,CUST1467,PRD379,Electronics,Realme,3493.00,1,2024-04-19,Delhi
ORD14629,CUST1170,PRD197,Sports,Cosco,3499.00,1,2024-04-19,Kolkata
ORD14629,CUST1170,PRD126,Sports,Decathlon,1107.00,2,2024-04-19,Kolkata
ORD14630,CUST1414,PRD463,Beauty,Plum,432.00,4,2024-04-20,Bengaluru
ORD14631,CUST142,PRD245,Sports,Nike,3495.00,2,2024-04-20,Delhi
ORD14632,CUST527,PRD425,Electronics,Realme,1566.00,1,2024-04-20,Pune
ORD14633,CUST1170,PRD319,Fashion,Peter England,1416.00,2,2024-04-20,Kolkata
ORD14633,CUST1170,PRD279,Fashion,Peter England,462.00,2,2024-04-20,Kolkata
ORD14634,CUST337,PRD280,Electronics,Apple,4376.00,1,2024-04-20,Delhi
ORD14635,CUST1448,PRD321,Beauty,Himalaya,237.00,1,2024-04-20,Pune
ORD14636,CUST1281,PRD483,Beauty,Lakme,162.00,3,2024-04-20,Mumbai
ORD14636,CUST1281,PRD424,Beauty,Himalaya,526.00,3,2024-04-20,Mumbai
ORD14637,CUST198,PRD325,Sports,Puma,827.00,1,2024-04-20,Ahmedabad
ORD14638,CUST857,PRD440,Beauty,Maybelline,250.00,1,2024-04-20,Mumbai
ORD14638,CUST857,PRD554,Home & Kitchen,Borosil,403.00,5,2024-04-20,Mumbai
ORD14639,CUST1382,PRD163,Electronics,Realme,1801.00,1,2024-04-20,Bengaluru
ORD14639,CUST1382,PRD111,Beauty,Nivea,266.00,2,2024-04-20,Bengaluru
ORD14640,CUST162,PRD503,Fashion,Sparx,561.00,1,2024-04-20,Delhi
ORD14640,CUST162,PRD600,Fashion,Allen Solly,763.00,1,2024-04-20,Delhi
ORD14640,CUST162,PRD240,Home & Kitchen,Pigeon,1232.00,2,2024-04-20,Delhi
ORD14640,CUST162,PRD538,Sports,Nivia,347.00,5,2024-04-20,Delhi
ORD14641,CUST006,PRD583,Fashion,Biba,735.00,3,2024-04-20,Chennai
ORD14641,CUST006,PRD231,Sports,Yonex,244.00,1,2024-04-20,Chennai
ORD14642,CUST1202,PRD225,Electronics,Samsung,469.00,2,2024-04-20,Pune
ORD14642,CUST1202,PRD163,Electronics,Realme,1801.00,1,2024-04-20,Pune
ORD14643,CUST690,PRD508,Electronics,Sony,1978.00,1,2024-04-20,Mumbai
ORD14644,CUST1257,PRD405,Beauty,Maybelline,227.00,6,2024-04-20,Ahmedabad
ORD14644,CUST1257,PRD339,Electronics,OnePlus,1061.00,1,2024-04-20,Ahmedabad
ORD14644,CUST1257,PRD528,Books,Bloomsbury,1299.00,1,2024-04-20,Ahmedabad
ORD14645,CUST428,PRD151,Electronics,Realme,620.00,2,2024-04-20,Bengaluru
ORD14646,CUST1225,PRD506,Fashion,Allen Solly,745.00,1,2024-04-20,Bengaluru
ORD14646,CUST1225,PRD495,Fashion,Woodland,1999.00,2,2024-04-20,Bengaluru
ORD14647,CUST376,PRD197,Sports,Cosco,3499.00,1,2024-04-20,Pune
ORD14648,CUST138,PRD295,Books,Rupa,420.00,2,2024-04-20,Hyderabad
ORD14648,CUST138,PRD427,Beauty,Biotique,217.00,1,2024-04-20,Hyderabad
ORD14648,CUST138,PRD105,Beauty,Biotique,179.00,1,2024-04-20,Hyderabad
ORD14649,CUST1473,PRD356,Electronics,Samsung,211.00,2,2024-04-20,Hyderabad
ORD14650,CUST904,PRD143,Books,Rupa,497.00,1,2024-04-20,Ahmedabad
ORD14651,CUST992,PRD370,Fashion,Biba,1058.00,1,2024-04-20,Delhi
ORD14651,CUST992,PRD468,Electronics,Mi,1890.00,3,2024-04-20,Delhi
ORD14651,CUST992,PRD584,Sports,Nike,202.00,1,2024-04-20,Delhi
ORD14652,CUST798,PRD204,Electronics,Boat,1299.00,1,2024-04-20,Delhi
ORD14653,CUST1206,PRD292,Home & Kitchen,Cello,2099.00,1,2024-04-20,Bengaluru
ORD14653,CUST1206,PRD536,Home & Kitchen,Butterfly,4499.00,1,2024-04-20,Bengaluru
ORD14654,CUST669,PRD407,Sports,Puma,235.00,4,2024-04-20,Bengaluru
ORD14655,CUST435,PRD321,Beauty,,237.00,1,2024-04-20,Delhi
ORD14656,CUST270,PRD197,Sports,Cosco,3499.00,1,2024-04-20,Bengaluru
ORD14657,CUST115,PRD137,Home & Kitchen,Wonderchef,737.00,2,2024-04-20,Pune
ORD14658,CUST665,PRD211,Sports,Adidas,1428.00,3,2024-04-20,Hyderabad
ORD14658,CUST665,PRD490,Electronics,Mi,1499.00,1,2024-04-20,Hyderabad
ORD14658,CUST665,PRD391,Fashion,Bata,1999.00,1,2024-04-20,Hyderabad
ORD14659,CUST079,PRD245,Sports,Nike,3495.00,2,2024-04-20,Mumbai
ORD14659,CUST079,PRD056,Home & Kitchen,Milton,1613.00,1,2024-04-20,Mumbai
ORD14659,CUST079,PRD129,Home & Kitchen,,728.00,1,2024-04-20,Mumbai
ORD14659,CUST079,PRD030,Electronics,Mi,1686.00,1,2024-04-20,Mumbai
ORD14660,CUST1015,PRD029,Beauty,Lakme,431.00,6,2024-04-20,Pune
ORD14660,CUST1015,PRD025,Beauty,Nivea,157.00,1,2024-04-20,Pune
ORD14661,CUST775,PRD132,Home & Kitchen,Milton,455.00,2,2024-04-20,Delhi
ORD14661,CUST775,PRD521,Beauty,Plum,303.00,4,2024-04-20,Delhi
ORD14661,CUST775,PRD283,Beauty,Himalaya,318.00,1,2024-04-20,Delhi
ORD14662,CUST369,PRD163,Electronics,Realme,1801.00,1,2024-04-20,Chennai
ORD14663,CUST1459,PRD326,Fashion,Bata,547.00,1,2024-04-20,Delhi
ORD14663,CUST1459,PRD596,Electronics,Sony,440.00,1,2024-04-20,Delhi
ORD14664,CUST099,PRD509,Electronics,Noise,1956.00,2,2024-04-20,Mumbai
ORD14664,CUST099,PRD235,Electronics,Boult,1773.00,1,2024-04-20,Mumbai
ORD14664,CUST099,PRD391,Fashion,Bata,1999.00,1,2024-04-20,Mumbai
ORD14665,CUST026,PRD225,Electronics,Samsung,469.00,6,2024-04-20,Kolkata
ORD14665,CUST026,PRD471,Home & Kitchen,Pigeon,1156.00,3,2024-04-20,Kolkata
ORD14665,CUST026,PRD574,Electronics,Mi,318.00,1,2024-04-20,Kolkata
ORD14665,CUST026,PRD177,Fashion,Allen Solly,640.00,1,2024-04-20,Kolkata
ORD14666,CUST858,PRD586,Fashion,Biba,738.00,1,2024-04-20,Chennai
ORD14667,CUST625,PRD010,Beauty,Maybelline,1040.00,1,2024-04-20,Mumbai
ORD14667,CUST625,PRD220,Books,Westland,415.00,1,2024-04-20,Mumbai
ORD14668,CUST123,PRD506,Fashion,Allen Solly,745.00,2,2024-04-20,Bengaluru
ORD14668,CUST123,PRD325,Sports,Puma,827.00,1,2024-04-20,Bengaluru
ORD14669,CUST686,PRD321,Beauty,Himalaya,237.00,6,2024-04-20,Pune
ORD14670,CUST064,PRD497,Home & Kitchen,Borosil,776.00,3,2024-04-20,Bengaluru
ORD14671,CUST1237,PRD543,Fashion,Woodland,511.00,2,2024-04-20,Hyderabad
ORD14671,CUST1237,PRD494,Fashion,Sparx,605.00,1,2024-04-20,Hyderabad
ORD14672,CUST1388,PRD332,Fashion,Biba,597.00,1,2024-04-20,Bengaluru
ORD14673,CUST261,PRD200,Beauty,Biotique,209.00,1,2024-04-20,Pune
ORD14674,CUST247,PRD129,Home & Kitchen,Pigeon,728.00,1,2024-04-20,Pune
ORD14674,CUST247,PRD500,Electronics,Samsung,18999.00,1,2024-04-20,Pune
ORD14675,CUST1096,PRD563,Electronics,Samsung,443.00,3,2024-04-21,Delhi
ORD14676,CUST720,PRD180,Home & Kitchen,Cello,835.00,1,2024-04-21,Mumbai
ORD14677,CUST672,PRD295,Books,Rupa,420.00,2,2024-04-21,Bengaluru
ORD14677,CUST672,PRD197,Sports,Cosco,3499.00,1,2024-04-21,Bengaluru
ORD14677,CUST672,PRD379,Electronics,Realme,3493.00,1,2024-04-21,Bengaluru
ORD14678,CUST366,PRD129,Home & Kitchen,Pigeon,728.00,1,2024-04-21,Delhi
ORD14678,CUST366,PRD021,Fashion,Sparx,853.00,2,2024-04-21,Delhi
ORD14679,CUST305,PRD300,Home & Kitchen,Butterfly,1761.00,1,2024-04-21,Bengaluru
ORD14680,CUST179,PRD327,Electronics,OnePlus,457.00,2,2024-04-21,Ahmedabad
ORD14681,CUST344,PRD401,Electronics,Realme,1790.00,1,2024-04-21,Bengaluru
ORD14682,CUST268,PRD293,Fashion,Levis,499.00,1,2024-04-21,Chennai
ORD14682,CUST268,PRD332,Fashion,Biba,597.00,1,2024-04-21,Chennai
ORD14683,CUST1105,PRD394,Home & Kitchen,Butterfly,1799.00,1,2024-04-21,Delhi
ORD14683,CUST1105,PRD388,Books,Rupa,437.00,1,2024-04-21,Delhi
ORD14684,CUST365,PRD513,Sports,Decathlon,3680.00,2,2024-04-21,Delhi
ORD14685,CUST597,PRD163,Electronics,Realme,1801.00,3,2024-04-21,Bengaluru
ORD14685,CUST597,PRD550,Fashion,Biba,2786.00,1,2024-04-21,Bengaluru
ORD14686,CUST057,PRD369,Sports,Decathlon,237.00,4,2024-04-21,Bengaluru
ORD14686,CUST057,PRD508,Electronics,Sony,1978.00,2,2024-04-21,Bengaluru
ORD14687,CUST843,PRD132,Home & Kitchen,Milton,455.00,3,2024-04-21,Mumbai
ORD14688,CUST942,PRD155,Sports,Cosco,663.00,1,2024-04-21,Chennai
ORD14688,CUST942,PRD577,Electronics,Mi,1502.00,2,2024-04-21,Chennai
ORD14689,CUST1411,PRD461,Fashion,Peter England,1071.00,2,2024-04-21,Mumbai
ORD14690,CUST852,PRD225,Electronics,Samsung,469.00,4,2024-04-21,Mumbai
ORD14690,CUST852,PRD522,Fashion,Woodland,302.00,2,2024-04-21,Mumbai
ORD14691,CUST165,PRD174,Fashion,Bata,1462.00,1,2024-04-21,Kolkata
ORD14692,CUST894,PRD521,Beauty,Plum,303.00,2,2024-04-21,Mumbai
ORD14692,CUST894,PRD252,Electronics,OnePlus,270.00,1,2024-04-21,Mumbai
ORD14693,CUST881,PRD010,Beauty,Maybelline,1040.00,1,2024-04-21,Kolkata
ORD14694,CUST1145,PRD409,Sports,Yonex,1739.00,1,2024-04-21,Bengaluru
ORD14694,CUST1145,PRD197,Sports,Cosco,3499.00,1,2024-04-21,Bengaluru
ORD14695,CUST086,PRD123,Fashion,Allen Solly,1816.00,1,2024-04-21,Mumbai
ORD14696,CUST016,PRD464,Books,Bloomsbury,502.00,1,2024-04-21,Mumbai
ORD14697,CUST317,PRD157,Electronics,OnePlus,2785.00,1,2024-04-21,Chennai
ORD14698,CUST604,PRD452,Home & Kitchen,Wonderchef,462.00,1,2024-04-21,Pune
ORD14699,CUST069,PRD375,Home & Kitchen,Borosil,633.00,1,2024-04-21,Mumbai
ORD14700,CUST1499,PRD277,Electronics,Samsung,2013.00,1,2024-04-21,Ahmedabad
ORD14701,CUST1261,PRD237,Electronics,Mi,1210.00,1,2024-04-21,Mumbai
ORD14702,CUST1500,PRD584,Sports,Nike,202.00,4,2024-04-21,Delhi
ORD14702,CUST1500,PRD507,Books,Aleph,640.00,1,2024-04-21,Delhi
ORD14703,CUST490,PRD137,Home & Kitchen,Wonderchef,737.00,1,2024-04-21,Ahmedabad
ORD14703,CUST490,PRD247,Sports,Campus,1130.00,3,2024-04-21,Ahmedabad
ORD14703,CUST490,PRD245,Sports,,3495.00,1,2024-04-21,Ahmedabad
ORD14704,CUST436,PRD076,Sports,Nivia,579.00,1,2024-04-21,Mumbai
ORD14705,CUST1046,PRD378,Sports,Campus,2214.00,1,2024-04-21,Hyderabad
ORD14705,CUST1046,PRD598,Electronics,Boult,1275.00,1,2024-04-21,Hyderabad
ORD14705,CUST1046,PRD145,Electronics,Boult,241.00,1,2024-04-21,Hyderabad
ORD14705,CUST1046,PRD179,Electronics,Noise,1044.00,3,2024-04-21,Hyderabad
ORD14706,CUST705,PRD521,Beauty,Plum,303.00,3,2024-04-21,Bengaluru
ORD14707,CUST323,PRD050,Fashion,Allen Solly,312.00,3,2024-04-21,Bengaluru
ORD14707,CUST323,PRD115,Fashion,Woodland,547.00,1,2024-04-21,Bengaluru
ORD14707,CUST323,PRD225,Electronics,Samsung,469.00,1,2024-04-21,Bengaluru
ORD14708,CUST1003,PRD150,Beauty,Maybelline,726.00,1,2024-04-21,Mumbai
ORD14708,CUST1003,PRD444,Electronics,Samsung,346.00,1,2024-04-21,Mumbai
ORD14708,CUST1003,PRD266,Beauty,Himalaya,637.00,1,2024-04-21,Mumbai
ORD14709,CUST469,PRD391,Fashion,Bata,1999.00,3,2024-04-21,Pune
ORD14710,CUST801,PRD137,Home & Kitchen,Wonderchef,737.00,1,2024-04-21,Bengaluru
ORD14710,CUST801,PRD464,Books,Bloomsbury,502.00,1,2024-04-21,Bengaluru
ORD14711,CUST1428,PRD600,Fashion,Allen Solly,763.00,2,2024-04-21,Mumbai
ORD14712,CUST680,PRD532,Electronics,Noise,719.00,1,2024-04-21,Bengaluru
ORD14713,CUST764,PRD521,Beauty,Plum,303.00,1,2024-04-21,Bengaluru
ORD14713,CUST764,PRD247,Sports,Campus,1130.00,3,2024-04-21,Bengaluru
ORD14713,CUST764,PRD326,Fashion,Bata,547.00,1,2024-04-21,Bengaluru
ORD14714,CUST1171,PRD225,Electronics,Samsung,469.00,1,2024-04-21,Pune
ORD14715,CUST965,PRD446,Beauty,Plum,155.00,1,2024-04-21,Mumbai
ORD14715,CUST965,PRD221,Fashion,Levis,2199.00,1,2024-04-21,Mumbai
ORD14715,CUST965,PRD484,Beauty,Himalaya,150.00,8,2024-04-21,Mumbai
ORD14715,CUST965,PRD228,Electronics,Realme,1737.00,1,2024-04-21,Mumbai
ORD14716,CUST750,PRD218,Sports,Cosco,263.00,8,2024-04-21,Chennai
ORD14716,CUST750,PRD439,Electronics,Boat,394.00,2,2024-04-21,Chennai
ORD14717,CUST603,PRD521,Beauty,Plum,303.00,1,2024-04-21,Mumbai
ORD14718,CUST1158,PRD307,Books,Rupa,1199.00,1,2024-04-21,Kolkata
ORD14718,CUST1158,PRD137,Home & Kitchen,Wonderchef,737.00,1,2024-04-21,Kolkata
ORD14719,CUST204,PRD191,Fashion,Levis,651.00,1,2024-04-21,Delhi
ORD14719,CUST204,PRD126,Sports,Decathlon,1107.00,1,2024-04-21,Delhi
ORD14720,CUST070,PRD078,Fashion,Woodland,513.00,2,2024-04-21,Chennai
ORD14721,CUST659,PRD522,Fashion,Woodland,302.00,3,2024-04-21,Ahmedabad
ORD14722,CUST859,PRD340,Fashion,Peter England,1499.00,2,2024-04-21,Hyderabad
ORD14722,CUST859,PRD225,Electronics,Samsung,469.00,1,2024-04-21,Hyderabad
ORD14723,CUST196,PRD132,Home & Kitchen,Milton,455.00,1,2024-04-21,Kolkata
ORD14723,CUST196,PRD177,Fashion,Allen Solly,640.00,2,2024-04-21,Kolkata
ORD14723,CUST196,PRD246,Sports,Decathlon,256.00,1,2024-04-21,Kolkata
ORD14724,CUST544,PRD072,Books,Aleph,226.00,2,2024-04-21,Chennai
ORD14725,CUST971,PRD041,Sports,Yonex,1121.00,1,2024-04-21,Mumbai
ORD14726,CUST1078,PRD222,Home & Kitchen,Cello,968.00,1,2024-04-22,Hyderabad
ORD14727,CUST109,PRD165,Beauty,Nivea,321.00,1,2024-04-22,Delhi
ORD14728,CUST449,PRD248,Home & Kitchen,Wonderchef,980.00,1,2024-04-22,Delhi
ORD14729,CUST811,PRD302,Books,Penguin,361.00,1,2024-04-22,Kolkata
ORD14729,CUST811,PRD225,Electronics,Samsung,469.00,1,2024-04-22,Kolkata
ORD14729,CUST811,PRD376,Fashion,Sparx,1189.00,3,2024-04-22,Kolkata
ORD14730,CUST1037,PRD401,Electronics,Realme,1790.00,1,2024-04-22,Delhi
ORD14730,CUST1037,PRD246,Sports,Decathlon,256.00,1,2024-04-22,Delhi
ORD14731,CUST890,PRD553,Books,Rupa,163.00,2,2024-04-22,Kolkata
ORD14732,CUST243,PRD295,Books,Rupa,420.00,1,2024-04-22,Mumbai
ORD14733,CUST1448,PRD452,Home & Kitchen,Wonderchef,462.00,3,2024-04-22,Pune
ORD14734,CUST752,PRD137,Home & Kitchen,Wonderchef,737.00,1,2024-04-22,Delhi
ORD14734,CUST752,PRD461,Fashion,Peter England,1071.00,1,2024-04-22,Delhi
ORD14735,CUST166,PRD129,Home & Kitchen,Pigeon,728.00,2,2024-04-22,Mumbai
ORD14735,CUST166,PRD240,Home & Kitchen,Pigeon,1232.00,2,2024-04-22,Mumbai
ORD14736,CUST865,PRD301,Electronics,Boult,813.00,1,2024-04-22,Ahmedabad
ORD14736,CUST865,PRD085,Beauty,Biotique,666.00,2,2024-04-22,Ahmedabad
ORD14736,CUST865,PRD225,Electronics,Samsung,469.00,5,2024-04-22,Ahmedabad
ORD14736,CUST865,PRD343,Home & Kitchen,Hawkins,805.00,1,2024-04-22,Ahmedabad
ORD14737,CUST948,PRD212,Electronics,Boult,149.00,2,2024-04-22,Hyderabad
ORD14738,CUST1158,PRD104,Home & Kitchen,Butterfly,875.00,2,2024-04-22,Kolkata
ORD14738,CUST1158,PRD007,Books,HarperCollins,336.00,2,2024-04-22,Kolkata
ORD14739,CUST1234,PRD373,Fashion,Peter England,527.00,1,2024-04-22,Delhi
ORD14739,CUST1234,PRD164,Fashion,Biba,1226.00,1,2024-04-22,Delhi
ORD14740,CUST023,PRD341,Electronics,Noise,196.00,4,2024-04-22,Kolkata
ORD14741,CUST453,PRD452,Home & Kitchen,Wonderchef,462.00,2,2024-04-22,Hyderabad
ORD14741,CUST453,PRD137,Home & Kitchen,Wonderchef,737.00,1,2024-04-22,Hyderabad
ORD14742,CUST107,PRD522,Fashion,Woodland,302.00,1,2024-04-22,Mumbai
ORD14742,CUST107,PRD073,Electronics,Mi,1540.00,2,2024-04-22,Mumbai
ORD14743,CUST1435,PRD289,Electronics,Boult,826.00,1,2024-04-22,Bengaluru
ORD14743,CUST1435,PRD163,Electronics,Realme,1801.00,1,2024-04-22,Bengaluru
ORD14744,CUST1464,PRD262,Electronics,Apple,3501.00,1,2024-04-22,Bengaluru
ORD14744,CUST1464,PRD225,Electronics,Samsung,469.00,4,2024-04-22,Bengaluru
ORD14745,CUST1046,PRD140,Home & Kitchen,Prestige,2499.00,1,2024-04-22,Hyderabad
ORD14746,CUST1016,PRD444,Electronics,Samsung,346.00,3,2024-04-22,Chennai
ORD14747,CUST855,PRD087,Books,Rupa,699.00,3,2024-04-22,Chennai
ORD14748,CUST450,PRD240,Home & Kitchen,Pigeon,1232.00,1,2024-04-22,Mumbai
ORD14749,CUST718,PRD478,Electronics,OnePlus,1494.00,1,2024-04-22,Delhi
ORD14749,CUST718,PRD082,Home & Kitchen,Butterfly,614.00,3,2024-04-22,Delhi
ORD14749,CUST718,PRD492,Fashion,Biba,452.00,2,2024-04-22,Delhi
ORD14749,CUST718,PRD363,Home & Kitchen,Milton,399.00,2,2024-04-22,Delhi
ORD14750,CUST024,PRD407,Sports,Puma,235.00,1,2024-04-22,Hyderabad
ORD14751,CUST476,PRD247,Sports,Campus,1130.00,2,2024-04-22,Pune
ORD14751,CUST476,PRD107,Electronics,JBL,844.00,2,2024-04-22,Pune
ORD14752,CUST100,PRD151,Electronics,Realme,620.00,1,2024-04-22,Mumbai
ORD14753,CUST910,PRD162,Beauty,Nivea,177.00,2,2024-04-22,Bengaluru
ORD14754,CUST757,PRD429,Electronics,Boult,577.00,1,2024-04-22,Mumbai
ORD14755,CUST159,PRD428,Electronics,OnePlus,921.00,2,2024-04-22,Bengaluru
ORD14755,CUST159,PRD529,Beauty,Biotique,234.00,1,2024-04-22,Bengaluru
ORD14756,CUST1297,PRD381,Fashion,Peter England,406.00,3,2024-04-22,Hyderabad
ORD14756,CUST1297,PRD252,Electronics,OnePlus,270.00,1,2024-04-22,Hyderabad
ORD14757,CUST784,PRD295,Books,Rupa,420.00,3,2024-04-22,Hyderabad
ORD14758,CUST1229,PRD295,Books,Rupa,420.00,1,2024-04-22,Pune
ORD14759,CUST612,PRD183,Books,Aleph,566.00,2,2024-04-22,Kolkata
ORD14759,CUST612,PRD072,Books,Aleph,226.00,1,2024-04-22,Kolkata
ORD14759,CUST612,PRD552,Beauty,Nivea,154.00,1,2024-04-22,Kolkata
ORD14760,CUST1156,PRD306,Home & Kitchen,Wonderchef,732.00,1,2024-04-22,Chennai
ORD14761,CUST406,PRD323,Fashion,Woodland,312.00,1,2024-04-22,Bengaluru
ORD14762,CUST1157,PRD014,Sports,Yonex,1280.00,2,2024-04-22,Bengaluru
ORD14762,CUST1157,PRD588,Electronics,JBL,3249.00,1,2024-04-22,Bengaluru
ORD14763,CUST259,PRD570,Books,HarperCollins,310.00,1,2024-04-22,Hyderabad
ORD14764,CUST589,PRD204,Electronics,Boat,1299.00,1,2024-04-22,Delhi
ORD14765,CUST325,PRD229,Electronics,Boat,976.00,1,2024-04-22,Mumbai
ORD14765,CUST325,PRD362,Home & Kitchen,Wonderchef,564.00,1,2024-04-22,Mumbai
ORD14766,CUST941,PRD226,Electronics,Sony,413.00,2,2024-04-22,Ahmedabad
ORD14767,CUST1168,PRD458,Fashion,,614.00,1,2024-04-22,Chennai
ORD14768,CUST306,PRD218,Sports,Cosco,263.00,6,2024-04-22,Delhi
ORD14768,CUST306,PRD488,Beauty,Maybelline,409.00,4,2024-04-22,Delhi
ORD14768,CUST306,PRD410,Electronics,OnePlus,4071.00,1,2024-04-22,Delhi
ORD14769,CUST483,PRD303,Electronics,Boult,392.00,4,2024-04-22,Kolkata
ORD14770,CUST1419,PRD468,Electronics,Mi,1890.00,1,2024-04-22,Pune
ORD14770,CUST1419,PRD444,Electronics,Samsung,346.00,1,2024-04-22,Pune
ORD14770,CUST1419,PRD092,Beauty,Maybelline,184.00,1,2024-04-22,Pune
ORD14770,CUST1419,PRD139,Fashion,Woodland,566.00,2,2024-04-22,Pune
ORD14771,CUST075,PRD046,Home & Kitchen,Cello,2604.00,1,2024-04-22,Mumbai
ORD14771,CUST075,PRD508,Electronics,Sony,1978.00,1,2024-04-22,Mumbai
ORD14772,CUST1038,PRD299,Home & Kitchen,Borosil,457.00,1,2024-04-22,Mumbai
ORD14773,CUST1076,PRD107,Electronics,JBL,844.00,1,2024-04-22,Delhi
ORD14773,CUST1076,PRD452,Home & Kitchen,Wonderchef,462.00,1,2024-04-22,Delhi
ORD14774,CUST766,PRD134,Electronics,OnePlus,346.00,2,2024-04-22,Mumbai
ORD14775,CUST1493,PRD040,Electronics,Apple,817.00,1,2024-04-22,Mumbai
ORD14776,CUST1109,PRD410,Electronics,OnePlus,4071.00,1,2024-04-22,Mumbai
ORD14777,CUST907,PRD552,Beauty,Nivea,154.00,4,2024-04-22,Mumbai
ORD14778,CUST1226,PRD140,Home & Kitchen,Prestige,2499.00,1,2024-04-22,Bengaluru
ORD14779,CUST1009,PRD323,Fashion,Woodland,312.00,1,2024-04-22,Kolkata
ORD14780,CUST1106,PRD369,Sports,Decathlon,237.00,5,2024-04-22,Bengaluru
ORD14781,CUST018,PRD111,Beauty,Nivea,266.00,5,2024-04-23,Bengaluru
ORD14781,CUST018,PRD543,Fashion,Woodland,511.00,1,2024-04-23,Bengaluru
ORD14781,CUST018,PRD086,Sports,Decathlon,1825.00,2,2024-04-23,Bengaluru
ORD14781,CUST018,PRD032,Fashion,Levis,823.00,1,2024-04-23,Bengaluru
ORD14782,CUST180,PRD238,Home & Kitchen,Borosil,948.00,1,2024-04-23,Delhi
ORD14782,CUST180,PRD099,Home & Kitchen,Milton,1207.00,2,2024-04-23,Delhi
ORD14782,CUST180,PRD043,Electronics,Samsung,1615.00,2,2024-04-23,Delhi
ORD14782,CUST180,PRD521,Beauty,Plum,303.00,4,2024-04-23,Delhi
ORD14783,CUST905,PRD176,Home & Kitchen,Borosil,459.00,1,2024-04-23,Chennai
ORD14784,CUST1205,PRD490,Electronics,Mi,1499.00,1,2024-04-23,Mumbai
ORD14785,CUST567,PRD543,Fashion,Woodland,511.00,1,2024-04-23,Mumbai
ORD14785,CUST567,PRD577,Electronics,Mi,1502.00,3,2024-04-23,Mumbai
ORD14786,CUST1087,PRD501,Electronics,Realme,1499.00,2,2024-04-23,Chennai
ORD14787,CUST680,PRD419,Electronics,Boat,849.00,1,2024-04-23,Bengaluru
ORD14787,CUST680,PRD332,Fashion,Biba,597.00,1,2024-04-23,Bengaluru
ORD14788,CUST270,PRD423,Home & Kitchen,Pigeon,623.00,2,2024-04-23,Bengaluru
ORD14789,CUST741,PRD245,Sports,Nike,3495.00,1,2024-04-23,Hyderabad
ORD14790,CUST775,PRD392,Home & Kitchen,Pigeon,1205.00,2,2024-04-23,Delhi
ORD14791,CUST641,PRD174,Fashion,Bata,1462.00,2,2024-04-23,Hyderabad
ORD14792,CUST1004,PRD562,Books,Westland,999.00,1,2024-04-23,Kolkata
ORD14793,CUST797,PRD307,Books,Rupa,1199.00,1,2024-04-23,Chennai
ORD14794,CUST1105,PRD516,Beauty,Lakme,469.00,1,2024-04-23,Delhi
ORD14795,CUST490,PRD407,Sports,Puma,235.00,1,2024-04-23,Ahmedabad
ORD14795,CUST490,PRD482,Electronics,Mi,1499.00,1,2024-04-23,Ahmedabad
ORD14796,CUST903,PRD485,Electronics,Apple,420.00,5,2024-04-23,Mumbai
ORD14797,CUST667,PRD381,Fashion,Peter England,406.00,1,2024-04-23,Kolkata
ORD14797,CUST667,PRD596,Electronics,Sony,440.00,2,2024-04-23,Kolkata
ORD14798,CUST968,PRD046,Home & Kitchen,Cello,2604.00,1,2024-04-23,Delhi
ORD14799,CUST784,PRD202,Sports,Nike,1517.00,2,2024-04-23,Hyderabad
ORD14799,CUST784,PRD312,Sports,Nike,3499.00,1,2024-04-23,Hyderabad
ORD14799,CUST784,PRD478,Electronics,OnePlus,1494.00,2,2024-04-23,Hyderabad
ORD14800,CUST553,PRD410,Electronics,OnePlus,4071.00,1,2024-04-23,Delhi
ORD14801,CUST1473,PRD202,Sports,Nike,1517.00,3,2024-04-23,Hyderabad
ORD14801,CUST1473,PRD498,Fashion,Levis,2999.00,1,2024-04-23,Hyderabad
ORD14802,CUST1250,PRD225,Electronics,Samsung,469.00,2,2024-04-23,Mumbai
ORD14803,CUST1174,PRD040,Electronics,Apple,817.00,3,2024-04-23,Delhi
ORD14804,CUST794,PRD177,Fashion,Allen Solly,640.00,1,2024-04-23,Bengaluru
ORD14805,CUST173,PRD225,Electronics,Samsung,469.00,4,2024-04-23,Delhi
ORD14806,CUST1421,PRD224,Sports,Nivia,634.00,1,2024-04-23,Bengaluru
ORD14806,CUST1421,PRD132,Home & Kitchen,Milton,455.00,3,2024-04-23,Bengaluru
ORD14806,CUST1421,PRD167,Beauty,Biotique,522.00,1,2024-04-23,Bengaluru
ORD14807,CUST1381,PRD237,Electronics,Mi,1210.00,3,2024-04-23,Chennai
ORD14808,CUST1092,PRD264,Home & Kitchen,Prestige,518.00,1,2024-04-23,Mumbai
ORD14808,CUST1092,PRD140,Home & Kitchen,Prestige,2499.00,2,2024-04-23,Mumbai
ORD14809,CUST274,PRD225,Electronics,Samsung,469.00,1,2024-04-23,Mumbai
ORD14809,CUST274,PRD505,Beauty,Nivea,307.00,1,2024-04-23,Mumbai
ORD14810,CUST562,PRD140,Home & Kitchen,Prestige,2499.00,1,2024-04-23,Bengaluru
ORD14810,CUST562,PRD247,Sports,Campus,1130.00,2,2024-04-23,Bengaluru
ORD14811,CUST143,PRD600,Fashion,Allen Solly,763.00,1,2024-04-23,Delhi
ORD14811,CUST143,PRD410,Electronics,OnePlus,4071.00,1,2024-04-23,Delhi
ORD14812,CUST411,PRD483,Beauty,Lakme,162.00,1,2024-04-23,Delhi
ORD14812,CUST411,PRD163,Electronics,Realme,1801.00,1,2024-04-23,Delhi
ORD14812,CUST411,PRD225,Electronics,Samsung,469.00,4,2024-04-23,Delhi
ORD14813,CUST1133,PRD452,Home & Kitchen,Wonderchef,462.00,1,2024-04-23,Mumbai
ORD14814,CUST910,PRD562,Books,Westland,999.00,1,2024-04-24,Bengaluru
ORD14815,CUST469,PRD204,Electronics,Boat,1299.00,2,2024-04-24,Pune
ORD14816,CUST902,PRD238,Home & Kitchen,Borosil,948.00,2,2024-04-24,Hyderabad
ORD14817,CUST626,PRD519,Sports,Adidas,826.00,1,2024-04-24,Mumbai
ORD14817,CUST626,PRD174,Fashion,Bata,1462.00,1,2024-04-24,Mumbai
ORD14817,CUST626,PRD247,Sports,Campus,1130.00,1,2024-04-24,Mumbai
ORD14817,CUST626,PRD215,Sports,Campus,638.00,1,2024-04-24,Mumbai
ORD14818,CUST1169,PRD444,Electronics,Samsung,346.00,4,2024-04-24,Delhi
ORD14818,CUST1169,PRD142,Fashion,Peter England,1499.00,1,2024-04-24,Delhi
ORD14819,CUST867,PRD149,Electronics,Noise,4288.00,1,2024-04-24,Mumbai
ORD14820,CUST178,PRD163,Electronics,Realme,1801.00,1,2024-04-24,Mumbai
ORD14821,CUST783,PRD336,Electronics,Mi,185.00,1,2024-04-24,Bengaluru
ORD14822,CUST1397,PRD524,Beauty,Himalaya,249.00,3,2024-04-24,Mumbai
ORD14822,CUST1397,PRD577,Electronics,Mi,1502.00,2,2024-04-24,Mumbai
ORD14823,CUST498,PRD496,Sports,Yonex,1064.00,2,2024-04-24,Pune
ORD14823,CUST498,PRD029,Beauty,Lakme,431.00,3,2024-04-24,Pune
ORD14824,CUST1089,PRD391,Fashion,Bata,1999.00,1,2024-04-24,Kolkata
ORD14825,CUST302,PRD046,Home & Kitchen,Cello,2604.00,1,2024-04-24,Delhi
ORD14825,CUST302,PRD236,Home & Kitchen,Butterfly,1329.00,1,2024-04-24,Delhi
ORD14825,CUST302,PRD371,Beauty,Lakme,268.00,3,2024-04-24,Delhi
ORD14826,CUST871,PRD471,Home & Kitchen,Pigeon,1156.00,2,2024-04-24,Bengaluru
ORD14827,CUST988,PRD357,Home & Kitchen,Milton,918.00,1,2024-04-24,Bengaluru
ORD14828,CUST121,PRD245,Sports,Nike,3495.00,1,2024-04-24,Delhi
ORD14829,CUST1339,PRD235,Electronics,Boult,1773.00,1,2024-04-24,Pune
ORD14829,CUST1339,PRD514,Electronics,Samsung,170.00,2,2024-04-24,Pune
ORD14830,CUST1262,PRD496,Sports,Yonex,1064.00,2,2024-04-24,Kolkata
ORD14830,CUST1262,PRD174,Fashion,Bata,1462.00,1,2024-04-24,Kolkata
ORD14830,CUST1262,PRD324,Fashion,Allen Solly,843.00,2,2024-04-24,Kolkata
ORD14830,CUST1262,PRD240,Home & Kitchen,Pigeon,1232.00,1,2024-04-24,Kolkata
ORD14831,CUST801,PRD137,Home & Kitchen,Wonderchef,737.00,2,2024-04-24,Bengaluru
ORD14832,CUST1324,PRD012,Home & Kitchen,Cello,615.00,1,2024-04-24,Mumbai
ORD14832,CUST1324,PRD521,Beauty,Plum,303.00,1,2024-04-24,Mumbai
ORD14833,CUST554,PRD439,Electronics,Boat,394.00,1,2024-04-24,Bengaluru
ORD14834,CUST223,PRD379,Electronics,Realme,3493.00,1,2024-04-24,Mumbai
ORD14835,CUST138,PRD167,Beauty,Biotique,522.00,2,2024-04-24,Hyderabad
ORD14836,CUST1382,PRD251,Fashion,Puma,761.00,1,2024-04-24,Bengaluru
ORD14837,CUST764,PRD055,Beauty,Maybelline,497.00,3,2024-04-24,Bengaluru
ORD14838,CUST1100,PRD478,Electronics,OnePlus,1494.00,2,2024-04-24,Mumbai
ORD14839,CUST1272,PRD006,Beauty,Lakme,160.00,2,2024-04-24,Mumbai
ORD14839,CUST1272,PRD204,Electronics,Boat,1299.00,2,2024-04-24,Mumbai
ORD14839,CUST1272,PRD174,Fashion,Bata,1462.00,1,2024-04-24,Mumbai
ORD14839,CUST1272,PRD093,Fashion,Woodland,562.00,3,2024-04-24,Mumbai
ORD14840,CUST573,PRD437,Beauty,Himalaya,333.00,2,2024-04-24,Mumbai
ORD14841,CUST468,PRD304,Sports,Campus,1385.00,1,2024-04-24,Delhi
ORD14841,CUST468,PRD418,Home & Kitchen,Borosil,473.00,5,2024-04-24,Delhi
ORD14842,CUST377,PRD163,Electronics,Realme,1801.00,3,2024-04-24,Mumbai
ORD14843,CUST1133,PRD295,Books,Rupa,420.00,1,2024-04-24,Mumbai
ORD14844,CUST241,PRD332,Fashion,Biba,597.00,1,2024-04-24,Delhi
ORD14845,CUST315,PRD410,Electronics,OnePlus,4071.00,1,2024-04-24,Chennai
ORD14845,CUST315,PRD163,Electronics,Realme,1801.00,1,2024-04-24,Chennai
ORD14845,CUST315,PRD354,Electronics,Apple,474.00,6,2024-04-24,Chennai
ORD14845,CUST315,PRD286,Electronics,Noise,437.00,4,2024-04-24,Chennai
ORD14846,CUST858,PRD521,Beauty,Plum,303.00,2,2024-04-24,Chennai
ORD14847,CUST587,PRD129,Home & Kitchen,Pigeon,728.00,2,2024-04-24,Chennai
ORD14847,CUST587,PRD163,Electronics,Realme,1801.00,1,2024-04-24,Chennai
ORD14848,CUST461,PRD178,Beauty,Maybelline,1099.00,2,2024-04-24,Delhi
ORD14849,CUST1326,PRD163,Electronics,Realme,1801.00,1,2024-04-24,Delhi
ORD14849,CUST1326,PRD321,Beauty,Himalaya,237.00,4,2024-04-24,Delhi
ORD14849,CUST1326,PRD343,Home & Kitchen,Hawkins,805.00,1,2024-04-24,Delhi
ORD14850,CUST528,PRD407,Sports,Puma,235.00,1,2024-04-24,Pune
ORD14850,CUST528,PRD480,Sports,Nike,942.00,1,2024-04-24,Pune
ORD14851,CUST428,PRD422,Sports,Cosco,864.00,2,2024-04-24,Bengaluru
ORD14851,CUST428,PRD385,Electronics,OnePlus,2378.00,1,2024-04-24,Bengaluru
ORD14851,CUST428,PRD197,Sports,Cosco,3499.00,2,2024-04-24,Bengaluru
ORD14852,CUST323,PRD030,Electronics,Mi,1686.00,1,2024-04-24,Bengaluru
ORD14852,CUST323,PRD197,Sports,Cosco,3499.00,1,2024-04-24,Bengaluru
ORD14853,CUST1032,PRD152,Electronics,Sony,699.00,2,2024-04-24,Delhi
ORD14853,CUST1032,PRD264,Home & Kitchen,Prestige,518.00,2,2024-04-24,Delhi
ORD14853,CUST1032,PRD414,Beauty,Mamaearth,733.00,1,2024-04-24,Delhi
ORD14853,CUST1032,PRD163,Electronics,Realme,1801.00,1,2024-04-24,Delhi
ORD14854,CUST035,PRD250,Home & Kitchen,Pigeon,1541.00,1,2024-04-24,Hyderabad
ORD14854,CUST035,PRD480,Sports,Nike,942.00,1,2024-04-24,Hyderabad
ORD14855,CUST1024,PRD562,Books,Westland,999.00,1,2024-04-24,Bengaluru
ORD14855,CUST1024,PRD522,Fashion,Woodland,302.00,1,2024-04-24,Bengaluru
ORD14856,CUST249,PRD293,Fashion,Levis,499.00,2,2024-04-24,Hyderabad
ORD14857,CUST181,PRD439,Electronics,Boat,394.00,1,2024-04-24,Chennai
ORD14857,CUST181,PRD508,Electronics,Sony,1978.00,1,2024-04-24,Chennai
ORD14858,CUST968,PRD307,Books,Rupa,1199.00,1,2024-04-24,Delhi
ORD14859,CUST1040,PRD021,Fashion,Sparx,853.00,2,2024-04-24,Delhi
ORD14860,CUST1332,PRD440,Beauty,Maybelline,250.00,4,2024-04-24,Chennai
ORD14860,CUST1332,PRD210,Fashion,Sparx,599.00,1,2024-04-24,Chennai
ORD14860,CUST1332,PRD177,Fashion,Allen Solly,640.00,2,2024-04-24,Chennai
ORD14861,CUST595,PRD132,Home & Kitchen,Milton,455.00,1,2024-04-24,Delhi
ORD14862,CUST103,PRD039,Beauty,Himalaya,936.00,1,2024-04-24,Pune
ORD14863,CUST329,PRD110,Home & Kitchen,Cello,1832.00,1,2024-04-25,Chennai
ORD14863,CUST329,PRD083,Fashion,Sparx,627.00,1,2024-04-25,Chennai
ORD14864,CUST976,PRD111,Beauty,Nivea,266.00,2,2024-04-25,Mumbai
ORD14864,CUST976,PRD028,Electronics,Mi,576.00,1,2024-04-25,Mumbai
ORD14864,CUST976,PRD208,Electronics,Boult,7315.00,1,2024-04-25,Mumbai
ORD14864,CUST976,PRD464,Books,Bloomsbury,502.00,2,2024-04-25,Mumbai
ORD14865,CUST1056,PRD511,Electronics,Boult,1972.00,1,2024-04-25,Ahmedabad
ORD14865,CUST1056,PRD447,Fashion,Sparx,974.00,3,2024-04-25,Ahmedabad
ORD14866,CUST1211,PRD319,Fashion,Peter England,1416.00,1,2024-04-25,Mumbai
ORD14866,CUST1211,PRD055,Beauty,Maybelline,497.00,2,2024-04-25,Mumbai
ORD14867,CUST1033,PRD066,Electronics,JBL,487.00,3,2024-04-25,Chennai
ORD14867,CUST1033,PRD295,Books,Rupa,420.00,1,2024-04-25,Chennai
ORD14867,CUST1033,PRD559,Sports,Nivia,899.00,2,2024-04-25,Chennai
ORD14868,CUST1122,PRD197,Sports,Cosco,3499.00,1,2024-04-25,Pune
ORD14869,CUST410,PRD463,Beauty,Plum,432.00,1,2024-04-25,Mumbai
ORD14870,CUST516,PRD181,Home & Kitchen,Wonderchef,1046.00,1,2024-04-25,Chennai
ORD14871,CUST020,PRD563,Electronics,Samsung,443.00,2,2024-04-25,Chennai
ORD14872,CUST1125,PRD129,Home & Kitchen,Pigeon,728.00,1,2024-04-25,Delhi
ORD14872,CUST1125,PRD159,Home & Kitchen,Borosil,573.00,2,2024-04-25,Delhi
ORD14873,CUST1098,PRD197,Sports,Cosco,3499.00,1,2024-04-25,Delhi
ORD14874,CUST1154,PRD343,Home & Kitchen,Hawkins,805.00,1,2024-04-25,Bengaluru
ORD14874,CUST1154,PRD500,Electronics,Samsung,18999.00,1,2024-04-25,Bengaluru
ORD14875,CUST128,PRD468,Electronics,Mi,1890.00,1,2024-04-25,Delhi
ORD14875,CUST128,PRD506,Fashion,Allen Solly,745.00,1,2024-04-25,Delhi
ORD14876,CUST910,PRD599,Electronics,Samsung,1030.00,1,2024-04-25,Bengaluru
ORD14877,CUST198,PRD577,Electronics,Mi,1502.00,1,2024-04-25,Ahmedabad
ORD14878,CUST811,PRD498,Fashion,Levis,2999.00,1,2024-04-25,Kolkata
ORD14878,CUST811,PRD476,Home & Kitchen,Wonderchef,1186.00,2,2024-04-25,Kolkata
ORD14879,CUST126,PRD378,Sports,Campus,2214.00,1,2024-04-25,Bengaluru
ORD14880,CUST1420,PRD386,Fashion,Bata,1023.00,1,2024-04-25,Chennai
ORD14881,CUST253,PRD414,Beauty,Mamaearth,733.00,2,2024-04-25,Mumbai
ORD14881,CUST253,PRD475,Fashion,Peter England,1447.00,1,2024-04-25,Mumbai
ORD14881,CUST253,PRD058,Electronics,Mi,2999.00,1,2024-04-25,Mumbai
ORD14882,CUST365,PRD198,Electronics,Samsung,341.00,1,2024-04-25,Delhi
ORD14882,CUST365,PRD340,Fashion,Peter England,1499.00,1,2024-04-25,Delhi
ORD14882,CUST365,PRD168,Home & Kitchen,Prestige,1522.00,1,2024-04-25,Delhi
ORD14883,CUST882,PRD400,Fashion,Sparx,1492.00,1,2024-04-25,Bengaluru
ORD14883,CUST882,PRD588,Electronics,JBL,3249.00,2,2024-04-25,Bengaluru
ORD14883,CUST882,PRD030,Electronics,Mi,1686.00,3,2024-04-25,Bengaluru
ORD14883,CUST882,PRD140,Home & Kitchen,Prestige,2499.00,1,2024-04-25,Bengaluru
ORD14884,CUST536,PRD572,Electronics,Apple,1534.00,2,2024-04-25,Bengaluru
ORD14885,CUST1452,PRD030,Electronics,Mi,1686.00,1,2024-04-25,Ahmedabad
ORD14886,CUST1163,PRD368,Electronics,JBL,955.00,1,2024-04-25,Delhi
ORD14887,CUST136,PRD150,Beauty,Maybelline,726.00,3,2024-04-25,Delhi
ORD14888,CUST279,PRD072,Books,Aleph,226.00,3,2024-04-25,Mumbai
ORD14888,CUST279,PRD107,Electronics,JBL,844.00,1,2024-04-25,Mumbai
ORD14889,CUST664,PRD006,Beauty,Lakme,160.00,3,2024-04-25,Hyderabad
ORD14890,CUST835,PRD137,Home & Kitchen,Wonderchef,737.00,2,2024-04-25,Kolkata
ORD14891,CUST1306,PRD405,Beauty,Maybelline,227.00,2,2024-04-25,Delhi
ORD14892,CUST391,PRD327,Electronics,OnePlus,457.00,3,2024-04-25,Pune
ORD14893,CUST904,PRD036,Electronics,JBL,313.00,4,2024-04-25,Ahmedabad
ORD14893,CUST904,PRD444,Electronics,Samsung,346.00,6,2024-04-25,Ahmedabad
ORD14893,CUST904,PRD525,Books,Bloomsbury,699.00,2,2024-04-25,Ahmedabad
ORD14893,CUST904,PRD564,Fashion,Peter England,647.00,1,2024-04-25,Ahmedabad
ORD14894,CUST1134,PRD203,Sports,Campus,720.00,2,2024-04-25,Mumbai
ORD14894,CUST1134,PRD093,Fashion,Woodland,562.00,3,2024-04-25,Mumbai
ORD14894,CUST1134,PRD512,Books,Westland,374.00,5,2024-04-25,Mumbai
ORD14894,CUST1134,PRD379,Electronics,Realme,3493.00,1,2024-04-25,Mumbai
ORD14895,CUST435,PRD129,Home & Kitchen,Pigeon,728.00,2,2024-04-25,Delhi
ORD14896,CUST1437,PRD255,Books,Rupa,223.00,5,2024-04-25,Bengaluru
ORD14897,CUST1047,PRD206,Books,Rupa,458.00,1,2024-04-25,Mumbai
ORD14897,CUST1047,PRD332,Fashion,Biba,597.00,1,2024-04-25,Mumbai
ORD14898,CUST784,PRD583,Fashion,Biba,735.00,1,2024-04-25,Hyderabad
ORD14899,CUST177,PRD129,Home & Kitchen,Pigeon,728.00,2,2024-04-25,Mumbai
ORD14899,CUST177,PRD340,Fashion,Peter England,1499.00,2,2024-04-25,Mumbai
ORD14899,CUST177,PRD575,Sports,Cosco,2199.00,1,2024-04-25,Mumbai
ORD14899,CUST177,PRD006,Beauty,Lakme,160.00,3,2024-04-25,Mumbai
ORD14900,CUST902,PRD077,Electronics,Samsung,3801.00,1,2024-04-25,Hyderabad
ORD14901,CUST297,PRD354,Electronics,Apple,474.00,2,2024-04-25,Bengaluru
ORD14902,CUST140,PRD163,Electronics,Realme,1801.00,2,2024-04-25,Mumbai
ORD14903,CUST1294,PRD493,Home & Kitchen,Milton,722.00,1,2024-04-25,Kolkata
ORD14904,CUST1129,PRD177,Fashion,Allen Solly,640.00,1,2024-04-25,Pune
ORD14904,CUST1129,PRD445,Electronics,Samsung,236.00,1,2024-04-25,Pune
ORD14905,CUST179,PRD445,Electronics,Samsung,236.00,6,2024-04-25,Ahmedabad
ORD14905,CUST179,PRD049,Home & Kitchen,Milton,1532.00,1,2024-04-25,Ahmedabad
ORD14906,CUST562,PRD140,Home & Kitchen,Prestige,2499.00,1,2024-04-25,Bengaluru
ORD14906,CUST562,PRD517,Fashion,Biba,1273.00,1,2024-04-25,Bengaluru
ORD14907,CUST268,PRD563,Electronics,Samsung,443.00,1,2024-04-25,Chennai
ORD14907,CUST268,PRD149,Electronics,Noise,4288.00,2,2024-04-25,Chennai
ORD14907,CUST268,PRD026,Home & Kitchen,Milton,781.00,2,2024-04-25,Chennai
ORD14908,CUST1289,PRD381,Fashion,Peter England,406.00,4,2024-04-25,Hyderabad
ORD14908,CUST1289,PRD081,Home & Kitchen,Hawkins,616.00,1,2024-04-25,Hyderabad
ORD14909,CUST050,PRD417,Electronics,Boult,467.00,1,2024-04-25,Bengaluru
ORD14910,CUST1073,PRD285,Electronics,Sony,613.00,2,2024-04-25,Chennai
ORD14910,CUST1073,PRD324,Fashion,Allen Solly,843.00,1,2024-04-25,Chennai
ORD14911,CUST638,PRD173,Sports,Cosco,555.00,1,2024-04-25,Bengaluru
ORD14911,CUST638,PRD107,Electronics,JBL,844.00,1,2024-04-25,Bengaluru
ORD14912,CUST1306,PRD323,Fashion,Woodland,312.00,2,2024-04-26,Delhi
ORD14913,CUST718,PRD560,Electronics,Samsung,2449.00,1,2024-04-26,Delhi
ORD14913,CUST718,PRD174,Fashion,Bata,1462.00,1,2024-04-26,Delhi
ORD14914,CUST1052,PRD391,Fashion,Bata,1999.00,1,2024-04-26,Chennai
ORD14914,CUST1052,PRD536,Home & Kitchen,Butterfly,4499.00,1,2024-04-26,Chennai
ORD14914,CUST1052,PRD177,Fashion,Allen Solly,640.00,1,2024-04-26,Chennai
ORD14914,CUST1052,PRD247,Sports,Campus,1130.00,1,2024-04-26,Chennai
ORD14915,CUST1258,PRD197,Sports,Cosco,3499.00,1,2024-04-26,Delhi
ORD14916,CUST013,PRD031,Beauty,Lakme,547.00,1,2024-04-26,Chennai
ORD14917,CUST295,PRD128,Books,Rupa,218.00,4,2024-04-26,Mumbai
ORD14918,CUST1134,PRD171,Beauty,Lakme,599.00,1,2024-04-26,Mumbai
ORD14918,CUST1134,PRD443,Fashion,Puma,437.00,3,2024-04-26,Mumbai
ORD14919,CUST324,PRD301,Electronics,Boult,813.00,1,2024-04-26,Pune
ORD14920,CUST814,PRD134,Electronics,OnePlus,346.00,2,2024-04-26,Bengaluru
ORD14921,CUST850,PRD174,Fashion,Bata,1462.00,1,2024-04-26,Mumbai
ORD14922,CUST710,PRD090,Fashion,Biba,621.00,1,2024-04-26,Mumbai
ORD14922,CUST710,PRD140,Home & Kitchen,Prestige,2499.00,1,2024-04-26,Mumbai
ORD14922,CUST710,PRD524,Beauty,Himalaya,249.00,2,2024-04-26,Mumbai
ORD14922,CUST710,PRD343,Home & Kitchen,Hawkins,805.00,2,2024-04-26,Mumbai
ORD14923,CUST1013,PRD486,Electronics,Sony,907.00,2,2024-04-26,Bengaluru
ORD14924,CUST313,PRD572,Electronics,Apple,1534.00,2,2024-04-26,Bengaluru
ORD14925,CUST075,PRD417,Electronics,Boult,467.00,1,2024-04-26,Mumbai
ORD14925,CUST075,PRD380,Home & Kitchen,Cello,1074.00,3,2024-04-26,Mumbai
ORD14926,CUST905,PRD215,Sports,Campus,638.00,1,2024-04-26,Chennai
ORD14927,CUST981,PRD595,Fashion,Sparx,934.00,1,2024-04-26,Mumbai
ORD14928,CUST826,PRD329,Electronics,OnePlus,1419.00,1,2024-04-26,Kolkata
ORD14929,CUST1270,PRD222,Home & Kitchen,Cello,968.00,1,2024-04-26,Pune
ORD14930,CUST502,PRD401,Electronics,Realme,1790.00,1,2024-04-26,Ahmedabad
ORD14931,CUST1096,PRD006,Beauty,Lakme,160.00,3,2024-04-26,Delhi
ORD14932,CUST055,PRD326,Fashion,Bata,547.00,2,2024-04-26,Hyderabad
ORD14932,CUST055,PRD092,Beauty,Maybelline,184.00,5,2024-04-26,Hyderabad
ORD14932,CUST055,PRD163,Electronics,Realme,1801.00,2,2024-04-26,Hyderabad
ORD14933,CUST789,PRD447,Fashion,Sparx,974.00,2,2024-04-26,Chennai
ORD14934,CUST996,PRD385,Electronics,OnePlus,2378.00,1,2024-04-26,Bengaluru
ORD14934,CUST996,PRD215,Sports,Campus,638.00,1,2024-04-26,Bengaluru
ORD14934,CUST996,PRD140,Home & Kitchen,Prestige,2499.00,1,2024-04-26,Bengaluru
ORD14935,CUST932,PRD129,Home & Kitchen,Pigeon,728.00,1,2024-04-26,Pune
ORD14936,CUST064,PRD197,Sports,Cosco,3499.00,1,2024-04-26,Bengaluru
ORD14937,CUST561,PRD329,Electronics,OnePlus,1419.00,3,2024-04-26,Mumbai
ORD14938,CUST641,PRD129,Home & Kitchen,Pigeon,728.00,3,2024-04-26,Hyderabad
ORD14939,CUST499,PRD163,Electronics,Realme,1801.00,3,2024-04-26,Pune
ORD14939,CUST499,PRD581,Fashion,Woodland,637.00,1,2024-04-26,Pune
ORD14939,CUST499,PRD208,Electronics,Boult,7315.00,1,2024-04-26,Pune
ORD14939,CUST499,PRD014,Sports,Yonex,1280.00,2,2024-04-26,Pune
ORD14940,CUST099,PRD344,Beauty,Lakme,222.00,3,2024-04-26,Mumbai
ORD14941,CUST1033,PRD343,Home & Kitchen,Hawkins,805.00,2,2024-04-26,Chennai
ORD14941,CUST1033,PRD304,Sports,Campus,1385.00,1,2024-04-26,Chennai
ORD14941,CUST1033,PRD162,Beauty,Nivea,177.00,2,2024-04-26,Chennai
ORD14942,CUST922,PRD358,Electronics,Apple,205.00,1,2024-04-26,Delhi
ORD14942,CUST922,PRD508,Electronics,Sony,1978.00,2,2024-04-26,Delhi
ORD14943,CUST975,PRD555,Electronics,Boult,2277.00,1,2024-04-26,Hyderabad
ORD14944,CUST024,PRD407,Sports,Puma,235.00,3,2024-04-26,Hyderabad
ORD14945,CUST830,PRD575,Sports,Cosco,2199.00,1,2024-04-26,Bengaluru
ORD14945,CUST830,PRD507,Books,Aleph,640.00,1,2024-04-26,Bengaluru
ORD14946,CUST682,PRD506,Fashion,Allen Solly,745.00,1,2024-04-26,Delhi
ORD14946,CUST682,PRD174,Fashion,Bata,1462.00,1,2024-04-26,Delhi
ORD14946,CUST682,PRD443,Fashion,Puma,437.00,1,2024-04-26,Delhi
ORD14947,CUST937,PRD539,Electronics,Realme,956.00,1,2024-04-26,Bengaluru
ORD14947,CUST937,PRD163,Electronics,Realme,1801.00,2,2024-04-26,Bengaluru
ORD14947,CUST937,PRD197,Sports,Cosco,3499.00,1,2024-04-26,Bengaluru
ORD14948,CUST1003,PRD444,Electronics,Samsung,346.00,1,2024-04-26,Mumbai
ORD14949,CUST296,PRD416,Electronics,Boat,1236.00,1,2024-04-26,Hyderabad
ORD14950,CUST811,PRD577,Electronics,Mi,1502.00,1,2024-04-26,Kolkata
ORD14950,CUST811,PRD045,Fashion,Sparx,959.00,1,2024-04-26,Kolkata
ORD14950,CUST811,PRD057,Electronics,Sony,1157.00,1,2024-04-26,Kolkata
ORD14951,CUST166,PRD577,Electronics,Mi,1502.00,2,2024-04-26,Mumbai
ORD14952,CUST420,PRD521,Beauty,Plum,303.00,1,2024-04-26,Delhi
ORD14952,CUST420,PRD006,Beauty,Lakme,160.00,1,2024-04-26,Delhi
ORD14953,CUST214,PRD461,Fashion,Peter England,1071.00,1,2024-04-26,Bengaluru
ORD14954,CUST325,PRD396,Electronics,OnePlus,887.00,3,2024-04-26,Mumbai
ORD14955,CUST652,PRD046,Home & Kitchen,Cello,2604.00,1,2024-04-26,Kolkata
ORD14956,CUST764,PRD203,Sports,Campus,720.00,3,2024-04-26,Bengaluru
ORD14957,CUST014,PRD154,Beauty,Lakme,404.00,1,2024-04-26,Pune
ORD14958,CUST1186,PRD163,Electronics,Realme,1801.00,1,2024-04-26,Delhi
ORD14959,CUST1398,PRD322,Sports,Puma,1255.00,1,2024-04-26,Bengaluru
ORD14959,CUST1398,PRD303,Electronics,Boult,392.00,1,2024-04-26,Bengaluru
ORD14959,CUST1398,PRD185,Fashion,Woodland,444.00,2,2024-04-26,Bengaluru
ORD14960,CUST158,PRD208,Electronics,Boult,7315.00,1,2024-04-26,Bengaluru
ORD14960,CUST158,PRD035,Home & Kitchen,Hawkins,438.00,1,2024-04-26,Bengaluru
ORD14960,CUST158,PRD432,Home & Kitchen,Pigeon,1110.00,1,2024-04-26,Bengaluru
ORD14961,CUST1282,PRD220,Books,Westland,415.00,6,2024-04-26,Delhi
ORD14961,CUST1282,PRD445,Electronics,Samsung,236.00,2,2024-04-26,Delhi
ORD14961,CUST1282,PRD218,Sports,Cosco,263.00,2,2024-04-26,Delhi
ORD14962,CUST250,PRD129,Home & Kitchen,Pigeon,728.00,2,2024-04-26,Delhi
ORD14962,CUST250,PRD046,Home & Kitchen,Cello,2604.00,1,2024-04-26,Delhi
ORD14962,CUST250,PRD385,Electronics,OnePlus,2378.00,1,2024-04-26,Delhi
ORD14963,CUST911,PRD177,Fashion,Allen Solly,640.00,1,2024-04-27,Mumbai
ORD14964,CUST680,PRD461,Fashion,Peter England,1071.00,3,2024-04-27,Bengaluru
ORD14964,CUST680,PRD316,Home & Kitchen,Milton,458.00,1,2024-04-27,Bengaluru
ORD14965,CUST444,PRD129,Home & Kitchen,Pigeon,728.00,1,2024-04-27,Mumbai
ORD14965,CUST444,PRD204,Electronics,Boat,1299.00,2,2024-04-27,Mumbai
ORD14966,CUST390,PRD525,Books,Bloomsbury,699.00,1,2024-04-27,Bengaluru
ORD14967,CUST1281,PRD177,Fashion,Allen Solly,640.00,1,2024-04-27,Mumbai
ORD14967,CUST1281,PRD070,Home & Kitchen,Wonderchef,1246.00,1,2024-04-27,Mumbai
ORD14967,CUST1281,PRD271,Home & Kitchen,Cello,404.00,2,2024-04-27,Mumbai
ORD14968,CUST1004,PRD521,Beauty,Plum,303.00,1,2024-04-27,Kolkata
ORD14969,CUST568,PRD076,Sports,Nivia,579.00,1,2024-04-27,Bengaluru
ORD14970,CUST1243,PRD295,Books,Rupa,420.00,1,2024-04-27,Hyderabad
ORD14971,CUST1410,PRD513,Sports,Decathlon,3680.00,1,2024-04-27,Mumbai
ORD14972,CUST071,PRD286,Electronics,Noise,437.00,1,2024-04-27,Bengaluru
ORD14973,CUST509,PRD171,Beauty,Lakme,599.00,1,2024-04-27,Ahmedabad
ORD14974,CUST902,PRD033,Electronics,Mi,160.00,1,2024-04-27,Hyderabad
ORD14975,CUST250,PRD363,Home & Kitchen,,399.00,1,2024-04-27,Delhi
ORD14976,CUST378,PRD046,Home & Kitchen,Cello,2604.00,1,2024-04-27,Bengaluru
ORD14976,CUST378,PRD523,Electronics,Apple,1042.00,2,2024-04-27,Bengaluru
ORD14977,CUST1046,PRD508,Electronics,Sony,1978.00,2,2024-04-27,Hyderabad
ORD14978,CUST310,PRD500,Electronics,Samsung,18999.00,1,2024-04-27,Mumbai
ORD14979,CUST1417,PRD521,Beauty,Plum,303.00,5,2024-04-27,Bengaluru
ORD14979,CUST1417,PRD177,Fashion,Allen Solly,640.00,1,2024-04-27,Bengaluru
ORD14979,CUST1417,PRD295,Books,Rupa,420.00,1,2024-04-27,Bengaluru
ORD14979,CUST1417,PRD302,Books,Penguin,361.00,1,2024-04-27,Bengaluru
ORD14980,CUST533,PRD464,Books,Bloomsbury,502.00,1,2024-04-27,Delhi
ORD14981,CUST732,PRD159,Home & Kitchen,Borosil,573.00,1,2024-04-27,Delhi
ORD14982,CUST983,PRD289,Electronics,Boult,826.00,1,2024-04-27,Kolkata
ORD14982,CUST983,PRD006,Beauty,Lakme,160.00,1,2024-04-27,Kolkata
ORD14982,CUST983,PRD508,Electronics,Sony,1978.00,1,2024-04-27,Kolkata
ORD14983,CUST866,PRD394,Home & Kitchen,Butterfly,1799.00,1,2024-04-27,Pune
ORD14983,CUST866,PRD163,Electronics,Realme,1801.00,1,2024-04-27,Pune
ORD14984,CUST143,PRD194,Electronics,Apple,821.00,1,2024-04-27,Delhi
ORD14984,CUST143,PRD174,Fashion,Bata,1462.00,1,2024-04-27,Delhi
ORD14985,CUST661,PRD419,Electronics,Boat,849.00,1,2024-04-27,Mumbai
ORD14986,CUST1369,PRD177,Fashion,Allen Solly,640.00,1,2024-04-27,Mumbai
ORD14987,CUST352,PRD163,Electronics,Realme,1801.00,1,2024-04-27,Pune
ORD14987,CUST352,PRD137,Home & Kitchen,Wonderchef,737.00,1,2024-04-27,Pune
ORD14987,CUST352,PRD065,Electronics,Sony,211.00,2,2024-04-27,Pune
ORD14988,CUST669,PRD543,Fashion,Woodland,511.00,1,2024-04-27,Bengaluru
ORD14989,CUST386,PRD500,Electronics,Samsung,18999.00,1,2024-04-27,Kolkata
ORD14989,CUST386,PRD461,Fashion,Peter England,1071.00,1,2024-04-27,Kolkata
ORD14990,CUST1333,PRD280,Electronics,Apple,4376.00,1,2024-04-27,Bengaluru
ORD14990,CUST1333,PRD327,Electronics,OnePlus,457.00,1,2024-04-27,Bengaluru
ORD14991,CUST1052,PRD225,Electronics,Samsung,469.00,1,2024-04-27,Chennai
ORD14991,CUST1052,PRD513,Sports,Decathlon,3680.00,1,2024-04-27,Chennai
ORD14992,CUST1317,PRD596,Electronics,Sony,440.00,1,2024-04-27,Delhi
ORD14992,CUST1317,PRD488,Beauty,Maybelline,409.00,2,2024-04-27,Delhi
ORD14992,CUST1317,PRD574,Electronics,Mi,318.00,3,2024-04-27,Delhi
ORD14992,CUST1317,PRD490,Electronics,Mi,1499.00,1,2024-04-27,Delhi
ORD14993,CUST1027,PRD295,Books,Rupa,420.00,1,2024-04-27,Ahmedabad
ORD14994,CUST612,PRD552,Beauty,Nivea,154.00,2,2024-04-27,Kolkata
ORD14994,CUST612,PRD163,Electronics,Realme,1801.00,1,2024-04-27,Kolkata
ORD14995,CUST411,PRD500,Electronics,Samsung,18999.00,1,2024-04-27,Delhi
ORD14996,CUST1386,PRD407,Sports,Puma,235.00,4,2024-04-27,Delhi
ORD14997,CUST1131,PRD522,Fashion,Woodland,302.00,1,2024-04-27,Chennai
ORD14998,CUST575,PRD444,Electronics,Samsung,346.00,1,2024-04-27,Hyderabad
ORD14999,CUST372,PRD391,Fashion,Bata,1999.00,1,2024-04-27,Delhi
ORD15000,CUST975,PRD454,Home & Kitchen,Milton,385.00,2,2024-04-27,Hyderabad
ORD15001,CUST1431,PRD423,Home & Kitchen,Pigeon,623.00,1,2024-04-27,Kolkata
ORD15002,CUST923,PRD455,Electronics,Noise,1484.00,1,2024-04-27,Mumbai
ORD15003,CUST906,PRD521,Beauty,Plum,303.00,1,2024-04-27,Kolkata
ORD15004,CUST597,PRD331,Fashion,Allen Solly,801.00,1,2024-04-27,Bengaluru
ORD15004,CUST597,PRD249,Fashion,Levis,335.00,2,2024-04-27,Bengaluru
ORD15005,CUST745,PRD262,Electronics,Apple,3501.00,1,2024-04-27,Mumbai
ORD15006,CUST1037,PRD090,Fashion,Biba,621.00,1,2024-04-27,Delhi
ORD15007,CUST1186,PRD565,Electronics,Samsung,941.00,1,2024-04-27,Delhi
ORD15007,CUST1186,PRD282,Fashion,Levis,846.00,1,2024-04-27,Delhi
ORD15008,CUST230,PRD137,Home & Kitchen,Wonderchef,737.00,1,2024-04-27,Kolkata
ORD15008,CUST230,PRD463,Beauty,,432.00,1,2024-04-27,Kolkata
ORD15008,CUST230,PRD434,Home & Kitchen,Cello,2260.00,1,2024-04-27,Kolkata
ORD15009,CUST355,PRD365,Home & Kitchen,Butterfly,960.00,1,2024-04-27,Ahmedabad
ORD15010,CUST366,PRD126,Sports,Decathlon,1107.00,1,2024-04-27,Delhi
ORD15011,CUST1011,PRD110,Home & Kitchen,Cello,1832.00,1,2024-04-27,Mumbai
ORD15011,CUST1011,PRD197,Sports,Cosco,3499.00,1,2024-04-27,Mumbai
ORD15012,CUST186,PRD273,Books,Bloomsbury,1199.00,1,2024-04-27,Pune
ORD15012,CUST186,PRD017,Electronics,Boat,1299.00,1,2024-04-27,Pune
ORD15013,CUST1193,PRD127,Beauty,Biotique,208.00,1,2024-04-27,Mumbai
ORD15014,CUST1376,PRD577,Electronics,Mi,1502.00,1,2024-04-27,Hyderabad
ORD15014,CUST1376,PRD225,Electronics,Samsung,469.00,3,2024-04-27,Hyderabad
ORD15015,CUST924,PRD375,Home & Kitchen,Borosil,633.00,2,2024-04-27,Chennai
ORD15016,CUST354,PRD152,Electronics,Sony,699.00,1,2024-04-27,Hyderabad
ORD15017,CUST1259,PRD286,Electronics,Noise,437.00,1,2024-04-28,Mumbai
ORD15018,CUST1131,PRD232,Fashion,,822.00,1,2024-04-28,Chennai
ORD15018,CUST1131,PRD274,Beauty,Himalaya,188.00,1,2024-04-28,Chennai
ORD15018,CUST1131,PRD127,Beauty,Biotique,208.00,1,2024-04-28,Chennai
ORD15018,CUST1131,PRD522,Fashion,Woodland,302.00,3,2024-04-28,Chennai
ORD15019,CUST732,PRD152,Electronics,Sony,699.00,2,2024-04-28,Delhi
ORD15020,CUST754,PRD464,Books,Bloomsbury,502.00,1,2024-04-28,Delhi
ORD15021,CUST1351,PRD307,Books,Rupa,1199.00,1,2024-04-28,Mumbai
ORD15022,CUST931,PRD322,Sports,Puma,1255.00,1,2024-04-28,Hyderabad
ORD15023,CUST409,PRD309,Electronics,Boult,1127.00,1,2024-04-28,Mumbai
ORD15023,CUST409,PRD140,Home & Kitchen,Prestige,2499.00,1,2024-04-28,Mumbai
ORD15023,CUST409,PRD109,Electronics,OnePlus,160.00,3,2024-04-28,Mumbai
ORD15024,CUST1056,PRD093,Fashion,Woodland,562.00,2,2024-04-28,Ahmedabad
ORD15025,CUST631,PRD488,Beauty,Maybelline,409.00,1,2024-04-28,Hyderabad
ORD15026,CUST591,PRD264,Home & Kitchen,Prestige,518.00,1,2024-04-28,Pune
ORD15027,CUST1074,PRD475,Fashion,Peter England,1447.00,1,2024-04-28,Kolkata
ORD15028,CUST470,PRD274,Beauty,Himalaya,188.00,1,2024-04-28,Kolkata
ORD15028,CUST470,PRD381,Fashion,Peter England,406.00,3,2024-04-28,Kolkata
ORD15029,CUST792,PRD513,Sports,Decathlon,3680.00,1,2024-04-28,Pune
ORD15030,CUST1163,PRD135,Books,Westland,243.00,6,2024-04-28,Delhi
ORD15031,CUST1458,PRD166,Electronics,Boult,1527.00,2,2024-04-28,Bengaluru
ORD15031,CUST1458,PRD046,Home & Kitchen,Cello,2604.00,1,2024-04-28,Bengaluru
ORD15031,CUST1458,PRD204,Electronics,Boat,1299.00,1,2024-04-28,Bengaluru
ORD15031,CUST1458,PRD444,Electronics,Samsung,346.00,2,2024-04-28,Bengaluru
ORD15032,CUST060,PRD509,Electronics,Noise,1956.00,2,2024-04-28,Mumbai
ORD15032,CUST060,PRD076,Sports,Nivia,579.00,1,2024-04-28,Mumbai
ORD15033,CUST029,PRD417,Electronics,Boult,467.00,1,2024-04-28,Mumbai
ORD15034,CUST1209,PRD126,Sports,Decathlon,1107.00,1,2024-04-28,Pune
ORD15034,CUST1209,PRD336,Electronics,Mi,185.00,1,2024-04-28,Pune
ORD15035,CUST534,PRD148,Electronics,Realme,455.00,5,2024-04-28,Ahmedabad
ORD15036,CUST172,PRD193,Sports,Nivia,1965.00,2,2024-04-28,Hyderabad
ORD15037,CUST641,PRD285,Electronics,Sony,613.00,2,2024-04-28,Hyderabad
ORD15037,CUST641,PRD444,Electronics,Samsung,346.00,3,2024-04-28,Hyderabad
ORD15038,CUST1482,PRD562,Books,Westland,999.00,3,2024-04-28,Bengaluru
ORD15039,CUST766,PRD538,Sports,Nivia,347.00,5,2024-04-28,Mumbai
ORD15040,CUST442,PRD263,Electronics,JBL,1847.00,1,2024-04-28,Mumbai
ORD15041,CUST1257,PRD292,Home & Kitchen,Cello,2099.00,2,2024-04-28,Ahmedabad
ORD15042,CUST1419,PRD209,Home & Kitchen,Pigeon,503.00,1,2024-04-28,Pune
ORD15042,CUST1419,PRD035,Home & Kitchen,Hawkins,438.00,2,2024-04-28,Pune
ORD15043,CUST206,PRD521,Beauty,Plum,303.00,1,2024-04-28,Mumbai
ORD15043,CUST206,PRD108,Sports,,899.00,1,2024-04-28,Mumbai
ORD15044,CUST628,PRD204,Electronics,Boat,1299.00,1,2024-04-28,Mumbai
ORD15045,CUST1448,PRD484,Beauty,Himalaya,150.00,1,2024-04-28,Pune
ORD15046,CUST345,PRD522,Fashion,Woodland,302.00,1,2024-04-28,Hyderabad
ORD15046,CUST345,PRD499,Home & Kitchen,Milton,1157.00,1,2024-04-28,Hyderabad
ORD15046,CUST345,PRD425,Electronics,Realme,1566.00,1,2024-04-28,Hyderabad
ORD15047,CUST1178,PRD286,Electronics,Noise,437.00,4,2024-04-28,Bengaluru
ORD15047,CUST1178,PRD129,Home & Kitchen,Pigeon,728.00,1,2024-04-28,Bengaluru
ORD15047,CUST1178,PRD153,Electronics,Apple,1631.00,1,2024-04-28,Bengaluru
ORD15047,CUST1178,PRD054,Sports,Nike,1327.00,1,2024-04-28,Bengaluru
ORD15048,CUST1105,PRD427,Beauty,Biotique,217.00,5,2024-04-28,Delhi
ORD15049,CUST905,PRD296,Fashion,Biba,976.00,3,2024-04-28,Chennai
ORD15050,CUST069,PRD600,Fashion,Allen Solly,763.00,1,2024-04-28,Mumbai
ORD15051,CUST664,PRD180,Home & Kitchen,Cello,835.00,1,2024-04-28,Hyderabad
ORD15051,CUST664,PRD212,Electronics,Boult,149.00,4,2024-04-28,Hyderabad
ORD15051,CUST664,PRD317,Home & Kitchen,Butterfly,2280.00,1,2024-04-28,Hyderabad
ORD15052,CUST666,PRD107,Electronics,JBL,844.00,1,2024-04-28,Chennai
ORD15053,CUST1342,PRD247,Sports,Campus,1130.00,1,2024-04-28,Delhi
ORD15054,CUST659,PRD098,Fashion,Peter England,1499.00,2,2024-04-28,Ahmedabad
ORD15054,CUST659,PRD191,Fashion,Levis,651.00,1,2024-04-28,Ahmedabad
ORD15055,CUST938,PRD326,Fashion,Bata,547.00,2,2024-04-28,Pune
ORD15055,CUST938,PRD076,Sports,Nivia,579.00,3,2024-04-28,Pune
ORD15056,CUST070,PRD493,Home & Kitchen,Milton,722.00,1,2024-04-28,Chennai
ORD15057,CUST512,PRD382,Electronics,Realme,247.00,4,2024-04-28,Bengaluru
ORD15057,CUST512,PRD184,Fashion,Sparx,745.00,1,2024-04-28,Bengaluru
ORD15057,CUST512,PRD381,Fashion,Peter England,406.00,1,2024-04-28,Bengaluru
ORD15058,CUST795,PRD140,Home & Kitchen,Prestige,2499.00,1,2024-04-28,Bengaluru
ORD15058,CUST795,PRD183,Books,Aleph,566.00,2,2024-04-28,Bengaluru
ORD15058,CUST795,PRD591,Books,Bloomsbury,258.00,4,2024-04-28,Bengaluru
ORD15059,CUST435,PRD197,Sports,Cosco,3499.00,1,2024-04-28,Delhi
ORD15060,CUST896,PRD513,Sports,Decathlon,3680.00,2,2024-04-28,Hyderabad
ORD15061,CUST728,PRD374,Electronics,Samsung,1706.00,1,2024-04-28,Bengaluru
ORD15062,CUST217,PRD069,Fashion,Woodland,1644.00,1,2024-04-28,Mumbai
ORD15063,CUST629,PRD125,Fashion,Allen Solly,852.00,2,2024-04-29,Delhi
ORD15063,CUST629,PRD271,Home & Kitchen,Cello,404.00,1,2024-04-29,Delhi
ORD15064,CUST1380,PRD129,Home & Kitchen,Pigeon,728.00,1,2024-04-29,Delhi
ORD15065,CUST472,PRD342,Books,Westland,462.00,1,2024-04-29,Delhi
ORD15066,CUST163,PRD585,Beauty,Nivea,192.00,1,2024-04-29,Mumbai
ORD15067,CUST305,PRD109,Electronics,OnePlus,160.00,6,2024-04-29,Bengaluru
ORD15068,CUST967,PRD051,Fashion,Woodland,755.00,1,2024-04-29,Pune
ORD15069,CUST079,PRD410,Electronics,OnePlus,4071.00,1,2024-04-29,Mumbai
ORD15069,CUST079,PRD277,Electronics,Samsung,2013.00,1,2024-04-29,Mumbai
ORD15069,CUST079,PRD343,Home & Kitchen,Hawkins,805.00,2,2024-04-29,Mumbai
ORD15069,CUST079,PRD548,Electronics,Boult,2691.00,1,2024-04-29,Mumbai
ORD15070,CUST842,PRD387,Electronics,Realme,315.00,6,2024-04-29,Chennai
ORD15071,CUST1311,PRD215,Sports,Campus,638.00,1,2024-04-29,Bengaluru
ORD15071,CUST1311,PRD340,Fashion,Peter England,1499.00,2,2024-04-29,Bengaluru
ORD15072,CUST141,PRD552,Beauty,Nivea,154.00,1,2024-04-29,Chennai
ORD15072,CUST141,PRD364,Electronics,Realme,769.00,1,2024-04-29,Chennai
ORD15073,CUST565,PRD379,Electronics,Realme,3493.00,1,2024-04-29,Hyderabad
ORD15074,CUST1154,PRD180,Home & Kitchen,Cello,835.00,3,2024-04-29,Bengaluru
ORD15075,CUST035,PRD302,Books,Penguin,361.00,3,2024-04-29,Hyderabad
ORD15076,CUST315,PRD458,Fashion,Woodland,614.00,2,2024-04-29,Chennai
ORD15076,CUST315,PRD235,Electronics,Boult,1773.00,1,2024-04-29,Chennai
ORD15077,CUST1411,PRD501,Electronics,Realme,1499.00,1,2024-04-29,Mumbai
ORD15078,CUST512,PRD140,Home & Kitchen,Prestige,2499.00,2,2024-04-29,Bengaluru
ORD15079,CUST105,PRD289,Electronics,Boult,826.00,2,2024-04-29,Mumbai
ORD15080,CUST462,PRD106,Sports,Nike,1746.00,1,2024-04-29,Bengaluru
ORD15081,CUST1485,PRD140,Home & Kitchen,Prestige,2499.00,1,2024-04-29,Chennai
ORD15082,CUST228,PRD416,Electronics,Boat,1236.00,1,2024-04-29,Pune
ORD15082,CUST228,PRD407,Sports,Puma,235.00,2,2024-04-29,Pune
ORD15083,CUST1161,PRD514,Electronics,Samsung,170.00,2,2024-04-29,Bengaluru
ORD15084,CUST1071,PRD184,Fashion,Sparx,745.00,2,2024-04-29,Hyderabad
ORD15084,CUST1071,PRD046,Home & Kitchen,Cello,2604.00,1,2024-04-29,Hyderabad
ORD15085,CUST192,PRD242,Home & Kitchen,Cello,890.00,3,2024-04-29,Hyderabad
ORD15086,CUST258,PRD340,Fashion,Peter England,1499.00,1,2024-04-29,Mumbai
ORD15086,CUST258,PRD238,Home & Kitchen,Borosil,948.00,1,2024-04-29,Mumbai
ORD15087,CUST231,PRD546,Sports,Cosco,1784.00,2,2024-04-29,Bengaluru
ORD15088,CUST1379,PRD135,Books,Westland,243.00,4,2024-04-29,Kolkata
ORD15088,CUST1379,PRD568,Fashion,Sparx,1466.00,3,2024-04-29,Kolkata
ORD15089,CUST237,PRD570,Books,HarperCollins,310.00,1,2024-04-29,Mumbai
ORD15089,CUST237,PRD559,Sports,Nivia,899.00,1,2024-04-29,Mumbai
ORD15090,CUST003,PRD557,Fashion,Biba,1680.00,2,2024-04-29,Ahmedabad
ORD15090,CUST003,PRD409,Sports,Yonex,1739.00,2,2024-04-29,Ahmedabad
ORD15090,CUST003,PRD599,Electronics,Samsung,1030.00,1,2024-04-29,Ahmedabad
ORD15091,CUST890,PRD241,Sports,Campus,963.00,1,2024-04-29,Kolkata
ORD15092,CUST214,PRD150,Beauty,Maybelline,726.00,2,2024-04-29,Bengaluru
ORD15092,CUST214,PRD444,Electronics,Samsung,346.00,1,2024-04-29,Bengaluru
ORD15092,CUST214,PRD246,Sports,Decathlon,256.00,5,2024-04-29,Bengaluru
ORD15092,CUST214,PRD225,Electronics,Samsung,469.00,3,2024-04-29,Bengaluru
ORD15093,CUST955,PRD471,Home & Kitchen,Pigeon,1156.00,1,2024-04-29,Chennai
ORD15093,CUST955,PRD150,Beauty,Maybelline,726.00,1,2024-04-29,Chennai
ORD15094,CUST076,PRD063,Electronics,JBL,1768.00,1,2024-04-29,Chennai
ORD15094,CUST076,PRD522,Fashion,Woodland,302.00,1,2024-04-29,Chennai
ORD15095,CUST914,PRD522,Fashion,Woodland,302.00,3,2024-04-29,Hyderabad
ORD15096,CUST1429,PRD381,Fashion,Peter England,406.00,4,2024-04-29,Chennai
ORD15097,CUST066,PRD407,Sports,Puma,235.00,2,2024-04-29,Bengaluru
ORD15098,CUST657,PRD521,Beauty,Plum,303.00,1,2024-04-29,Ahmedabad
ORD15098,CUST657,PRD069,Fashion,Woodland,1644.00,1,2024-04-29,Ahmedabad
ORD15099,CUST424,PRD174,Fashion,Bata,1462.00,1,2024-04-29,Delhi
ORD15100,CUST1496,PRD458,Fashion,Woodland,614.00,1,2024-04-29,Hyderabad
ORD15101,CUST902,PRD138,Beauty,Himalaya,390.00,3,2024-04-29,Hyderabad
ORD15101,CUST902,PRD471,Home & Kitchen,Pigeon,1156.00,1,2024-04-29,Hyderabad
ORD15102,CUST409,PRD500,Electronics,Samsung,18999.00,1,2024-04-29,Mumbai
ORD15103,CUST178,PRD220,Books,Westland,415.00,2,2024-04-29,Mumbai
ORD15104,CUST454,PRD215,Sports,Campus,638.00,1,2024-04-29,Chennai
ORD15105,CUST1166,PRD135,Books,Westland,243.00,3,2024-04-29,Mumbai
ORD15106,CUST763,PRD514,Electronics,Samsung,170.00,2,2024-04-29,Bengaluru
ORD15107,CUST1396,PRD357,Home & Kitchen,Milton,918.00,1,2024-04-29,Mumbai
ORD15108,CUST1223,PRD277,Electronics,Samsung,2013.00,1,2024-04-29,Ahmedabad
ORD15109,CUST435,PRD313,Home & Kitchen,Milton,2090.00,1,2024-04-29,Delhi
ORD15109,CUST435,PRD129,Home & Kitchen,Pigeon,728.00,1,2024-04-29,Delhi
ORD15110,CUST099,PRD501,Electronics,Realme,1499.00,3,2024-04-29,Mumbai
ORD15110,CUST099,PRD114,Fashion,Bata,1028.00,3,2024-04-29,Mumbai
ORD15111,CUST447,PRD031,Beauty,Lakme,547.00,2,2024-04-29,Bengaluru
ORD15112,CUST234,PRD313,Home & Kitchen,Milton,2090.00,1,2024-04-29,Delhi
ORD15112,CUST234,PRD554,Home & Kitchen,Borosil,403.00,1,2024-04-29,Delhi
ORD15113,CUST454,PRD069,Fashion,Woodland,1644.00,1,2024-04-30,Chennai
ORD15114,CUST1170,PRD105,Beauty,Biotique,179.00,1,2024-04-30,Kolkata
ORD15115,CUST165,PRD010,Beauty,Maybelline,1040.00,2,2024-04-30,Kolkata
ORD15115,CUST165,PRD329,Electronics,OnePlus,1419.00,1,2024-04-30,Kolkata
ORD15116,CUST1087,PRD012,Home & Kitchen,Cello,615.00,1,2024-04-30,Chennai
ORD15116,CUST1087,PRD444,Electronics,Samsung,346.00,1,2024-04-30,Chennai
ORD15117,CUST315,PRD104,Home & Kitchen,Butterfly,875.00,2,2024-04-30,Chennai
ORD15117,CUST315,PRD498,Fashion,Levis,2999.00,1,2024-04-30,Chennai
ORD15118,CUST472,PRD358,Electronics,Apple,205.00,4,2024-04-30,Delhi
ORD15119,CUST204,PRD401,Electronics,Realme,1790.00,1,2024-04-30,Delhi
ORD15120,CUST854,PRD266,Beauty,Himalaya,637.00,1,2024-04-30,Bengaluru
ORD15120,CUST854,PRD431,Home & Kitchen,Wonderchef,798.00,1,2024-04-30,Bengaluru
ORD15120,CUST854,PRD324,Fashion,Allen Solly,843.00,1,2024-04-30,Bengaluru
ORD15120,CUST854,PRD526,Beauty,Plum,712.00,1,2024-04-30,Bengaluru
ORD15121,CUST598,PRD026,Home & Kitchen,Milton,781.00,1,2024-04-30,Delhi
ORD15121,CUST598,PRD237,Electronics,Mi,1210.00,1,2024-04-30,Delhi
ORD15121,CUST598,PRD110,Home & Kitchen,Cello,1832.00,1,2024-04-30,Delhi
ORD15122,CUST867,PRD522,Fashion,Woodland,302.00,1,2024-04-30,Mumbai
ORD15122,CUST867,PRD288,Electronics,Realme,472.00,1,2024-04-30,Mumbai
ORD15123,CUST600,PRD126,Sports,Decathlon,1107.00,1,2024-04-30,Pune
ORD15124,CUST1333,PRD166,Electronics,Boult,1527.00,1,2024-04-30,Bengaluru
ORD15125,CUST732,PRD042,Home & Kitchen,Prestige,2999.00,1,2024-04-30,Delhi
ORD15126,CUST048,PRD522,Fashion,Woodland,302.00,2,2024-04-30,Mumbai
ORD15126,CUST048,PRD295,Books,Rupa,420.00,2,2024-04-30,Mumbai
ORD15126,CUST048,PRD530,Home & Kitchen,Prestige,1101.00,2,2024-04-30,Mumbai
ORD15126,CUST048,PRD379,Electronics,Realme,3493.00,1,2024-04-30,Mumbai
ORD15127,CUST1326,PRD521,Beauty,Plum,303.00,2,2024-04-30,Delhi
ORD15127,CUST1326,PRD137,Home & Kitchen,Wonderchef,737.00,1,2024-04-30,Delhi
ORD15127,CUST1326,PRD332,Fashion,Biba,597.00,1,2024-04-30,Delhi
ORD15128,CUST063,PRD035,Home & Kitchen,Hawkins,438.00,2,2024-04-30,Chennai
ORD15128,CUST063,PRD151,Electronics,Realme,620.00,1,2024-04-30,Chennai
ORD15129,CUST522,PRD072,Books,Aleph,226.00,1,2024-04-30,Chennai
ORD15130,CUST567,PRD536,Home & Kitchen,Butterfly,4499.00,1,2024-04-30,Mumbai
ORD15131,CUST428,PRD202,Sports,Nike,1517.00,3,2024-04-30,Bengaluru
ORD15131,CUST428,PRD163,Electronics,Realme,1801.00,1,2024-04-30,Bengaluru
ORD15132,CUST503,PRD308,Sports,Decathlon,1488.00,1,2024-04-30,Mumbai
ORD15132,CUST503,PRD081,Home & Kitchen,Hawkins,616.00,1,2024-04-30,Mumbai
ORD15133,CUST933,PRD299,Home & Kitchen,Borosil,457.00,2,2024-04-30,Pune
ORD15134,CUST1294,PRD254,Electronics,Mi,1014.00,3,2024-04-30,Kolkata
ORD15134,CUST1294,PRD258,Books,Aleph,364.00,4,2024-04-30,Kolkata
ORD15135,CUST279,PRD507,Books,Aleph,640.00,1,2024-04-30,Mumbai
ORD15136,CUST539,PRD007,Books,HarperCollins,336.00,1,2024-04-30,Kolkata
ORD15137,CUST1376,PRD052,Electronics,Boult,1689.00,1,2024-04-30,Hyderabad
ORD15138,CUST571,PRD396,Electronics,OnePlus,887.00,1,2024-04-30,Delhi
ORD15138,CUST571,PRD579,Beauty,Plum,661.00,3,2024-04-30,Delhi
ORD15139,CUST505,PRD129,Home & Kitchen,Pigeon,728.00,2,2024-04-30,Hyderabad
ORD15140,CUST1233,PRD077,Electronics,Samsung,3801.00,1,2024-04-30,Bengaluru
ORD15141,CUST1263,PRD022,Home & Kitchen,Hawkins,1213.00,1,2024-04-30,Mumbai
ORD15142,CUST1128,PRD140,Home & Kitchen,Prestige,2499.00,1,2024-04-30,Mumbai
ORD15143,CUST1156,PRD409,Sports,Yonex,1739.00,1,2024-04-30,Chennai
ORD15144,CUST1462,PRD515,Fashion,Allen Solly,589.00,1,2024-04-30,Mumbai
ORD15144,CUST1462,PRD253,Home & Kitchen,Milton,1106.00,3,2024-04-30,Mumbai
ORD15144,CUST1462,PRD385,Electronics,OnePlus,2378.00,1,2024-04-30,Mumbai
ORD15145,CUST1493,PRD584,Sports,Nike,202.00,3,2024-04-30,Mumbai
ORD15145,CUST1493,PRD225,Electronics,Samsung,469.00,2,2024-04-30,Mumbai
ORD15146,CUST103,PRD471,Home & Kitchen,Pigeon,1156.00,1,2024-04-30,Pune
ORD15146,CUST103,PRD140,Home & Kitchen,Prestige,2499.00,1,2024-04-30,Pune
ORD15147,CUST1213,PRD555,Electronics,Boult,2277.00,1,2024-04-30,Chennai
ORD15148,CUST590,PRD051,Fashion,Woodland,755.00,2,2024-04-30,Mumbai
ORD15149,CUST1122,PRD129,Home & Kitchen,Pigeon,728.00,1,2024-04-30,Pune
ORD15149,CUST1122,PRD522,Fashion,Woodland,302.00,3,2024-04-30,Pune
ORD15150,CUST652,PRD143,Books,Rupa,497.00,8,2024-04-30,Kolkata
ORD15151,CUST1204,PRD299,Home & Kitchen,Borosil,457.00,1,2024-04-30,Delhi
ORD15151,CUST1204,PRD264,Home & Kitchen,Prestige,518.00,2,2024-04-30,Delhi
ORD15152,CUST931,PRD383,Electronics,Apple,199.00,1,2024-04-30,Hyderabad
ORD15153,CUST1328,PRD521,Beauty,Plum,303.00,1,2024-04-30,Bengaluru
ORD15153,CUST1328,PRD445,Electronics,Samsung,236.00,6,2024-04-30,Bengaluru
ORD15154,CUST795,PRD225,Electronics,Samsung,469.00,2,2024-04-30,Bengaluru
ORD15154,CUST795,PRD195,Books,Bloomsbury,599.00,3,2024-04-30,Bengaluru
ORD15155,CUST137,PRD299,Home & Kitchen,Borosil,457.00,2,2024-04-30,Mumbai
ORD15155,CUST137,PRD162,Beauty,Nivea,177.00,3,2024-04-30,Mumbai
ORD15156,CUST845,PRD122,Sports,Yonex,2499.00,1,2024-04-30,Pune
ORD15157,CUST208,PRD471,Home & Kitchen,Pigeon,1156.00,3,2024-04-30,Mumbai
ORD15158,CUST644,PRD420,Sports,Campus,624.00,3,2024-04-30,Ahmedabad
ORD15158,CUST644,PRD443,Fashion,Puma,437.00,3,2024-04-30,Ahmedabad
ORD15158,CUST644,PRD225,Electronics,Samsung,469.00,4,2024-04-30,Ahmedabad
ORD15158,CUST644,PRD174,Fashion,Bata,1462.00,1,2024-04-30,Ahmedabad
ORD15159,CUST830,PRD419,Electronics,Boat,849.00,1,2024-05-01,Bengaluru
ORD15160,CUST1162,PRD126,Sports,Decathlon,1107.00,1,2024-05-01,Chennai
ORD15161,CUST137,PRD225,Electronics,Samsung,469.00,5,2024-05-01,Mumbai
ORD15162,CUST798,PRD181,Home & Kitchen,Wonderchef,1046.00,1,2024-05-01,Delhi
ORD15162,CUST798,PRD397,Sports,Decathlon,1292.00,2,2024-05-01,Delhi
ORD15162,CUST798,PRD134,Electronics,OnePlus,346.00,1,2024-05-01,Delhi
ORD15162,CUST798,PRD522,Fashion,Woodland,302.00,3,2024-05-01,Delhi
ORD15163,CUST847,PRD276,Fashion,Peter England,1668.00,2,2024-05-01,Ahmedabad
ORD15164,CUST881,PRD331,Fashion,Allen Solly,801.00,3,2024-05-01,Kolkata
ORD15165,CUST697,PRD126,Sports,Decathlon,1107.00,2,2024-05-01,Delhi
ORD15165,CUST697,PRD522,Fashion,Woodland,302.00,4,2024-05-01,Delhi
ORD15166,CUST1098,PRD252,Electronics,OnePlus,270.00,3,2024-05-01,Delhi
ORD15167,CUST449,PRD511,Electronics,Boult,1972.00,1,2024-05-01,Delhi
ORD15168,CUST869,PRD468,Electronics,Mi,1890.00,2,2024-05-01,Mumbai
ORD15168,CUST869,PRD180,Home & Kitchen,Cello,835.00,1,2024-05-01,Mumbai
ORD15169,CUST1058,PRD383,Electronics,Apple,199.00,1,2024-05-01,Pune
ORD15169,CUST1058,PRD124,Beauty,Maybelline,221.00,1,2024-05-01,Pune
ORD15170,CUST1074,PRD473,Electronics,Realme,6236.00,1,2024-05-01,Kolkata
ORD15170,CUST1074,PRD415,Fashion,Woodland,2499.00,1,2024-05-01,Kolkata
ORD15170,CUST1074,PRD174,Fashion,Bata,1462.00,1,2024-05-01,Kolkata
ORD15171,CUST680,PRD568,Fashion,Sparx,1466.00,1,2024-05-01,Bengaluru
ORD15171,CUST680,PRD225,Electronics,Samsung,469.00,1,2024-05-01,Bengaluru
ORD15171,CUST680,PRD074,Beauty,Plum,209.00,1,2024-05-01,Bengaluru
ORD15172,CUST1480,PRD343,Home & Kitchen,Hawkins,805.00,1,2024-05-01,Hyderabad
ORD15172,CUST1480,PRD149,Electronics,Noise,4288.00,2,2024-05-01,Hyderabad
ORD15173,CUST983,PRD010,Beauty,Maybelline,1040.00,2,2024-05-01,Kolkata
ORD15174,CUST1086,PRD392,Home & Kitchen,Pigeon,1205.00,1,2024-05-01,Delhi
ORD15174,CUST1086,PRD086,Sports,Decathlon,1825.00,1,2024-05-01,Delhi
ORD15175,CUST1182,PRD298,Home & Kitchen,Borosil,4499.00,1,2024-05-01,Delhi
ORD15176,CUST070,PRD508,Electronics,Sony,1978.00,3,2024-05-01,Chennai
ORD15177,CUST183,PRD172,Electronics,Realme,318.00,2,2024-05-01,Delhi
ORD15178,CUST975,PRD225,Electronics,Samsung,469.00,1,2024-05-01,Hyderabad
ORD15179,CUST622,PRD535,Fashion,Bata,670.00,2,2024-05-01,Delhi
ORD15179,CUST622,PRD508,Electronics,Sony,1978.00,2,2024-05-01,Delhi
ORD15180,CUST348,PRD475,Fashion,Peter England,1447.00,1,2024-05-01,Mumbai
ORD15180,CUST348,PRD284,Electronics,OnePlus,1929.00,1,2024-05-01,Mumbai
ORD15181,CUST504,PRD523,Electronics,Apple,1042.00,1,2024-05-01,Hyderabad
ORD15181,CUST504,PRD294,Electronics,Mi,615.00,1,2024-05-01,Hyderabad
ORD15181,CUST504,PRD588,Electronics,JBL,3249.00,1,2024-05-01,Hyderabad
ORD15181,CUST504,PRD163,Electronics,Realme,1801.00,2,2024-05-01,Hyderabad
ORD15182,CUST050,PRD107,Electronics,JBL,844.00,2,2024-05-01,Bengaluru
ORD15183,CUST276,PRD293,Fashion,Levis,499.00,2,2024-05-01,Delhi
ORD15184,CUST154,PRD257,Electronics,Noise,430.00,4,2024-05-01,Mumbai
ORD15185,CUST821,PRD463,Beauty,Plum,432.00,8,2024-05-01,Hyderabad
ORD15186,CUST710,PRD326,Fashion,Bata,547.00,1,2024-05-01,Mumbai
ORD15187,CUST417,PRD181,Home & Kitchen,Wonderchef,1046.00,1,2024-05-01,Mumbai
ORD15188,CUST708,PRD513,Sports,Decathlon,3680.00,1,2024-05-01,Delhi
ORD15189,CUST572,PRD218,Sports,Cosco,263.00,1,2024-05-01,Mumbai
ORD15190,CUST257,PRD153,Electronics,Apple,1631.00,1,2024-05-01,Delhi
ORD15190,CUST257,PRD012,Home & Kitchen,Cello,615.00,1,2024-05-01,Delhi
ORD15191,CUST942,PRD245,Sports,Nike,3495.00,1,2024-05-01,Chennai
ORD15192,CUST1389,PRD177,Fashion,Allen Solly,640.00,1,2024-05-01,Bengaluru
ORD15193,CUST274,PRD110,Home & Kitchen,Cello,1832.00,3,2024-05-01,Mumbai
ORD15194,CUST1226,PRD140,Home & Kitchen,Prestige,2499.00,1,2024-05-01,Bengaluru
ORD15195,CUST885,PRD163,Electronics,Realme,1801.00,1,2024-05-01,Chennai
ORD15196,CUST843,PRD182,Books,Westland,197.00,1,2024-05-01,Mumbai
ORD15197,CUST472,PRD556,Fashion,Woodland,1340.00,1,2024-05-01,Delhi
ORD15198,CUST1313,PRD525,Books,Bloomsbury,699.00,1,2024-05-01,Mumbai
ORD15199,CUST988,PRD479,Electronics,JBL,180.00,1,2024-05-01,Bengaluru
ORD15200,CUST428,PRD522,Fashion,Woodland,302.00,1,2024-05-01,Bengaluru
ORD15201,CUST1385,PRD249,Fashion,Levis,335.00,2,2024-05-01,Hyderabad
ORD15201,CUST1385,PRD443,Fashion,Puma,437.00,2,2024-05-01,Hyderabad
ORD15202,CUST057,PRD005,Electronics,JBL,3912.00,1,2024-05-01,Bengaluru
ORD15202,CUST057,PRD225,Electronics,Samsung,469.00,4,2024-05-01,Bengaluru
ORD15203,CUST766,PRD332,Fashion,Biba,597.00,1,2024-05-01,Mumbai
ORD15203,CUST766,PRD208,Electronics,Boult,7315.00,1,2024-05-01,Mumbai
ORD15204,CUST025,PRD453,Home & Kitchen,Milton,1220.00,3,2024-05-01,Mumbai
ORD15204,CUST025,PRD010,Beauty,Maybelline,1040.00,1,2024-05-01,Mumbai
ORD15204,CUST025,PRD347,Fashion,Sparx,873.00,3,2024-05-01,Mumbai
ORD15205,CUST332,PRD197,Sports,Cosco,3499.00,1,2024-05-01,Chennai
ORD15205,CUST332,PRD252,Electronics,OnePlus,270.00,2,2024-05-01,Chennai
ORD15206,CUST1269,PRD162,Beauty,Nivea,177.00,1,2024-05-02,Hyderabad
ORD15206,CUST1269,PRD415,Fashion,Woodland,2499.00,1,2024-05-02,Hyderabad
ORD15207,CUST708,PRD351,Electronics,Noise,344.00,1,2024-05-02,Delhi
ORD15207,CUST708,PRD013,Fashion,Biba,2499.00,1,2024-05-02,Delhi
ORD15208,CUST365,PRD284,Electronics,OnePlus,1929.00,1,2024-05-02,Delhi
ORD15209,CUST208,PRD134,Electronics,OnePlus,346.00,5,2024-05-02,Mumbai
ORD15210,CUST752,PRD480,Sports,Nike,942.00,1,2024-05-02,Delhi
ORD15211,CUST1347,PRD111,Beauty,Nivea,266.00,1,2024-05-02,Bengaluru
ORD15212,CUST562,PRD588,Electronics,JBL,3249.00,1,2024-05-02,Bengaluru
ORD15213,CUST565,PRD379,Electronics,Realme,3493.00,1,2024-05-02,Hyderabad
ORD15214,CUST029,PRD262,Electronics,Apple,3501.00,1,2024-05-02,Mumbai
ORD15215,CUST1112,PRD595,Fashion,Sparx,934.00,1,2024-05-02,Ahmedabad
ORD15216,CUST454,PRD234,Fashion,Bata,484.00,2,2024-05-02,Chennai
ORD15217,CUST481,PRD475,Fashion,Peter England,1447.00,1,2024-05-02,Bengaluru
ORD15218,CUST317,PRD274,Beauty,Himalaya,188.00,3,2024-05-02,Chennai
ORD15219,CUST1061,PRD521,Beauty,Plum,303.00,3,2024-05-02,Bengaluru
ORD15220,CUST375,PRD528,Books,Bloomsbury,1299.00,1,2024-05-02,Delhi
ORD15221,CUST928,PRD542,Electronics,Noise,1190.00,1,2024-05-02,Pune
ORD15221,CUST928,PRD326,Fashion,Bata,547.00,1,2024-05-02,Pune
ORD15222,CUST1403,PRD163,Electronics,Realme,1801.00,1,2024-05-02,Kolkata
ORD15223,CUST078,PRD223,Electronics,Samsung,450.00,1,2024-05-02,Mumbai
ORD15224,CUST859,PRD583,Fashion,Biba,735.00,1,2024-05-02,Hyderabad
ORD15224,CUST859,PRD522,Fashion,Woodland,302.00,4,2024-05-02,Hyderabad
ORD15225,CUST1206,PRD179,Electronics,Noise,1044.00,2,2024-05-02,Bengaluru
ORD15226,CUST1070,PRD573,Fashion,Peter England,652.00,1,2024-05-02,Pune
ORD15227,CUST925,PRD076,Sports,Nivia,579.00,2,2024-05-02,Delhi
ORD15228,CUST1113,PRD410,Electronics,OnePlus,4071.00,1,2024-05-02,Kolkata
ORD15229,CUST527,PRD207,Beauty,Maybelline,467.00,2,2024-05-02,Pune
ORD15229,CUST527,PRD035,Home & Kitchen,Hawkins,438.00,2,2024-05-02,Pune
ORD15230,CUST1305,PRD137,Home & Kitchen,Wonderchef,737.00,1,2024-05-02,Hyderabad
ORD15231,CUST1258,PRD427,Beauty,Biotique,217.00,6,2024-05-02,Delhi
ORD15231,CUST1258,PRD419,Electronics,Boat,849.00,1,2024-05-02,Delhi
ORD15231,CUST1258,PRD364,Electronics,Realme,769.00,1,2024-05-02,Delhi
ORD15232,CUST394,PRD295,Books,Rupa,420.00,2,2024-05-02,Delhi
ORD15232,CUST394,PRD087,Books,Rupa,699.00,1,2024-05-02,Delhi
ORD15233,CUST1052,PRD379,Electronics,Realme,3493.00,1,2024-05-02,Chennai
ORD15233,CUST1052,PRD514,Electronics,Samsung,170.00,1,2024-05-02,Chennai
ORD15234,CUST1056,PRD322,Sports,Puma,1255.00,1,2024-05-02,Ahmedabad
ORD15234,CUST1056,PRD512,Books,Westland,374.00,2,2024-05-02,Ahmedabad
ORD15235,CUST369,PRD154,Beauty,Lakme,404.00,1,2024-05-02,Chennai
ORD15236,CUST983,PRD240,Home & Kitchen,Pigeon,1232.00,1,2024-05-02,Kolkata
ORD15236,CUST983,PRD428,Electronics,OnePlus,921.00,1,2024-05-02,Kolkata
ORD15237,CUST123,PRD062,Home & Kitchen,Cello,1709.00,1,2024-05-02,Bengaluru
ORD15238,CUST319,PRD007,Books,HarperCollins,336.00,1,2024-05-02,Delhi
ORD15239,CUST507,PRD162,Beauty,Nivea,177.00,1,2024-05-02,Pune
ORD15240,CUST1086,PRD168,Home & Kitchen,Prestige,1522.00,1,2024-05-02,Delhi
ORD15241,CUST1428,PRD588,Electronics,JBL,3249.00,1,2024-05-02,Mumbai
ORD15242,CUST447,PRD106,Sports,Nike,1746.00,1,2024-05-02,Bengaluru
ORD15243,CUST710,PRD222,Home & Kitchen,Cello,968.00,1,2024-05-02,Mumbai
ORD15244,CUST689,PRD513,Sports,Decathlon,3680.00,2,2024-05-02,Delhi
ORD15244,CUST689,PRD111,Beauty,Nivea,266.00,2,2024-05-02,Delhi
ORD15244,CUST689,PRD115,Fashion,Woodland,547.00,1,2024-05-02,Delhi
ORD15245,CUST1071,PRD089,Fashion,Peter England,652.00,1,2024-05-02,Hyderabad
ORD15246,CUST249,PRD391,Fashion,Bata,1999.00,1,2024-05-02,Hyderabad
ORD15247,CUST348,PRD343,Home & Kitchen,Hawkins,805.00,1,2024-05-02,Mumbai
ORD15248,CUST971,PRD080,Electronics,Realme,1211.00,1,2024-05-02,Mumbai
ORD15249,CUST667,PRD272,Electronics,JBL,188.00,1,2024-05-02,Kolkata
ORD15250,CUST153,PRD211,Sports,Adidas,1428.00,3,2024-05-02,Delhi
ORD15251,CUST261,PRD563,Electronics,Samsung,443.00,4,2024-05-02,Pune
ORD15251,CUST261,PRD506,Fashion,Allen Solly,745.00,1,2024-05-02,Pune
ORD15252,CUST1445,PRD162,Beauty,Nivea,177.00,3,2024-05-02,Chennai
ORD15252,CUST1445,PRD587,Sports,Yonex,1709.00,1,2024-05-02,Chennai
ORD15253,CUST707,PRD225,Electronics,Samsung,469.00,1,2024-05-02,Mumbai
ORD15253,CUST707,PRD028,Electronics,Mi,576.00,1,2024-05-02,Mumbai
ORD15254,CUST997,PRD052,Electronics,Boult,1689.00,1,2024-05-02,Bengaluru
ORD15254,CUST997,PRD415,Fashion,Woodland,2499.00,1,2024-05-02,Bengaluru
ORD15255,CUST1295,PRD126,Sports,Decathlon,1107.00,2,2024-05-03,Chennai
ORD15256,CUST360,PRD225,Electronics,Samsung,469.00,2,2024-05-03,Pune
ORD15257,CUST1319,PRD445,Electronics,Samsung,236.00,3,2024-05-03,Mumbai
ORD15258,CUST705,PRD332,Fashion,Biba,597.00,1,2024-05-03,Bengaluru
ORD15259,CUST801,PRD600,Fashion,Allen Solly,763.00,3,2024-05-03,Bengaluru
ORD15260,CUST1084,PRD365,Home & Kitchen,Butterfly,960.00,1,2024-05-03,Delhi
ORD15260,CUST1084,PRD174,Fashion,Bata,1462.00,1,2024-05-03,Delhi
ORD15260,CUST1084,PRD464,Books,Bloomsbury,502.00,2,2024-05-03,Delhi
ORD15261,CUST554,PRD030,Electronics,Mi,1686.00,1,2024-05-03,Bengaluru
ORD15261,CUST554,PRD098,Fashion,Peter England,1499.00,1,2024-05-03,Bengaluru
ORD15262,CUST447,PRD132,Home & Kitchen,Milton,455.00,5,2024-05-03,Bengaluru
ORD15263,CUST773,PRD544,Home & Kitchen,Butterfly,1694.00,2,2024-05-03,Mumbai
ORD15263,CUST773,PRD053,Sports,Cosco,2360.00,1,2024-05-03,Mumbai
ORD15264,CUST192,PRD510,Sports,Cosco,583.00,1,2024-05-03,Hyderabad
ORD15265,CUST442,PRD413,Fashion,,304.00,4,2024-05-03,Mumbai
ORD15266,CUST728,PRD464,Books,Bloomsbury,502.00,2,2024-05-03,Bengaluru
ORD15267,CUST1325,PRD167,Beauty,Biotique,522.00,1,2024-05-03,Bengaluru
ORD15268,CUST1032,PRD167,Beauty,Biotique,522.00,1,2024-05-03,Delhi
ORD15268,CUST1032,PRD410,Electronics,OnePlus,4071.00,1,2024-05-03,Delhi
ORD15269,CUST975,PRD145,Electronics,Boult,241.00,1,2024-05-03,Hyderabad
ORD15270,CUST941,PRD295,Books,Rupa,420.00,3,2024-05-03,Ahmedabad
ORD15271,CUST1385,PRD326,Fashion,Bata,547.00,1,2024-05-03,Hyderabad
ORD15271,CUST1385,PRD426,Beauty,Biotique,492.00,1,2024-05-03,Hyderabad
ORD15271,CUST1385,PRD563,Electronics,,443.00,3,2024-05-03,Hyderabad
ORD15271,CUST1385,PRD444,Electronics,Samsung,346.00,2,2024-05-03,Hyderabad
ORD15272,CUST784,PRD163,Electronics,Realme,1801.00,1,2024-05-03,Hyderabad
ORD15273,CUST1132,PRD348,Electronics,Apple,2298.00,1,2024-05-03,Bengaluru
ORD15274,CUST373,PRD154,Beauty,Lakme,404.00,1,2024-05-03,Mumbai
ORD15275,CUST323,PRD193,Sports,Nivia,1965.00,1,2024-05-03,Bengaluru
ORD15275,CUST323,PRD245,Sports,Nike,3495.00,1,2024-05-03,Bengaluru
ORD15276,CUST064,PRD407,Sports,Puma,235.00,1,2024-05-03,Bengaluru
ORD15277,CUST1337,PRD522,Fashion,Woodland,302.00,4,2024-05-03,Pune
ORD15278,CUST409,PRD163,Electronics,Realme,1801.00,1,2024-05-03,Mumbai
ORD15279,CUST846,PRD358,Electronics,Apple,205.00,2,2024-05-03,Delhi
ORD15279,CUST846,PRD070,Home & Kitchen,Wonderchef,1246.00,2,2024-05-03,Delhi
ORD15279,CUST846,PRD391,Fashion,Bata,1999.00,1,2024-05-03,Delhi
ORD15280,CUST602,PRD337,Electronics,Boult,482.00,6,2024-05-03,Chennai
ORD15281,CUST037,PRD191,Fashion,Levis,651.00,1,2024-05-03,Chennai
ORD15282,CUST327,PRD134,Electronics,OnePlus,346.00,1,2024-05-03,Hyderabad
ORD15283,CUST927,PRD588,Electronics,JBL,3249.00,1,2024-05-03,Mumbai
ORD15284,CUST1333,PRD419,Electronics,Boat,849.00,1,2024-05-03,Bengaluru
ORD15285,CUST686,PRD254,Electronics,Mi,1014.00,1,2024-05-03,Pune
ORD15285,CUST686,PRD323,Fashion,Woodland,312.00,1,2024-05-03,Pune
ORD15285,CUST686,PRD522,Fashion,Woodland,302.00,1,2024-05-03,Pune
ORD15286,CUST1289,PRD338,Fashion,Sparx,711.00,1,2024-05-03,Hyderabad
ORD15286,CUST1289,PRD070,Home & Kitchen,Wonderchef,1246.00,2,2024-05-03,Hyderabad
ORD15287,CUST628,PRD035,Home & Kitchen,Hawkins,438.00,2,2024-05-03,Mumbai
ORD15288,CUST977,PRD225,Electronics,Samsung,469.00,1,2024-05-03,Mumbai
ORD15289,CUST794,PRD435,Home & Kitchen,Wonderchef,523.00,1,2024-05-03,Bengaluru
ORD15290,CUST560,PRD513,Sports,Decathlon,3680.00,1,2024-05-03,Hyderabad
ORD15291,CUST137,PRD304,Sports,Campus,1385.00,1,2024-05-03,Mumbai
ORD15292,CUST362,PRD044,Fashion,Woodland,1002.00,2,2024-05-03,Bengaluru
ORD15293,CUST454,PRD083,Fashion,Sparx,627.00,1,2024-05-03,Chennai
ORD15293,CUST454,PRD126,Sports,Decathlon,1107.00,1,2024-05-03,Chennai
ORD15293,CUST454,PRD577,Electronics,Mi,1502.00,2,2024-05-03,Chennai
ORD15294,CUST768,PRD020,Beauty,Maybelline,169.00,1,2024-05-03,Kolkata
ORD15295,CUST132,PRD222,Home & Kitchen,Cello,968.00,2,2024-05-03,Chennai
ORD15296,CUST1171,PRD295,Books,Rupa,420.00,2,2024-05-03,Pune
ORD15296,CUST1171,PRD275,Electronics,JBL,464.00,2,2024-05-03,Pune
ORD15297,CUST1186,PRD429,Electronics,Boult,577.00,1,2024-05-03,Delhi
ORD15297,CUST1186,PRD223,Electronics,Samsung,450.00,2,2024-05-03,Delhi
ORD15298,CUST015,PRD381,Fashion,Peter England,406.00,3,2024-05-03,Delhi
ORD15298,CUST015,PRD524,Beauty,Himalaya,249.00,5,2024-05-03,Delhi
ORD15299,CUST1260,PRD357,Home & Kitchen,Milton,918.00,1,2024-05-03,Mumbai
ORD15299,CUST1260,PRD555,Electronics,Boult,2277.00,1,2024-05-03,Mumbai
ORD15299,CUST1260,PRD069,Fashion,Woodland,1644.00,3,2024-05-03,Mumbai
ORD15300,CUST989,PRD163,Electronics,Realme,1801.00,1,2024-05-03,Pune
ORD15301,CUST852,PRD525,Books,Bloomsbury,699.00,3,2024-05-04,Mumbai
ORD15301,CUST852,PRD271,Home & Kitchen,Cello,404.00,8,2024-05-04,Mumbai
ORD15302,CUST087,PRD445,Electronics,Samsung,236.00,2,2024-05-04,Mumbai
ORD15303,CUST585,PRD286,Electronics,Noise,437.00,4,2024-05-04,Delhi
ORD15303,CUST585,PRD572,Electronics,Apple,1534.00,3,2024-05-04,Delhi
ORD15304,CUST666,PRD114,Fashion,Bata,1028.00,2,2024-05-04,Chennai
ORD15305,CUST1468,PRD238,Home & Kitchen,Borosil,948.00,1,2024-05-04,Bengaluru
ORD15306,CUST1393,PRD295,Books,Rupa,420.00,2,2024-05-04,Chennai
ORD15306,CUST1393,PRD189,Electronics,Apple,2336.00,1,2024-05-04,Chennai
ORD15307,CUST748,PRD314,Electronics,Boult,422.00,6,2024-05-04,Delhi
ORD15308,CUST973,PRD015,Beauty,Plum,264.00,1,2024-05-04,Delhi
ORD15308,CUST973,PRD126,Sports,Decathlon,1107.00,1,2024-05-04,Delhi
ORD15309,CUST1394,PRD415,Fashion,Woodland,2499.00,1,2024-05-04,Pune
ORD15309,CUST1394,PRD345,Home & Kitchen,Prestige,4499.00,1,2024-05-04,Pune
ORD15310,CUST010,PRD481,Home & Kitchen,Butterfly,1864.00,3,2024-05-04,Kolkata
ORD15310,CUST010,PRD314,Electronics,Boult,422.00,4,2024-05-04,Kolkata
ORD15311,CUST827,PRD221,Fashion,Levis,2199.00,1,2024-05-04,Delhi
ORD15312,CUST954,PRD401,Electronics,Realme,1790.00,1,2024-05-04,Kolkata
ORD15312,CUST954,PRD155,Sports,Cosco,663.00,1,2024-05-04,Kolkata
ORD15313,CUST1214,PRD483,Beauty,Lakme,162.00,2,2024-05-04,Kolkata
ORD15314,CUST562,PRD319,Fashion,Peter England,1416.00,1,2024-05-04,Bengaluru
ORD15314,CUST562,PRD163,Electronics,Realme,1801.00,1,2024-05-04,Bengaluru
ORD15315,CUST1385,PRD446,Beauty,Plum,155.00,6,2024-05-04,Hyderabad
ORD15316,CUST307,PRD140,Home & Kitchen,Prestige,2499.00,2,2024-05-04,Delhi
ORD15317,CUST612,PRD104,Home & Kitchen,Butterfly,875.00,1,2024-05-04,Kolkata
ORD15318,CUST1300,PRD521,Beauty,Plum,303.00,5,2024-05-04,Mumbai
ORD15319,CUST694,PRD595,Fashion,Sparx,934.00,2,2024-05-04,Hyderabad
ORD15320,CUST028,PRD442,Electronics,Apple,1029.00,3,2024-05-04,Mumbai
ORD15321,CUST778,PRD305,Books,Bloomsbury,1199.00,1,2024-05-04,Chennai
ORD15322,CUST1454,PRD429,Electronics,Boult,577.00,1,2024-05-04,Bengaluru
ORD15322,CUST1454,PRD158,Fashion,Bata,668.00,1,2024-05-04,Bengaluru
ORD15322,CUST1454,PRD514,Electronics,Samsung,170.00,3,2024-05-04,Bengaluru
ORD15323,CUST483,PRD301,Electronics,Boult,813.00,1,2024-05-04,Kolkata
ORD15324,CUST175,PRD444,Electronics,Samsung,346.00,3,2024-05-04,Delhi
ORD15324,CUST175,PRD597,Electronics,Mi,541.00,1,2024-05-04,Delhi
ORD15325,CUST794,PRD478,Electronics,OnePlus,1494.00,2,2024-05-04,Bengaluru
ORD15326,CUST965,PRD327,Electronics,OnePlus,457.00,1,2024-05-04,Mumbai
ORD15326,CUST965,PRD471,Home & Kitchen,Pigeon,1156.00,1,2024-05-04,Mumbai
ORD15326,CUST965,PRD354,Electronics,Apple,474.00,4,2024-05-04,Mumbai
ORD15327,CUST1000,PRD014,Sports,Yonex,1280.00,1,2024-05-04,Mumbai
ORD15328,CUST177,PRD377,Sports,Adidas,558.00,1,2024-05-04,Mumbai
ORD15329,CUST454,PRD163,Electronics,Realme,1801.00,1,2024-05-04,Chennai
ORD15330,CUST833,PRD287,Beauty,Plum,178.00,1,2024-05-04,Hyderabad
ORD15331,CUST462,PRD508,Electronics,Sony,1978.00,2,2024-05-04,Bengaluru
ORD15332,CUST181,PRD298,Home & Kitchen,Borosil,4499.00,1,2024-05-04,Chennai
ORD15333,CUST911,PRD267,Sports,Campus,1579.00,1,2024-05-04,Mumbai
ORD15333,CUST911,PRD477,Fashion,Levis,678.00,2,2024-05-04,Mumbai
ORD15334,CUST1416,PRD554,Home & Kitchen,Borosil,403.00,1,2024-05-04,Hyderabad
ORD15334,CUST1416,PRD342,Books,Westland,462.00,2,2024-05-04,Hyderabad
ORD15335,CUST270,PRD376,Fashion,Sparx,1189.00,1,2024-05-04,Bengaluru
ORD15336,CUST621,PRD337,Electronics,Boult,482.00,1,2024-05-04,Chennai
ORD15337,CUST1113,PRD295,Books,Rupa,420.00,1,2024-05-04,Kolkata
ORD15337,CUST1113,PRD197,Sports,Cosco,3499.00,1,2024-05-04,Kolkata
ORD15337,CUST1113,PRD340,Fashion,Peter England,1499.00,1,2024-05-04,Kolkata
ORD15338,CUST661,PRD119,Fashion,Allen Solly,969.00,1,2024-05-04,Mumbai
ORD15339,CUST677,PRD443,Fashion,Puma,437.00,4,2024-05-04,Delhi
ORD15340,CUST1059,PRD197,Sports,Cosco,3499.00,1,2024-05-04,Delhi
ORD15341,CUST730,PRD422,Sports,Cosco,864.00,1,2024-05-04,Pune
ORD15341,CUST730,PRD521,Beauty,Plum,303.00,3,2024-05-04,Pune
ORD15341,CUST730,PRD322,Sports,Puma,1255.00,1,2024-05-04,Pune
ORD15342,CUST1258,PRD278,Home & Kitchen,Cello,1899.00,1,2024-05-04,Delhi
ORD15342,CUST1258,PRD397,Sports,Decathlon,1292.00,1,2024-05-04,Delhi
ORD15342,CUST1258,PRD121,Beauty,Biotique,1199.00,3,2024-05-04,Delhi
ORD15343,CUST795,PRD583,Fashion,Biba,735.00,2,2024-05-04,Bengaluru
ORD15343,CUST795,PRD234,Fashion,Bata,484.00,6,2024-05-04,Bengaluru
ORD15344,CUST337,PRD289,Electronics,Boult,826.00,1,2024-05-04,Delhi
ORD15344,CUST337,PRD070,Home & Kitchen,Wonderchef,1246.00,2,2024-05-04,Delhi
ORD15345,CUST784,PRD140,Home & Kitchen,Prestige,2499.00,1,2024-05-04,Hyderabad
ORD15345,CUST784,PRD379,Electronics,Realme,3493.00,1,2024-05-04,Hyderabad
ORD15346,CUST1299,PRD137,Home & Kitchen,Wonderchef,737.00,1,2024-05-04,Hyderabad
ORD15347,CUST955,PRD238,Home & Kitchen,Borosil,948.00,1,2024-05-04,Chennai
ORD15348,CUST626,PRD444,Electronics,Samsung,346.00,1,2024-05-04,Mumbai
ORD15349,CUST200,PRD094,Books,Rupa,415.00,1,2024-05-04,Chennai
ORD15350,CUST123,PRD600,Fashion,Allen Solly,763.00,2,2024-05-04,Bengaluru
ORD15350,CUST123,PRD410,Electronics,OnePlus,4071.00,1,2024-05-04,Bengaluru
ORD15351,CUST154,PRD091,Home & Kitchen,Cello,349.00,1,2024-05-05,Mumbai
ORD15352,CUST660,PRD204,Electronics,Boat,1299.00,2,2024-05-05,Mumbai
ORD15352,CUST660,PRD280,Electronics,Apple,4376.00,1,2024-05-05,Mumbai
ORD15352,CUST660,PRD574,Electronics,Mi,318.00,2,2024-05-05,Mumbai
ORD15353,CUST1355,PRD364,Electronics,Realme,769.00,2,2024-05-05,Hyderabad
ORD15354,CUST718,PRD126,Sports,Decathlon,1107.00,1,2024-05-05,Delhi
ORD15355,CUST1136,PRD391,Fashion,Bata,1999.00,1,2024-05-05,Bengaluru
ORD15355,CUST1136,PRD163,Electronics,Realme,1801.00,1,2024-05-05,Bengaluru
ORD15355,CUST1136,PRD295,Books,Rupa,420.00,8,2024-05-05,Bengaluru
ORD15355,CUST1136,PRD080,Electronics,Realme,1211.00,3,2024-05-05,Bengaluru
ORD15356,CUST1090,PRD525,Books,Bloomsbury,699.00,2,2024-05-05,Delhi
ORD15357,CUST223,PRD535,Fashion,Bata,670.00,3,2024-05-05,Mumbai
ORD15358,CUST366,PRD225,Electronics,Samsung,469.00,1,2024-05-05,Delhi
ORD15359,CUST391,PRD457,Beauty,Himalaya,385.00,3,2024-05-05,Pune
ORD15360,CUST1398,PRD225,Electronics,Samsung,469.00,2,2024-05-05,Bengaluru
ORD15361,CUST483,PRD364,Electronics,Realme,769.00,1,2024-05-05,Kolkata
ORD15361,CUST483,PRD449,Sports,Decathlon,1146.00,1,2024-05-05,Kolkata
ORD15362,CUST1423,PRD224,Sports,Nivia,634.00,2,2024-05-05,Bengaluru
ORD15363,CUST092,PRD212,Electronics,Boult,149.00,3,2024-05-05,Mumbai
ORD15363,CUST092,PRD174,Fashion,Bata,1462.00,2,2024-05-05,Mumbai
ORD15364,CUST586,PRD530,Home & Kitchen,Prestige,1101.00,1,2024-05-05,Hyderabad
ORD15364,CUST586,PRD443,Fashion,Puma,437.00,4,2024-05-05,Hyderabad
ORD15364,CUST586,PRD252,Electronics,OnePlus,270.00,1,2024-05-05,Hyderabad
ORD15365,CUST1421,PRD521,Beauty,Plum,303.00,2,2024-05-05,Bengaluru
ORD15366,CUST126,PRD362,Home & Kitchen,Wonderchef,564.00,1,2024-05-05,Bengaluru
ORD15366,CUST126,PRD225,Electronics,Samsung,469.00,1,2024-05-05,Bengaluru
ORD15367,CUST1025,PRD572,Electronics,Apple,1534.00,2,2024-05-05,Kolkata
ORD15368,CUST109,PRD109,Electronics,OnePlus,160.00,3,2024-05-05,Delhi
ORD15369,CUST675,PRD524,Beauty,Himalaya,249.00,1,2024-05-05,Mumbai
ORD15369,CUST675,PRD439,Electronics,Boat,394.00,3,2024-05-05,Mumbai
ORD15370,CUST823,PRD102,Sports,Cosco,569.00,2,2024-05-05,Mumbai
ORD15370,CUST823,PRD584,Sports,Nike,202.00,1,2024-05-05,Mumbai
ORD15371,CUST273,PRD498,Fashion,Levis,2999.00,2,2024-05-05,Kolkata
ORD15372,CUST666,PRD588,Electronics,JBL,3249.00,1,2024-05-05,Chennai
ORD15373,CUST498,PRD468,Electronics,Mi,1890.00,2,2024-05-05,Pune
ORD15373,CUST498,PRD476,Home & Kitchen,Wonderchef,1186.00,1,2024-05-05,Pune
ORD15374,CUST1004,PRD532,Electronics,Noise,719.00,1,2024-05-05,Kolkata
ORD15375,CUST260,PRD174,Fashion,Bata,1462.00,1,2024-05-05,Delhi
ORD15376,CUST1144,PRD310,Sports,Decathlon,2499.00,1,2024-05-05,Hyderabad
ORD15376,CUST1144,PRD227,Home & Kitchen,Hawkins,1799.00,1,2024-05-05,Hyderabad
ORD15377,CUST489,PRD163,Electronics,Realme,1801.00,2,2024-05-05,Mumbai
ORD15377,CUST489,PRD180,Home & Kitchen,Cello,835.00,2,2024-05-05,Mumbai
ORD15378,CUST153,PRD434,Home & Kitchen,Cello,2260.00,1,2024-05-05,Delhi
ORD15379,CUST455,PRD197,Sports,Cosco,3499.00,1,2024-05-05,Mumbai
ORD15379,CUST455,PRD234,Fashion,Bata,484.00,2,2024-05-05,Mumbai
ORD15379,CUST455,PRD440,Beauty,Maybelline,250.00,6,2024-05-05,Mumbai
ORD15380,CUST344,PRD053,Sports,Cosco,2360.00,1,2024-05-05,Bengaluru
ORD15381,CUST641,PRD197,Sports,Cosco,3499.00,1,2024-05-05,Hyderabad
ORD15382,CUST569,PRD127,Beauty,Biotique,208.00,1,2024-05-05,Kolkata
ORD15383,CUST091,PRD217,Beauty,Maybelline,1099.00,1,2024-05-05,Delhi
ORD15384,CUST235,PRD174,Fashion,Bata,1462.00,1,2024-05-05,Chennai
ORD15384,CUST235,PRD163,Electronics,Realme,1801.00,2,2024-05-05,Chennai
ORD15384,CUST235,PRD053,Sports,Cosco,2360.00,1,2024-05-05,Chennai
ORD15385,CUST936,PRD237,Electronics,Mi,1210.00,1,2024-05-05,Bengaluru
ORD15386,CUST764,PRD432,Home & Kitchen,Pigeon,1110.00,1,2024-05-05,Bengaluru
ORD15387,CUST1212,PRD385,Electronics,OnePlus,2378.00,1,2024-05-05,Chennai
ORD15388,CUST1462,PRD343,Home & Kitchen,Hawkins,805.00,1,2024-05-05,Mumbai
ORD15389,CUST680,PRD213,Home & Kitchen,Butterfly,482.00,2,2024-05-05,Bengaluru
ORD15390,CUST1152,PRD488,Beauty,Maybelline,409.00,1,2024-05-05,Pune
ORD15391,CUST1034,PRD225,Electronics,Samsung,469.00,1,2024-05-05,Bengaluru
ORD15392,CUST1053,PRD062,Home & Kitchen,Cello,1709.00,3,2024-05-05,Chennai
ORD15393,CUST783,PRD521,Beauty,Plum,303.00,2,2024-05-06,Bengaluru
ORD15393,CUST783,PRD597,Electronics,Mi,541.00,1,2024-05-06,Bengaluru
ORD15394,CUST370,PRD225,Electronics,Samsung,469.00,2,2024-05-06,Bengaluru
ORD15394,CUST370,PRD151,Electronics,Realme,620.00,1,2024-05-06,Bengaluru
ORD15395,CUST281,PRD176,Home & Kitchen,Borosil,459.00,2,2024-05-06,Mumbai
ORD15395,CUST281,PRD461,Fashion,Peter England,1071.00,1,2024-05-06,Mumbai
ORD15396,CUST283,PRD573,Fashion,Peter England,652.00,1,2024-05-06,Delhi
ORD15396,CUST283,PRD140,Home & Kitchen,Prestige,2499.00,1,2024-05-06,Delhi
ORD15397,CUST572,PRD411,Fashion,Bata,815.00,1,2024-05-06,Mumbai
ORD15397,CUST572,PRD524,Beauty,Himalaya,249.00,1,2024-05-06,Mumbai
ORD15397,CUST572,PRD072,Books,Aleph,226.00,1,2024-05-06,Mumbai
ORD15398,CUST1226,PRD163,Electronics,Realme,1801.00,1,2024-05-06,Bengaluru
ORD15398,CUST1226,PRD058,Electronics,Mi,2999.00,1,2024-05-06,Bengaluru
ORD15399,CUST1213,PRD584,Sports,Nike,202.00,8,2024-05-06,Chennai
ORD15400,CUST1354,PRD533,Beauty,Plum,379.00,1,2024-05-06,Chennai
ORD15400,CUST1354,PRD438,Electronics,Realme,1087.00,1,2024-05-06,Chennai
ORD15400,CUST1354,PRD197,Sports,Cosco,3499.00,1,2024-05-06,Chennai
ORD15400,CUST1354,PRD163,Electronics,Realme,1801.00,1,2024-05-06,Chennai
ORD15401,CUST1089,PRD421,Electronics,Realme,507.00,2,2024-05-06,Kolkata
ORD15401,CUST1089,PRD208,Electronics,Boult,7315.00,1,2024-05-06,Kolkata
ORD15402,CUST1486,PRD129,Home & Kitchen,Pigeon,728.00,1,2024-05-06,Chennai
ORD15403,CUST764,PRD517,Fashion,Biba,1273.00,2,2024-05-06,Bengaluru
ORD15404,CUST428,PRD385,Electronics,OnePlus,2378.00,1,2024-05-06,Bengaluru
ORD15405,CUST247,PRD092,Beauty,Maybelline,184.00,4,2024-05-06,Pune
ORD15406,CUST792,PRD381,Fashion,Peter England,406.00,2,2024-05-06,Pune
ORD15406,CUST792,PRD495,Fashion,Woodland,1999.00,3,2024-05-06,Pune
ORD15407,CUST952,PRD407,Sports,Puma,235.00,3,2024-05-06,Bengaluru
ORD15408,CUST107,PRD551,Beauty,Nivea,535.00,2,2024-05-06,Mumbai
ORD15409,CUST1129,PRD522,Fashion,Woodland,302.00,2,2024-05-06,Pune
ORD15410,CUST1278,PRD115,Fashion,Woodland,547.00,1,2024-05-06,Chennai
ORD15410,CUST1278,PRD572,Electronics,Apple,1534.00,1,2024-05-06,Chennai
ORD15410,CUST1278,PRD177,Fashion,Allen Solly,640.00,2,2024-05-06,Chennai
ORD15411,CUST1500,PRD382,Electronics,Realme,247.00,1,2024-05-06,Delhi
ORD15411,CUST1500,PRD486,Electronics,Sony,907.00,1,2024-05-06,Delhi
ORD15411,CUST1500,PRD423,Home & Kitchen,Pigeon,623.00,2,2024-05-06,Delhi
ORD15411,CUST1500,PRD508,Electronics,Sony,1978.00,1,2024-05-06,Delhi
ORD15412,CUST1189,PRD447,Fashion,Sparx,974.00,1,2024-05-06,Delhi
ORD15413,CUST1363,PRD410,Electronics,OnePlus,4071.00,1,2024-05-06,Kolkata
ORD15414,CUST1233,PRD129,Home & Kitchen,Pigeon,728.00,2,2024-05-06,Bengaluru
ORD15414,CUST1233,PRD357,Home & Kitchen,Milton,918.00,2,2024-05-06,Bengaluru
ORD15414,CUST1233,PRD368,Electronics,JBL,955.00,2,2024-05-06,Bengaluru
ORD15415,CUST374,PRD102,Sports,Cosco,569.00,1,2024-05-06,Chennai
ORD15416,CUST936,PRD029,Beauty,Lakme,431.00,3,2024-05-06,Bengaluru
ORD15416,CUST936,PRD034,Electronics,Noise,150.00,3,2024-05-06,Bengaluru
ORD15417,CUST597,PRD588,Electronics,JBL,3249.00,1,2024-05-06,Bengaluru
ORD15418,CUST1456,PRD596,Electronics,Sony,440.00,1,2024-05-06,Ahmedabad
ORD15419,CUST1066,PRD422,Sports,Cosco,864.00,2,2024-05-06,Kolkata
ORD15419,CUST1066,PRD308,Sports,Decathlon,1488.00,1,2024-05-06,Kolkata
ORD15419,CUST1066,PRD163,Electronics,Realme,1801.00,2,2024-05-06,Kolkata
ORD15420,CUST410,PRD383,Electronics,Apple,199.00,2,2024-05-06,Mumbai
ORD15421,CUST690,PRD197,Sports,Cosco,3499.00,1,2024-05-06,Mumbai
ORD15422,CUST768,PRD522,Fashion,Woodland,302.00,8,2024-05-06,Kolkata
ORD15423,CUST1249,PRD140,Home & Kitchen,Prestige,2499.00,1,2024-05-06,Delhi
ORD15424,CUST1096,PRD129,Home & Kitchen,Pigeon,728.00,2,2024-05-06,Delhi
ORD15424,CUST1096,PRD238,Home & Kitchen,Borosil,948.00,2,2024-05-06,Delhi
ORD15425,CUST1298,PRD373,Fashion,Peter England,527.00,1,2024-05-06,Delhi
ORD15426,CUST512,PRD177,Fashion,Allen Solly,640.00,2,2024-05-06,Bengaluru
ORD15426,CUST512,PRD381,Fashion,Peter England,406.00,6,2024-05-06,Bengaluru
ORD15426,CUST512,PRD394,Home & Kitchen,Butterfly,1799.00,1,2024-05-06,Bengaluru
ORD15427,CUST100,PRD242,Home & Kitchen,Cello,890.00,2,2024-05-06,Mumbai
ORD15427,CUST100,PRD461,Fashion,Peter England,1071.00,1,2024-05-06,Mumbai
ORD15428,CUST1309,PRD467,Home & Kitchen,Prestige,845.00,3,2024-05-06,Hyderabad
ORD15429,CUST1262,PRD588,Electronics,JBL,3249.00,1,2024-05-06,Kolkata
ORD15430,CUST1152,PRD316,Home & Kitchen,Milton,458.00,1,2024-05-06,Pune
ORD15431,CUST968,PRD519,Sports,Adidas,826.00,3,2024-05-06,Delhi
ORD15431,CUST968,PRD065,Electronics,Sony,211.00,5,2024-05-06,Delhi
ORD15432,CUST924,PRD416,Electronics,Boat,1236.00,1,2024-05-06,Chennai
ORD15433,CUST122,PRD295,Books,Rupa,420.00,1,2024-05-06,Delhi
ORD15433,CUST122,PRD588,Electronics,JBL,3249.00,1,2024-05-06,Delhi
ORD15434,CUST1417,PRD343,Home & Kitchen,Hawkins,805.00,2,2024-05-06,Bengaluru
ORD15434,CUST1417,PRD488,Beauty,Maybelline,409.00,2,2024-05-06,Bengaluru
ORD15434,CUST1417,PRD391,Fashion,Bata,1999.00,3,2024-05-06,Bengaluru
ORD15434,CUST1417,PRD468,Electronics,Mi,1890.00,1,2024-05-06,Bengaluru
ORD15435,CUST1449,PRD439,Electronics,Boat,394.00,1,2024-05-06,Mumbai
ORD15436,CUST795,PRD555,Electronics,Boult,2277.00,1,2024-05-06,Bengaluru
ORD15437,CUST865,PRD324,Fashion,Allen Solly,843.00,1,2024-05-06,Ahmedabad
ORD15438,CUST682,PRD197,Sports,Cosco,3499.00,1,2024-05-06,Delhi
ORD15439,CUST1342,PRD035,Home & Kitchen,Hawkins,438.00,3,2024-05-06,Delhi
ORD15439,CUST1342,PRD174,Fashion,Bata,1462.00,1,2024-05-06,Delhi
ORD15440,CUST1014,PRD174,Fashion,Bata,1462.00,2,2024-05-06,Delhi
ORD15441,CUST186,PRD163,Electronics,Realme,1801.00,1,2024-05-06,Pune
ORD15442,CUST239,PRD600,Fashion,,763.00,1,2024-05-06,Hyderabad
ORD15443,CUST813,PRD215,Sports,Campus,638.00,1,2024-05-06,Delhi
ORD15443,CUST813,PRD109,Electronics,OnePlus,160.00,1,2024-05-06,Delhi
ORD15444,CUST858,PRD225,Electronics,Samsung,469.00,1,2024-05-07,Chennai
ORD15445,CUST1282,PRD084,Fashion,Woodland,332.00,2,2024-05-07,Delhi
ORD15445,CUST1282,PRD563,Electronics,Samsung,443.00,1,2024-05-07,Delhi
ORD15446,CUST1022,PRD101,Electronics,Boult,1168.00,1,2024-05-07,Pune
ORD15447,CUST1220,PRD592,Fashion,Levis,555.00,1,2024-05-07,Delhi
ORD15448,CUST491,PRD140,Home & Kitchen,Prestige,2499.00,1,2024-05-07,Kolkata
ORD15449,CUST090,PRD563,Electronics,Samsung,443.00,2,2024-05-07,Bengaluru
ORD15449,CUST090,PRD237,Electronics,Mi,1210.00,3,2024-05-07,Bengaluru
ORD15450,CUST284,PRD416,Electronics,Boat,1236.00,1,2024-05-07,Delhi
ORD15451,CUST132,PRD447,Fashion,Sparx,974.00,1,2024-05-07,Chennai
ORD15452,CUST1429,PRD446,Beauty,Plum,155.00,1,2024-05-07,Chennai
ORD15452,CUST1429,PRD088,Home & Kitchen,Milton,649.00,2,2024-05-07,Chennai
ORD15453,CUST203,PRD126,Sports,Decathlon,1107.00,1,2024-05-07,Mumbai
ORD15454,CUST137,PRD061,Home & Kitchen,Prestige,1999.00,1,2024-05-07,Mumbai
ORD15454,CUST137,PRD363,Home & Kitchen,Milton,399.00,2,2024-05-07,Mumbai
ORD15455,CUST1025,PRD107,Electronics,JBL,844.00,2,2024-05-07,Kolkata
ORD15456,CUST631,PRD489,Electronics,Apple,9999.00,1,2024-05-07,Hyderabad
ORD15457,CUST162,PRD140,Home & Kitchen,Prestige,2499.00,1,2024-05-07,Delhi
ORD15458,CUST462,PRD076,Sports,Nivia,579.00,1,2024-05-07,Bengaluru
ORD15459,CUST030,PRD403,Books,Rupa,201.00,1,2024-05-07,Mumbai
ORD15460,CUST728,PRD225,Electronics,Samsung,469.00,5,2024-05-07,Bengaluru
ORD15461,CUST1088,PRD114,Fashion,Bata,1028.00,1,2024-05-07,Pune
ORD15461,CUST1088,PRD442,Electronics,Apple,1029.00,1,2024-05-07,Pune
ORD15462,CUST1272,PRD588,Electronics,JBL,3249.00,1,2024-05-07,Mumbai
ORD15462,CUST1272,PRD067,Fashion,Woodland,1999.00,1,2024-05-07,Mumbai
ORD15462,CUST1272,PRD475,Fashion,Peter England,1447.00,1,2024-05-07,Mumbai
ORD15463,CUST581,PRD279,Fashion,Peter England,462.00,2,2024-05-07,Chennai
ORD15464,CUST1402,PRD444,Electronics,Samsung,346.00,2,2024-05-07,Delhi
ORD15465,CUST1203,PRD463,Beauty,Plum,432.00,2,2024-05-07,Bengaluru
ORD15466,CUST340,PRD439,Electronics,Boat,394.00,2,2024-05-07,Hyderabad
ORD15467,CUST710,PRD439,Electronics,Boat,394.00,2,2024-05-07,Mumbai
ORD15467,CUST710,PRD584,Sports,Nike,202.00,2,2024-05-07,Mumbai
ORD15467,CUST710,PRD410,Electronics,OnePlus,4071.00,1,2024-05-07,Mumbai
ORD15468,CUST502,PRD445,Electronics,Samsung,236.00,1,2024-05-07,Ahmedabad
ORD15469,CUST1333,PRD078,Fashion,Woodland,513.00,1,2024-05-07,Bengaluru
ORD15469,CUST1333,PRD335,Beauty,Nivea,305.00,2,2024-05-07,Bengaluru
ORD15470,CUST1000,PRD374,Electronics,Samsung,1706.00,2,2024-05-07,Mumbai
ORD15471,CUST925,PRD409,Sports,Yonex,1739.00,1,2024-05-07,Delhi
ORD15471,CUST925,PRD118,Home & Kitchen,Hawkins,2389.00,1,2024-05-07,Delhi
ORD15472,CUST1089,PRD163,Electronics,Realme,1801.00,2,2024-05-07,Kolkata
ORD15472,CUST1089,PRD238,Home & Kitchen,Borosil,948.00,1,2024-05-07,Kolkata
ORD15472,CUST1089,PRD321,Beauty,Himalaya,237.00,1,2024-05-07,Kolkata
ORD15472,CUST1089,PRD284,Electronics,OnePlus,1929.00,2,2024-05-07,Kolkata
ORD15473,CUST873,PRD163,Electronics,Realme,1801.00,1,2024-05-07,Chennai
ORD15474,CUST1264,PRD579,Beauty,Plum,661.00,1,2024-05-07,Bengaluru
ORD15475,CUST1257,PRD055,Beauty,Maybelline,497.00,3,2024-05-07,Ahmedabad
ORD15476,CUST337,PRD398,Fashion,Biba,591.00,1,2024-05-07,Delhi
ORD15477,CUST450,PRD224,Sports,Nivia,634.00,1,2024-05-07,Mumbai
ORD15477,CUST450,PRD105,Beauty,Biotique,179.00,4,2024-05-07,Mumbai
ORD15477,CUST450,PRD064,Electronics,Noise,539.00,2,2024-05-07,Mumbai
ORD15478,CUST1153,PRD194,Electronics,Apple,821.00,1,2024-05-07,Bengaluru
ORD15479,CUST506,PRD225,Electronics,Samsung,469.00,1,2024-05-07,Bengaluru
ORD15480,CUST911,PRD126,Sports,Decathlon,1107.00,1,2024-05-07,Mumbai
ORD15481,CUST346,PRD137,Home & Kitchen,Wonderchef,737.00,1,2024-05-07,Bengaluru
ORD15481,CUST346,PRD371,Beauty,Lakme,268.00,1,2024-05-07,Bengaluru
ORD15482,CUST1390,PRD564,Fashion,Peter England,647.00,1,2024-05-07,Hyderabad
ORD15483,CUST067,PRD129,Home & Kitchen,Pigeon,728.00,2,2024-05-07,Mumbai
ORD15484,CUST1283,PRD518,Electronics,Mi,4469.00,1,2024-05-07,Chennai
ORD15485,CUST811,PRD545,Electronics,Sony,1990.00,1,2024-05-07,Kolkata
ORD15485,CUST811,PRD347,Fashion,Sparx,873.00,1,2024-05-07,Kolkata
ORD15486,CUST484,PRD129,Home & Kitchen,Pigeon,728.00,1,2024-05-07,Chennai
ORD15487,CUST311,PRD351,Electronics,Noise,344.00,2,2024-05-07,Mumbai
ORD15487,CUST311,PRD247,Sports,Campus,1130.00,1,2024-05-07,Mumbai
ORD15487,CUST311,PRD440,Beauty,Maybelline,250.00,5,2024-05-07,Mumbai
ORD15488,CUST1348,PRD240,Home & Kitchen,Pigeon,1232.00,3,2024-05-07,Mumbai
ORD15489,CUST1401,PRD563,Electronics,Samsung,443.00,2,2024-05-08,Bengaluru
ORD15490,CUST048,PRD030,Electronics,Mi,1686.00,1,2024-05-08,Mumbai
ORD15491,CUST718,PRD233,Sports,Campus,1499.00,1,2024-05-08,Delhi
ORD15491,CUST718,PRD297,Home & Kitchen,Pigeon,1081.00,1,2024-05-08,Delhi
ORD15491,CUST718,PRD140,Home & Kitchen,Prestige,2499.00,1,2024-05-08,Delhi
ORD15491,CUST718,PRD163,Electronics,Realme,1801.00,1,2024-05-08,Delhi
ORD15492,CUST1154,PRD522,Fashion,Woodland,302.00,3,2024-05-08,Bengaluru
ORD15492,CUST1154,PRD177,Fashion,Allen Solly,640.00,1,2024-05-08,Bengaluru
ORD15493,CUST196,PRD370,Fashion,Biba,1058.00,1,2024-05-08,Kolkata
ORD15494,CUST802,PRD443,Fashion,Puma,437.00,3,2024-05-08,Delhi
ORD15495,CUST1355,PRD409,Sports,Yonex,1739.00,1,2024-05-08,Hyderabad
ORD15496,CUST073,PRD429,Electronics,Boult,577.00,1,2024-05-08,Mumbai
ORD15496,CUST073,PRD485,Electronics,Apple,420.00,4,2024-05-08,Mumbai
ORD15497,CUST325,PRD475,Fashion,Peter England,1447.00,2,2024-05-08,Mumbai
ORD15497,CUST325,PRD245,Sports,Nike,3495.00,1,2024-05-08,Mumbai
ORD15498,CUST1250,PRD247,Sports,Campus,1130.00,1,2024-05-08,Mumbai
ORD15499,CUST162,PRD175,Beauty,Biotique,574.00,1,2024-05-08,Delhi
ORD15499,CUST162,PRD107,Electronics,JBL,844.00,2,2024-05-08,Delhi
ORD15500,CUST658,PRD584,Sports,Nike,202.00,2,2024-05-08,Delhi
ORD15501,CUST1420,PRD513,Sports,Decathlon,3680.00,1,2024-05-08,Chennai
ORD15502,CUST858,PRD320,Electronics,Mi,313.00,1,2024-05-08,Chennai
ORD15502,CUST858,PRD094,Books,Rupa,415.00,1,2024-05-08,Chennai
ORD15503,CUST646,PRD295,Books,Rupa,420.00,4,2024-05-08,Delhi
ORD15504,CUST554,PRD046,Home & Kitchen,Cello,2604.00,1,2024-05-08,Bengaluru
ORD15505,CUST1124,PRD519,Sports,Adidas,826.00,2,2024-05-08,Hyderabad
ORD15505,CUST1124,PRD107,Electronics,JBL,844.00,1,2024-05-08,Hyderabad
ORD15506,CUST1275,PRD519,Sports,Adidas,826.00,1,2024-05-08,Delhi
ORD15507,CUST1092,PRD559,Sports,Nivia,899.00,1,2024-05-08,Mumbai
ORD15508,CUST1349,PRD020,Beauty,Maybelline,169.00,1,2024-05-08,Hyderabad
ORD15509,CUST448,PRD153,Electronics,Apple,1631.00,1,2024-05-08,Hyderabad
ORD15510,CUST1368,PRD464,Books,Bloomsbury,502.00,1,2024-05-08,Mumbai
ORD15510,CUST1368,PRD307,Books,Rupa,1199.00,2,2024-05-08,Mumbai
ORD15510,CUST1368,PRD197,Sports,Cosco,3499.00,1,2024-05-08,Mumbai
ORD15510,CUST1368,PRD475,Fashion,Peter England,1447.00,1,2024-05-08,Mumbai
ORD15511,CUST440,PRD356,Electronics,Samsung,211.00,4,2024-05-08,Hyderabad
ORD15512,CUST589,PRD223,Electronics,Samsung,450.00,1,2024-05-08,Delhi
ORD15512,CUST589,PRD304,Sports,Campus,1385.00,1,2024-05-08,Delhi
ORD15513,CUST1069,PRD380,Home & Kitchen,Cello,1074.00,1,2024-05-08,Bengaluru
ORD15514,CUST180,PRD475,Fashion,Peter England,1447.00,1,2024-05-08,Delhi
ORD15514,CUST180,PRD129,Home & Kitchen,Pigeon,728.00,1,2024-05-08,Delhi
ORD15515,CUST515,PRD461,Fashion,Peter England,1071.00,1,2024-05-08,Mumbai
ORD15515,CUST515,PRD500,Electronics,Samsung,18999.00,1,2024-05-08,Mumbai
ORD15516,CUST1243,PRD206,Books,Rupa,458.00,2,2024-05-08,Hyderabad
ORD15517,CUST977,PRD408,Electronics,Noise,286.00,2,2024-05-08,Mumbai
ORD15518,CUST769,PRD245,Sports,Nike,3495.00,1,2024-05-08,Pune
ORD15519,CUST244,PRD078,Fashion,Woodland,513.00,1,2024-05-08,Mumbai
ORD15519,CUST244,PRD322,Sports,Puma,1255.00,1,2024-05-08,Mumbai
ORD15519,CUST244,PRD129,Home & Kitchen,Pigeon,728.00,3,2024-05-08,Mumbai
ORD15520,CUST1223,PRD228,Electronics,Realme,1737.00,1,2024-05-08,Ahmedabad
ORD15520,CUST1223,PRD225,Electronics,Samsung,469.00,1,2024-05-08,Ahmedabad
ORD15520,CUST1223,PRD045,Fashion,Sparx,959.00,2,2024-05-08,Ahmedabad
ORD15521,CUST1462,PRD163,Electronics,Realme,1801.00,1,2024-05-08,Mumbai
ORD15522,CUST745,PRD401,Electronics,Realme,1790.00,1,2024-05-08,Mumbai
ORD15522,CUST745,PRD010,Beauty,Maybelline,1040.00,3,2024-05-08,Mumbai
ORD15522,CUST745,PRD079,Fashion,Biba,1249.00,1,2024-05-08,Mumbai
ORD15522,CUST745,PRD473,Electronics,Realme,6236.00,1,2024-05-08,Mumbai
ORD15523,CUST792,PRD452,Home & Kitchen,Wonderchef,462.00,3,2024-05-08,Pune
ORD15523,CUST792,PRD439,Electronics,Boat,394.00,3,2024-05-08,Pune
ORD15523,CUST792,PRD197,Sports,Cosco,3499.00,1,2024-05-08,Pune
ORD15524,CUST634,PRD110,Home & Kitchen,Cello,1832.00,1,2024-05-08,Delhi
ORD15525,CUST106,PRD564,Fashion,Peter England,647.00,1,2024-05-08,Bengaluru
ORD15525,CUST106,PRD325,Sports,Puma,827.00,1,2024-05-08,Bengaluru
ORD15526,CUST508,PRD086,Sports,Decathlon,1825.00,2,2024-05-08,Mumbai
ORD15526,CUST508,PRD369,Sports,Decathlon,237.00,1,2024-05-08,Mumbai
ORD15526,CUST508,PRD521,Beauty,Plum,303.00,3,2024-05-08,Mumbai
ORD15527,CUST461,PRD053,Sports,Cosco,2360.00,1,2024-05-08,Delhi
ORD15527,CUST461,PRD332,Fashion,Biba,597.00,1,2024-05-08,Delhi
ORD15528,CUST1112,PRD077,Electronics,Samsung,3801.00,1,2024-05-08,Ahmedabad
ORD15529,CUST434,PRD154,Beauty,Lakme,404.00,1,2024-05-08,Mumbai
ORD15530,CUST315,PRD152,Electronics,Sony,699.00,1,2024-05-08,Chennai
ORD15530,CUST315,PRD379,Electronics,Realme,3493.00,1,2024-05-08,Chennai
ORD15531,CUST1252,PRD321,Beauty,Himalaya,237.00,2,2024-05-08,Bengaluru
ORD15531,CUST1252,PRD410,Electronics,OnePlus,4071.00,1,2024-05-08,Bengaluru
ORD15531,CUST1252,PRD476,Home & Kitchen,Wonderchef,1186.00,1,2024-05-08,Bengaluru
ORD15532,CUST992,PRD129,Home & Kitchen,Pigeon,728.00,1,2024-05-08,Delhi
ORD15533,CUST910,PRD163,Electronics,Realme,1801.00,2,2024-05-08,Bengaluru
ORD15534,CUST075,PRD473,Electronics,Realme,6236.00,1,2024-05-08,Mumbai
ORD15535,CUST1284,PRD161,Home & Kitchen,Cello,1367.00,1,2024-05-08,Kolkata
ORD15536,CUST1010,PRD518,Electronics,Mi,4469.00,1,2024-05-09,Pune
ORD15537,CUST428,PRD525,Books,Bloomsbury,699.00,2,2024-05-09,Bengaluru
ORD15537,CUST428,PRD291,Fashion,Woodland,831.00,3,2024-05-09,Bengaluru
ORD15538,CUST132,PRD332,Fashion,,597.00,1,2024-05-09,Chennai
ORD15539,CUST1127,PRD514,Electronics,Samsung,170.00,1,2024-05-09,Pune
ORD15540,CUST165,PRD202,Sports,Nike,1517.00,1,2024-05-09,Kolkata
ORD15541,CUST490,PRD329,Electronics,OnePlus,1419.00,1,2024-05-09,Ahmedabad
ORD15541,CUST490,PRD256,Fashion,Biba,546.00,2,2024-05-09,Ahmedabad
ORD15542,CUST1298,PRD247,Sports,Campus,1130.00,2,2024-05-09,Delhi
ORD15543,CUST462,PRD503,Fashion,Sparx,561.00,1,2024-05-09,Bengaluru
ORD15543,CUST462,PRD296,Fashion,Biba,976.00,1,2024-05-09,Bengaluru
ORD15544,CUST514,PRD147,Home & Kitchen,Borosil,615.00,1,2024-05-09,Bengaluru
ORD15545,CUST146,PRD081,Home & Kitchen,Hawkins,616.00,1,2024-05-09,Chennai
ORD15546,CUST1031,PRD140,Home & Kitchen,Prestige,2499.00,1,2024-05-09,Hyderabad
ORD15546,CUST1031,PRD265,Books,HarperCollins,599.00,1,2024-05-09,Hyderabad
ORD15547,CUST274,PRD237,Electronics,Mi,1210.00,1,2024-05-09,Mumbai
ORD15548,CUST1420,PRD278,Home & Kitchen,Cello,1899.00,1,2024-05-09,Chennai
ORD15548,CUST1420,PRD575,Sports,Cosco,2199.00,1,2024-05-09,Chennai
ORD15549,CUST628,PRD083,Fashion,Sparx,627.00,1,2024-05-09,Mumbai
ORD15550,CUST1320,PRD231,Sports,Yonex,244.00,1,2024-05-09,Mumbai
ORD15551,CUST1134,PRD373,Fashion,Peter England,527.00,1,2024-05-09,Mumbai
ORD15552,CUST718,PRD554,Home & Kitchen,Borosil,403.00,4,2024-05-09,Delhi
ORD15552,CUST718,PRD380,Home & Kitchen,Cello,1074.00,1,2024-05-09,Delhi
ORD15552,CUST718,PRD357,Home & Kitchen,Milton,918.00,1,2024-05-09,Delhi
ORD15552,CUST718,PRD565,Electronics,Samsung,941.00,1,2024-05-09,Delhi
ORD15553,CUST130,PRD434,Home & Kitchen,Cello,2260.00,1,2024-05-09,Delhi
ORD15554,CUST1033,PRD207,Beauty,Maybelline,467.00,4,2024-05-09,Chennai
ORD15554,CUST1033,PRD441,Electronics,Sony,8613.00,1,2024-05-09,Chennai
ORD15554,CUST1033,PRD516,Beauty,Lakme,469.00,2,2024-05-09,Chennai
ORD15554,CUST1033,PRD584,Sports,Nike,202.00,2,2024-05-09,Chennai
ORD15555,CUST517,PRD380,Home & Kitchen,Cello,1074.00,2,2024-05-09,Bengaluru
ORD15555,CUST517,PRD140,Home & Kitchen,Prestige,2499.00,1,2024-05-09,Bengaluru
ORD15555,CUST517,PRD003,Electronics,JBL,3498.00,1,2024-05-09,Bengaluru
ORD15556,CUST1344,PRD564,Fashion,Peter England,647.00,2,2024-05-09,Bengaluru
ORD15556,CUST1344,PRD110,Home & Kitchen,Cello,1832.00,2,2024-05-09,Bengaluru
ORD15557,CUST361,PRD521,Beauty,Plum,303.00,3,2024-05-09,Ahmedabad
ORD15558,CUST576,PRD163,Electronics,Realme,1801.00,1,2024-05-09,Mumbai
ORD15558,CUST576,PRD225,Electronics,Samsung,469.00,1,2024-05-09,Mumbai
ORD15559,CUST1162,PRD229,Electronics,Boat,976.00,2,2024-05-09,Chennai
ORD15560,CUST1352,PRD263,Electronics,JBL,1847.00,1,2024-05-09,Hyderabad
ORD15560,CUST1352,PRD471,Home & Kitchen,Pigeon,1156.00,1,2024-05-09,Hyderabad
ORD15560,CUST1352,PRD392,Home & Kitchen,Pigeon,1205.00,2,2024-05-09,Hyderabad
ORD15561,CUST846,PRD522,Fashion,Woodland,302.00,2,2024-05-09,Delhi
ORD15561,CUST846,PRD364,Electronics,Realme,769.00,1,2024-05-09,Delhi
ORD15562,CUST1056,PRD435,Home & Kitchen,Wonderchef,523.00,1,2024-05-09,Ahmedabad
ORD15563,CUST933,PRD329,Electronics,OnePlus,1419.00,1,2024-05-09,Pune
ORD15564,CUST456,PRD429,Electronics,Boult,577.00,1,2024-05-09,Bengaluru
ORD15564,CUST456,PRD522,Fashion,Woodland,302.00,2,2024-05-09,Bengaluru
ORD15564,CUST456,PRD439,Electronics,Boat,394.00,1,2024-05-09,Bengaluru
ORD15564,CUST456,PRD228,Electronics,Realme,1737.00,1,2024-05-09,Bengaluru
ORD15565,CUST1312,PRD451,Home & Kitchen,Hawkins,1999.00,1,2024-05-09,Bengaluru
ORD15566,CUST1467,PRD406,Fashion,Levis,1299.00,1,2024-05-09,Delhi
ORD15566,CUST1467,PRD238,Home & Kitchen,Borosil,948.00,1,2024-05-09,Delhi
ORD15566,CUST1467,PRD469,Fashion,Puma,616.00,1,2024-05-09,Delhi
ORD15566,CUST1467,PRD209,Home & Kitchen,Pigeon,503.00,1,2024-05-09,Delhi
ORD15567,CUST1456,PRD572,Electronics,Apple,1534.00,1,2024-05-09,Ahmedabad
ORD15567,CUST1456,PRD584,Sports,Nike,202.00,1,2024-05-09,Ahmedabad
ORD15567,CUST1456,PRD522,Fashion,Woodland,302.00,6,2024-05-09,Ahmedabad
ORD15568,CUST518,PRD179,Electronics,Noise,1044.00,3,2024-05-09,Bengaluru
ORD15569,CUST768,PRD573,Fashion,Peter England,652.00,1,2024-05-09,Kolkata
ORD15570,CUST336,PRD325,Sports,Puma,827.00,1,2024-05-09,Bengaluru
ORD15570,CUST336,PRD518,Electronics,Mi,4469.00,1,2024-05-09,Bengaluru
ORD15571,CUST932,PRD327,Electronics,OnePlus,457.00,1,2024-05-09,Pune
ORD15572,CUST1046,PRD444,Electronics,Samsung,346.00,1,2024-05-09,Hyderabad
ORD15573,CUST255,PRD451,Home & Kitchen,Hawkins,1999.00,2,2024-05-09,Mumbai
ORD15573,CUST255,PRD434,Home & Kitchen,Cello,2260.00,1,2024-05-09,Mumbai
ORD15574,CUST908,PRD346,Electronics,Mi,2922.00,1,2024-05-09,Mumbai
ORD15575,CUST332,PRD343,Home & Kitchen,Hawkins,805.00,1,2024-05-09,Chennai
ORD15576,CUST706,PRD264,Home & Kitchen,Prestige,518.00,1,2024-05-09,Mumbai
ORD15577,CUST983,PRD444,Electronics,Samsung,346.00,2,2024-05-09,Kolkata
ORD15577,CUST983,PRD460,Beauty,Lakme,252.00,2,2024-05-09,Kolkata
ORD15578,CUST465,PRD295,Books,Rupa,420.00,3,2024-05-09,Bengaluru
ORD15578,CUST465,PRD443,Fashion,Puma,437.00,3,2024-05-09,Bengaluru
ORD15579,CUST244,PRD334,Beauty,Maybelline,599.00,2,2024-05-09,Mumbai
ORD15580,CUST880,PRD020,Beauty,Maybelline,169.00,3,2024-05-09,Mumbai
ORD15581,CUST621,PRD028,Electronics,Mi,576.00,2,2024-05-09,Chennai
ORD15581,CUST621,PRD291,Fashion,Woodland,831.00,1,2024-05-09,Chennai
ORD15581,CUST621,PRD293,Fashion,Levis,499.00,2,2024-05-09,Chennai
ORD15581,CUST621,PRD226,Electronics,Sony,413.00,2,2024-05-09,Chennai
ORD15582,CUST601,PRD596,Electronics,Sony,440.00,1,2024-05-09,Mumbai
ORD15583,CUST203,PRD261,Fashion,Sparx,324.00,1,2024-05-09,Mumbai
ORD15584,CUST973,PRD452,Home & Kitchen,Wonderchef,462.00,2,2024-05-09,Delhi
ORD15585,CUST029,PRD225,Electronics,Samsung,469.00,4,2024-05-09,Mumbai
ORD15586,CUST046,PRD224,Sports,Nivia,634.00,1,2024-05-09,Mumbai
ORD15587,CUST494,PRD247,Sports,Campus,1130.00,1,2024-05-09,Mumbai
ORD15588,CUST1024,PRD153,Electronics,Apple,1631.00,1,2024-05-09,Bengaluru
ORD15588,CUST1024,PRD029,Beauty,Lakme,431.00,4,2024-05-09,Bengaluru
ORD15589,CUST1427,PRD507,Books,Aleph,640.00,1,2024-05-09,Mumbai
ORD15590,CUST1056,PRD336,Electronics,Mi,185.00,4,2024-05-10,Ahmedabad
ORD15591,CUST847,PRD488,Beauty,Maybelline,409.00,2,2024-05-10,Ahmedabad
ORD15592,CUST885,PRD013,Fashion,Biba,2499.00,1,2024-05-10,Chennai
ORD15593,CUST271,PRD521,Beauty,Plum,303.00,2,2024-05-10,Mumbai
ORD15594,CUST273,PRD137,Home & Kitchen,Wonderchef,737.00,2,2024-05-10,Kolkata
ORD15594,CUST273,PRD564,Fashion,Peter England,647.00,1,2024-05-10,Kolkata
ORD15594,CUST273,PRD563,Electronics,Samsung,443.00,1,2024-05-10,Kolkata
ORD15595,CUST512,PRD485,Electronics,Apple,420.00,1,2024-05-10,Bengaluru
ORD15596,CUST453,PRD290,Electronics,Apple,504.00,1,2024-05-10,Hyderabad
ORD15597,CUST597,PRD046,Home & Kitchen,Cello,2604.00,1,2024-05-10,Bengaluru
ORD15598,CUST1229,PRD163,Electronics,Realme,1801.00,2,2024-05-10,Pune
ORD15598,CUST1229,PRD010,Beauty,Maybelline,1040.00,1,2024-05-10,Pune
ORD15599,CUST528,PRD177,Fashion,Allen Solly,640.00,1,2024-05-10,Pune
ORD15599,CUST528,PRD452,Home & Kitchen,Wonderchef,462.00,1,2024-05-10,Pune
ORD15599,CUST528,PRD525,Books,Bloomsbury,699.00,3,2024-05-10,Pune
ORD15600,CUST228,PRD563,Electronics,Samsung,443.00,2,2024-05-10,Pune
ORD15600,CUST228,PRD508,Electronics,Sony,1978.00,1,2024-05-10,Pune
ORD15601,CUST1259,PRD304,Sports,Campus,1385.00,2,2024-05-10,Mumbai
ORD15602,CUST1240,PRD020,Beauty,Maybelline,169.00,2,2024-05-10,Mumbai
ORD15603,CUST1044,PRD225,Electronics,Samsung,469.00,3,2024-05-10,Ahmedabad
ORD15603,CUST1044,PRD392,Home & Kitchen,Pigeon,1205.00,1,2024-05-10,Ahmedabad
ORD15604,CUST1092,PRD348,Electronics,Apple,2298.00,1,2024-05-10,Mumbai
ORD15604,CUST1092,PRD295,Books,Rupa,420.00,2,2024-05-10,Mumbai
ORD15605,CUST729,PRD220,Books,Westland,415.00,1,2024-05-10,Mumbai
ORD15605,CUST729,PRD111,Beauty,Nivea,266.00,5,2024-05-10,Mumbai
ORD15606,CUST517,PRD020,Beauty,Maybelline,169.00,1,2024-05-10,Bengaluru
ORD15606,CUST517,PRD379,Electronics,Realme,3493.00,2,2024-05-10,Bengaluru
ORD15607,CUST384,PRD551,Beauty,Nivea,535.00,3,2024-05-10,Mumbai
ORD15608,CUST080,PRD008,Beauty,Nivea,983.00,1,2024-05-10,Mumbai
ORD15609,CUST534,PRD240,Home & Kitchen,Pigeon,1232.00,1,2024-05-10,Ahmedabad
ORD15610,CUST044,PRD225,Electronics,Samsung,469.00,5,2024-05-10,Bengaluru
ORD15610,CUST044,PRD254,Electronics,Mi,1014.00,3,2024-05-10,Bengaluru
ORD15610,CUST044,PRD563,Electronics,Samsung,443.00,3,2024-05-10,Bengaluru
ORD15611,CUST215,PRD129,Home & Kitchen,,728.00,1,2024-05-10,Chennai
ORD15611,CUST215,PRD228,Electronics,Realme,1737.00,1,2024-05-10,Chennai
ORD15612,CUST680,PRD271,Home & Kitchen,Cello,404.00,2,2024-05-10,Bengaluru
ORD15613,CUST1378,PRD410,Electronics,OnePlus,4071.00,1,2024-05-10,Mumbai
ORD15614,CUST194,PRD133,Sports,Nike,1173.00,1,2024-05-10,Mumbai
ORD15614,CUST194,PRD152,Electronics,Sony,699.00,1,2024-05-10,Mumbai
ORD15614,CUST194,PRD588,Electronics,JBL,3249.00,1,2024-05-10,Mumbai
ORD15615,CUST142,PRD163,Electronics,Realme,1801.00,1,2024-05-10,Delhi
ORD15616,CUST604,PRD407,Sports,Puma,235.00,2,2024-05-10,Pune
ORD15616,CUST604,PRD398,Fashion,Biba,591.00,1,2024-05-10,Pune
ORD15617,CUST766,PRD019,Fashion,Woodland,707.00,1,2024-05-10,Mumbai
ORD15617,CUST766,PRD521,Beauty,Plum,303.00,2,2024-05-10,Mumbai
ORD15617,CUST766,PRD059,Home & Kitchen,Wonderchef,592.00,1,2024-05-10,Mumbai
ORD15617,CUST766,PRD443,Fashion,Puma,437.00,1,2024-05-10,Mumbai
ORD15618,CUST527,PRD516,Beauty,Lakme,469.00,4,2024-05-10,Pune
ORD15619,CUST439,PRD267,Sports,Campus,1579.00,1,2024-05-10,Mumbai
ORD15620,CUST1036,PRD192,Electronics,Mi,2555.00,1,2024-05-10,Delhi
ORD15620,CUST1036,PRD409,Sports,Yonex,1739.00,1,2024-05-10,Delhi
ORD15620,CUST1036,PRD323,Fashion,Woodland,312.00,1,2024-05-10,Delhi
ORD15620,CUST1036,PRD439,Electronics,Boat,394.00,4,2024-05-10,Delhi
ORD15621,CUST1289,PRD440,Beauty,Maybelline,250.00,6,2024-05-11,Hyderabad
ORD15622,CUST1267,PRD010,Beauty,Maybelline,1040.00,2,2024-05-11,Mumbai
ORD15623,CUST209,PRD410,Electronics,OnePlus,4071.00,1,2024-05-11,Delhi
ORD15623,CUST209,PRD516,Beauty,Lakme,469.00,2,2024-05-11,Delhi
ORD15624,CUST150,PRD086,Sports,Decathlon,1825.00,1,2024-05-11,Kolkata
ORD15624,CUST150,PRD577,Electronics,Mi,1502.00,1,2024-05-11,Kolkata
ORD15625,CUST288,PRD140,Home & Kitchen,Prestige,2499.00,1,2024-05-11,Mumbai
ORD15625,CUST288,PRD001,Home & Kitchen,Prestige,1327.00,1,2024-05-11,Mumbai
ORD15626,CUST411,PRD168,Home & Kitchen,Prestige,1522.00,1,2024-05-11,Delhi
ORD15627,CUST196,PRD537,Beauty,Biotique,235.00,5,2024-05-11,Kolkata
ORD15627,CUST196,PRD422,Sports,Cosco,864.00,1,2024-05-11,Kolkata
ORD15628,CUST079,PRD513,Sports,Decathlon,3680.00,1,2024-05-11,Mumbai
ORD15628,CUST079,PRD326,Fashion,,547.00,1,2024-05-11,Mumbai
ORD15629,CUST443,PRD140,Home & Kitchen,Prestige,2499.00,1,2024-05-11,Mumbai
ORD15630,CUST242,PRD192,Electronics,Mi,2555.00,1,2024-05-11,Chennai
ORD15630,CUST242,PRD238,Home & Kitchen,Borosil,948.00,1,2024-05-11,Chennai
ORD15631,CUST064,PRD176,Home & Kitchen,Borosil,459.00,2,2024-05-11,Bengaluru
ORD15632,CUST322,PRD580,Sports,Nivia,762.00,1,2024-05-11,Delhi
ORD15633,CUST1240,PRD443,Fashion,Puma,437.00,4,2024-05-11,Mumbai
ORD15634,CUST1181,PRD531,Electronics,Boat,2084.00,1,2024-05-11,Chennai
ORD15635,CUST1400,PRD137,Home & Kitchen,Wonderchef,737.00,1,2024-05-11,Delhi
ORD15636,CUST727,PRD473,Electronics,Realme,6236.00,1,2024-05-11,Mumbai
ORD15637,CUST284,PRD177,Fashion,Allen Solly,640.00,1,2024-05-11,Delhi
ORD15638,CUST589,PRD191,Fashion,Levis,651.00,1,2024-05-11,Delhi
ORD15638,CUST589,PRD600,Fashion,Allen Solly,763.00,1,2024-05-11,Delhi
ORD15638,CUST589,PRD408,Electronics,Noise,286.00,1,2024-05-11,Delhi
ORD15639,CUST1038,PRD291,Fashion,Woodland,831.00,3,2024-05-11,Mumbai
ORD15640,CUST594,PRD535,Fashion,Bata,670.00,1,2024-05-11,Delhi
ORD15640,CUST594,PRD343,Home & Kitchen,Hawkins,805.00,1,2024-05-11,Delhi
ORD15641,CUST948,PRD117,Electronics,Boult,831.00,1,2024-05-11,Hyderabad
ORD15642,CUST1457,PRD058,Electronics,Mi,2999.00,1,2024-05-11,Delhi
ORD15643,CUST016,PRD419,Electronics,Boat,849.00,1,2024-05-11,Mumbai
ORD15644,CUST1294,PRD107,Electronics,JBL,844.00,1,2024-05-11,Kolkata
ORD15645,CUST251,PRD154,Beauty,Lakme,404.00,2,2024-05-11,Chennai
ORD15646,CUST1242,PRD107,Electronics,JBL,844.00,1,2024-05-11,Hyderabad
ORD15647,CUST356,PRD140,Home & Kitchen,Prestige,2499.00,1,2024-05-11,Mumbai
ORD15647,CUST356,PRD407,Sports,Puma,235.00,3,2024-05-11,Mumbai
ORD15648,CUST1429,PRD401,Electronics,Realme,1790.00,3,2024-05-11,Chennai
ORD15649,CUST154,PRD498,Fashion,Levis,2999.00,1,2024-05-11,Mumbai
ORD15650,CUST485,PRD039,Beauty,Himalaya,936.00,3,2024-05-11,Hyderabad
ORD15650,CUST485,PRD540,Home & Kitchen,Cello,2999.00,1,2024-05-11,Hyderabad
ORD15650,CUST485,PRD461,Fashion,Peter England,1071.00,2,2024-05-11,Hyderabad
ORD15650,CUST485,PRD413,Fashion,Woodland,304.00,1,2024-05-11,Hyderabad
ORD15651,CUST902,PRD197,Sports,Cosco,3499.00,1,2024-05-11,Hyderabad
ORD15651,CUST902,PRD038,Fashion,Bata,691.00,3,2024-05-11,Hyderabad
ORD15651,CUST902,PRD144,Fashion,Allen Solly,315.00,5,2024-05-11,Hyderabad
ORD15652,CUST326,PRD318,Books,Westland,448.00,1,2024-05-11,Bengaluru
ORD15653,CUST1411,PRD415,Fashion,Woodland,2499.00,1,2024-05-11,Mumbai
ORD15654,CUST386,PRD204,Electronics,Boat,1299.00,1,2024-05-11,Kolkata
ORD15654,CUST386,PRD226,Electronics,Sony,413.00,2,2024-05-11,Kolkata
ORD15655,CUST1261,PRD488,Beauty,Maybelline,409.00,1,2024-05-11,Mumbai
ORD15656,CUST539,PRD332,Fashion,Biba,597.00,1,2024-05-11,Kolkata
ORD15656,CUST539,PRD163,Electronics,Realme,1801.00,1,2024-05-11,Kolkata
ORD15657,CUST1500,PRD063,Electronics,JBL,1768.00,1,2024-05-11,Delhi
ORD15658,CUST1163,PRD295,Books,Rupa,420.00,4,2024-05-11,Delhi
ORD15659,CUST1134,PRD320,Electronics,Mi,313.00,2,2024-05-11,Mumbai
ORD15660,CUST490,PRD334,Beauty,Maybelline,599.00,2,2024-05-11,Ahmedabad
ORD15661,CUST675,PRD225,Electronics,Samsung,469.00,1,2024-05-11,Mumbai
ORD15662,CUST618,PRD584,Sports,Nike,202.00,3,2024-05-11,Mumbai
ORD15663,CUST1259,PRD180,Home & Kitchen,Cello,835.00,1,2024-05-11,Mumbai
ORD15663,CUST1259,PRD381,Fashion,Peter England,406.00,1,2024-05-11,Mumbai
ORD15663,CUST1259,PRD401,Electronics,Realme,1790.00,2,2024-05-11,Mumbai
ORD15664,CUST064,PRD340,Fashion,Peter England,1499.00,1,2024-05-12,Bengaluru
ORD15665,CUST472,PRD298,Home & Kitchen,Borosil,4499.00,1,2024-05-12,Delhi
ORD15666,CUST758,PRD532,Electronics,Noise,719.00,1,2024-05-12,Chennai
ORD15667,CUST1231,PRD163,Electronics,Realme,1801.00,3,2024-05-12,Mumbai
ORD15667,CUST1231,PRD436,Sports,Nivia,2199.00,1,2024-05-12,Mumbai
ORD15668,CUST006,PRD600,Fashion,Allen Solly,763.00,1,2024-05-12,Chennai
ORD15668,CUST006,PRD521,Beauty,Plum,303.00,8,2024-05-12,Chennai
ORD15669,CUST1187,PRD434,Home & Kitchen,Cello,2260.00,1,2024-05-12,Hyderabad
ORD15670,CUST1038,PRD521,Beauty,Plum,303.00,4,2024-05-12,Mumbai
ORD15670,CUST1038,PRD562,Books,Westland,999.00,1,2024-05-12,Mumbai
ORD15671,CUST024,PRD475,Fashion,Peter England,1447.00,1,2024-05-12,Hyderabad
ORD15672,CUST1457,PRD379,Electronics,Realme,3493.00,1,2024-05-12,Delhi
ORD15673,CUST147,PRD471,Home & Kitchen,Pigeon,1156.00,1,2024-05-12,Bengaluru
ORD15673,CUST147,PRD174,Fashion,Bata,1462.00,1,2024-05-12,Bengaluru
ORD15673,CUST147,PRD538,Sports,Nivia,347.00,2,2024-05-12,Bengaluru
ORD15674,CUST1152,PRD285,Electronics,Sony,613.00,2,2024-05-12,Pune
ORD15675,CUST631,PRD137,Home & Kitchen,Wonderchef,737.00,1,2024-05-12,Hyderabad
ORD15676,CUST1448,PRD154,Beauty,Lakme,404.00,4,2024-05-12,Pune
ORD15676,CUST1448,PRD391,Fashion,Bata,1999.00,2,2024-05-12,Pune
ORD15677,CUST854,PRD031,Beauty,,547.00,1,2024-05-12,Bengaluru
ORD15678,CUST926,PRD298,Home & Kitchen,Borosil,4499.00,1,2024-05-12,Delhi
ORD15678,CUST926,PRD521,Beauty,Plum,303.00,4,2024-05-12,Delhi
ORD15678,CUST926,PRD084,Fashion,Woodland,332.00,1,2024-05-12,Delhi
ORD15679,CUST1372,PRD488,Beauty,Maybelline,409.00,1,2024-05-12,Pune
ORD15680,CUST879,PRD343,Home & Kitchen,Hawkins,805.00,2,2024-05-12,Mumbai
ORD15680,CUST879,PRD197,Sports,Cosco,3499.00,1,2024-05-12,Mumbai
ORD15681,CUST044,PRD600,Fashion,Allen Solly,763.00,2,2024-05-12,Bengaluru
ORD15682,CUST1198,PRD322,Sports,Puma,1255.00,2,2024-05-12,Kolkata
ORD15683,CUST102,PRD292,Home & Kitchen,Cello,2099.00,1,2024-05-12,Bengaluru
ORD15683,CUST102,PRD197,Sports,Cosco,3499.00,1,2024-05-12,Bengaluru
ORD15683,CUST102,PRD137,Home & Kitchen,Wonderchef,737.00,1,2024-05-12,Bengaluru
ORD15683,CUST102,PRD225,Electronics,Samsung,469.00,2,2024-05-12,Bengaluru
ORD15684,CUST1253,PRD392,Home & Kitchen,Pigeon,1205.00,2,2024-05-12,Pune
ORD15685,CUST263,PRD444,Electronics,Samsung,346.00,2,2024-05-12,Delhi
ORD15686,CUST462,PRD521,Beauty,Plum,303.00,2,2024-05-12,Bengaluru
ORD15686,CUST462,PRD076,Sports,Nivia,579.00,1,2024-05-12,Bengaluru
ORD15687,CUST290,PRD402,Fashion,Peter England,637.00,1,2024-05-12,Bengaluru
ORD15688,CUST212,PRD195,Books,Bloomsbury,599.00,1,2024-05-12,Bengaluru
ORD15688,CUST212,PRD343,Home & Kitchen,Hawkins,805.00,2,2024-05-12,Bengaluru
ORD15689,CUST215,PRD280,Electronics,Apple,4376.00,1,2024-05-12,Chennai
ORD15690,CUST599,PRD593,Beauty,Himalaya,289.00,5,2024-05-12,Bengaluru
ORD15691,CUST568,PRD377,Sports,Adidas,558.00,1,2024-05-12,Bengaluru
ORD15692,CUST1500,PRD162,Beauty,Nivea,177.00,5,2024-05-12,Delhi
ORD15692,CUST1500,PRD554,Home & Kitchen,Borosil,403.00,1,2024-05-12,Delhi
ORD15693,CUST1000,PRD004,Home & Kitchen,Pigeon,874.00,1,2024-05-12,Mumbai
ORD15694,CUST312,PRD079,Fashion,Biba,1249.00,1,2024-05-12,Delhi
ORD15694,CUST312,PRD508,Electronics,Sony,1978.00,2,2024-05-12,Delhi
ORD15695,CUST907,PRD429,Electronics,Boult,577.00,2,2024-05-12,Mumbai
ORD15695,CUST907,PRD168,Home & Kitchen,Prestige,1522.00,2,2024-05-12,Mumbai
ORD15695,CUST907,PRD357,Home & Kitchen,Milton,918.00,1,2024-05-12,Mumbai
ORD15696,CUST612,PRD318,Books,Westland,448.00,8,2024-05-12,Kolkata
ORD15696,CUST612,PRD444,Electronics,Samsung,346.00,3,2024-05-12,Kolkata
ORD15697,CUST124,PRD280,Electronics,Apple,4376.00,2,2024-05-12,Delhi
ORD15697,CUST124,PRD273,Books,Bloomsbury,1199.00,3,2024-05-12,Delhi
ORD15698,CUST417,PRD274,Beauty,Himalaya,188.00,2,2024-05-12,Mumbai
ORD15699,CUST062,PRD056,Home & Kitchen,Milton,1613.00,1,2024-05-12,Mumbai
ORD15699,CUST062,PRD324,Fashion,Allen Solly,843.00,1,2024-05-12,Mumbai
ORD15700,CUST118,PRD206,Books,Rupa,458.00,1,2024-05-12,Mumbai
ORD15700,CUST118,PRD215,Sports,Campus,638.00,1,2024-05-12,Mumbai
ORD15701,CUST865,PRD171,Beauty,Lakme,599.00,2,2024-05-12,Ahmedabad
ORD15702,CUST975,PRD530,Home & Kitchen,Prestige,1101.00,2,2024-05-12,Hyderabad
ORD15703,CUST1203,PRD174,Fashion,Bata,1462.00,2,2024-05-12,Bengaluru
ORD15704,CUST223,PRD298,Home & Kitchen,Borosil,4499.00,1,2024-05-12,Mumbai
ORD15704,CUST223,PRD490,Electronics,Mi,1499.00,1,2024-05-12,Mumbai
ORD15705,CUST741,PRD110,Home & Kitchen,Cello,1832.00,2,2024-05-12,Hyderabad
ORD15705,CUST741,PRD302,Books,Penguin,361.00,2,2024-05-12,Hyderabad
ORD15706,CUST783,PRD289,Electronics,Boult,826.00,1,2024-05-12,Bengaluru
ORD15707,CUST365,PRD153,Electronics,Apple,1631.00,3,2024-05-12,Delhi
ORD15708,CUST1395,PRD127,Beauty,Biotique,208.00,4,2024-05-12,Mumbai
ORD15709,CUST1319,PRD364,Electronics,Realme,769.00,3,2024-05-12,Mumbai
ORD15710,CUST539,PRD381,Fashion,Peter England,406.00,3,2024-05-12,Kolkata
ORD15710,CUST539,PRD214,Fashion,Bata,650.00,1,2024-05-12,Kolkata
ORD15710,CUST539,PRD489,Electronics,Apple,9999.00,1,2024-05-12,Kolkata
ORD15711,CUST977,PRD394,Home & Kitchen,Butterfly,1799.00,2,2024-05-12,Mumbai
ORD15712,CUST1426,PRD440,Beauty,Maybelline,250.00,1,2024-05-12,Mumbai
ORD15713,CUST1208,PRD326,Fashion,Bata,547.00,1,2024-05-12,Delhi
ORD15714,CUST894,PRD207,Beauty,Maybelline,467.00,4,2024-05-12,Mumbai
ORD15715,CUST353,PRD563,Electronics,Samsung,443.00,2,2024-05-12,Mumbai
ORD15716,CUST1262,PRD197,Sports,Cosco,3499.00,1,2024-05-13,Kolkata
ORD15716,CUST1262,PRD271,Home & Kitchen,Cello,404.00,1,2024-05-13,Kolkata
ORD15717,CUST364,PRD240,Home & Kitchen,Pigeon,1232.00,1,2024-05-13,Chennai
ORD15718,CUST408,PRD399,Electronics,Noise,1564.00,1,2024-05-13,Kolkata
ORD15719,CUST464,PRD163,Electronics,Realme,1801.00,2,2024-05-13,Delhi
ORD15719,CUST464,PRD454,Home & Kitchen,Milton,385.00,4,2024-05-13,Delhi
ORD15720,CUST623,PRD240,Home & Kitchen,Pigeon,1232.00,1,2024-05-13,Pune
ORD15721,CUST254,PRD180,Home & Kitchen,Cello,835.00,3,2024-05-13,Hyderabad
ORD15722,CUST641,PRD563,Electronics,Samsung,443.00,3,2024-05-13,Hyderabad
ORD15723,CUST553,PRD497,Home & Kitchen,Borosil,776.00,1,2024-05-13,Delhi
ORD15724,CUST1171,PRD162,Beauty,Nivea,177.00,4,2024-05-13,Pune
ORD15725,CUST1457,PRD562,Books,Westland,999.00,2,2024-05-13,Delhi
ORD15726,CUST377,PRD122,Sports,Yonex,2499.00,1,2024-05-13,Mumbai
ORD15726,CUST377,PRD381,Fashion,Peter England,406.00,1,2024-05-13,Mumbai
ORD15726,CUST377,PRD444,Electronics,Samsung,346.00,1,2024-05-13,Mumbai
ORD15727,CUST1201,PRD596,Electronics,Sony,440.00,1,2024-05-13,Mumbai
ORD15728,CUST723,PRD161,Home & Kitchen,Cello,1367.00,2,2024-05-13,Mumbai
ORD15729,CUST926,PRD514,Electronics,Samsung,170.00,2,2024-05-13,Delhi
ORD15729,CUST926,PRD369,Sports,Decathlon,237.00,2,2024-05-13,Delhi
ORD15730,CUST488,PRD590,Fashion,Sparx,389.00,3,2024-05-13,Chennai
ORD15731,CUST194,PRD521,Beauty,Plum,303.00,1,2024-05-13,Mumbai
ORD15732,CUST955,PRD402,Fashion,Peter England,637.00,2,2024-05-13,Chennai
ORD15733,CUST1437,PRD588,Electronics,JBL,3249.00,1,2024-05-13,Bengaluru
ORD15734,CUST507,PRD098,Fashion,Peter England,1499.00,1,2024-05-13,Pune
ORD15734,CUST507,PRD562,Books,Westland,999.00,1,2024-05-13,Pune
ORD15735,CUST1473,PRD318,Books,Westland,448.00,6,2024-05-13,Hyderabad
ORD15736,CUST060,PRD382,Electronics,Realme,247.00,1,2024-05-13,Mumbai
ORD15736,CUST060,PRD225,Electronics,Samsung,469.00,2,2024-05-13,Mumbai
ORD15737,CUST1333,PRD129,Home & Kitchen,Pigeon,728.00,2,2024-05-13,Bengaluru
ORD15737,CUST1333,PRD370,Fashion,Biba,1058.00,3,2024-05-13,Bengaluru
ORD15738,CUST069,PRD310,Sports,Decathlon,2499.00,1,2024-05-13,Mumbai
ORD15739,CUST449,PRD119,Fashion,Allen Solly,969.00,1,2024-05-13,Delhi
ORD15739,CUST449,PRD535,Fashion,Bata,670.00,2,2024-05-13,Delhi
ORD15739,CUST449,PRD264,Home & Kitchen,Prestige,518.00,1,2024-05-13,Delhi
ORD15740,CUST1047,PRD084,Fashion,Woodland,332.00,5,2024-05-13,Mumbai
ORD15740,CUST1047,PRD174,Fashion,Bata,1462.00,1,2024-05-13,Mumbai
ORD15741,CUST1349,PRD207,Beauty,Maybelline,467.00,1,2024-05-13,Hyderabad
ORD15742,CUST932,PRD053,Sports,Cosco,2360.00,1,2024-05-13,Pune
ORD15743,CUST073,PRD343,Home & Kitchen,Hawkins,805.00,1,2024-05-13,Mumbai
ORD15744,CUST279,PRD406,Fashion,Levis,1299.00,1,2024-05-13,Mumbai
ORD15744,CUST279,PRD197,Sports,Cosco,3499.00,1,2024-05-13,Mumbai
ORD15745,CUST728,PRD488,Beauty,Maybelline,409.00,3,2024-05-13,Bengaluru
ORD15745,CUST728,PRD521,Beauty,Plum,303.00,3,2024-05-13,Bengaluru
ORD15745,CUST728,PRD191,Fashion,Levis,651.00,2,2024-05-13,Bengaluru
ORD15745,CUST728,PRD584,Sports,Nike,202.00,1,2024-05-13,Bengaluru
ORD15746,CUST1319,PRD225,Electronics,Samsung,469.00,2,2024-05-13,Mumbai
ORD15746,CUST1319,PRD326,Fashion,Bata,547.00,2,2024-05-13,Mumbai
ORD15747,CUST540,PRD577,Electronics,Mi,1502.00,1,2024-05-13,Bengaluru
ORD15747,CUST540,PRD225,Electronics,Samsung,469.00,2,2024-05-13,Bengaluru
ORD15748,CUST941,PRD443,Fashion,Puma,437.00,5,2024-05-13,Ahmedabad
ORD15749,CUST626,PRD233,Sports,Campus,1499.00,1,2024-05-13,Mumbai
ORD15749,CUST626,PRD521,Beauty,Plum,303.00,2,2024-05-13,Mumbai
ORD15749,CUST626,PRD426,Beauty,Biotique,492.00,1,2024-05-13,Mumbai
ORD15750,CUST702,PRD522,Fashion,Woodland,302.00,4,2024-05-13,Pune
ORD15751,CUST063,PRD449,Sports,Decathlon,1146.00,1,2024-05-13,Chennai
ORD15752,CUST1153,PRD092,Beauty,Maybelline,184.00,5,2024-05-13,Bengaluru
ORD15753,CUST028,PRD505,Beauty,Nivea,307.00,1,2024-05-13,Mumbai
ORD15753,CUST028,PRD357,Home & Kitchen,Milton,918.00,1,2024-05-13,Mumbai
ORD15754,CUST140,PRD324,Fashion,Allen Solly,843.00,1,2024-05-13,Mumbai
ORD15754,CUST140,PRD508,Electronics,Sony,1978.00,1,2024-05-13,Mumbai
ORD15754,CUST140,PRD225,Electronics,Samsung,469.00,1,2024-05-13,Mumbai
ORD15755,CUST136,PRD410,Electronics,OnePlus,4071.00,1,2024-05-13,Delhi
ORD15756,CUST332,PRD200,Beauty,Biotique,209.00,3,2024-05-13,Chennai
ORD15757,CUST105,PRD174,Fashion,Bata,1462.00,1,2024-05-13,Mumbai
ORD15757,CUST105,PRD069,Fashion,Woodland,1644.00,2,2024-05-13,Mumbai
ORD15757,CUST105,PRD521,Beauty,Plum,303.00,1,2024-05-13,Mumbai
ORD15757,CUST105,PRD277,Electronics,Samsung,2013.00,1,2024-05-13,Mumbai
ORD15758,CUST1354,PRD208,Electronics,Boult,7315.00,1,2024-05-13,Chennai
ORD15758,CUST1354,PRD507,Books,Aleph,640.00,1,2024-05-13,Chennai
ORD15758,CUST1354,PRD247,Sports,Campus,1130.00,2,2024-05-13,Chennai
ORD15758,CUST1354,PRD600,Fashion,Allen Solly,763.00,1,2024-05-13,Chennai
ORD15759,CUST1243,PRD411,Fashion,Bata,815.00,3,2024-05-14,Hyderabad
ORD15759,CUST1243,PRD425,Electronics,Realme,1566.00,1,2024-05-14,Hyderabad
ORD15760,CUST332,PRD162,Beauty,Nivea,177.00,2,2024-05-14,Chennai
ORD15761,CUST886,PRD343,Home & Kitchen,Hawkins,805.00,1,2024-05-14,Pune
ORD15762,CUST600,PRD342,Books,Westland,462.00,1,2024-05-14,Pune
ORD15762,CUST600,PRD381,Fashion,Peter England,406.00,5,2024-05-14,Pune
ORD15763,CUST417,PRD295,Books,Rupa,420.00,3,2024-05-14,Mumbai
ORD15764,CUST769,PRD129,Home & Kitchen,Pigeon,728.00,3,2024-05-14,Pune
ORD15765,CUST1469,PRD381,Fashion,Peter England,406.00,2,2024-05-14,Delhi
ORD15766,CUST1455,PRD509,Electronics,Noise,1956.00,1,2024-05-14,Hyderabad
ORD15766,CUST1455,PRD457,Beauty,Himalaya,385.00,4,2024-05-14,Hyderabad
ORD15767,CUST1290,PRD535,Fashion,Bata,670.00,2,2024-05-14,Mumbai
ORD15768,CUST1094,PRD340,Fashion,Peter England,1499.00,1,2024-05-14,Ahmedabad
ORD15769,CUST975,PRD027,Fashion,Puma,488.00,1,2024-05-14,Hyderabad
ORD15770,CUST976,PRD592,Fashion,Levis,555.00,2,2024-05-14,Mumbai
ORD15770,CUST976,PRD455,Electronics,Noise,1484.00,2,2024-05-14,Mumbai
ORD15771,CUST247,PRD123,Fashion,Allen Solly,1816.00,1,2024-05-14,Pune
ORD15772,CUST978,PRD174,Fashion,Bata,1462.00,1,2024-05-14,Mumbai
ORD15773,CUST829,PRD332,Fashion,Biba,597.00,1,2024-05-14,Pune
ORD15773,CUST829,PRD216,Sports,Campus,559.00,2,2024-05-14,Pune
ORD15774,CUST572,PRD311,Sports,Nike,876.00,1,2024-05-14,Mumbai
ORD15775,CUST626,PRD137,Home & Kitchen,Wonderchef,737.00,1,2024-05-14,Mumbai
ORD15776,CUST973,PRD407,Sports,Puma,235.00,2,2024-05-14,Delhi
ORD15777,CUST049,PRD443,Fashion,Puma,437.00,1,2024-05-14,Chennai
ORD15778,CUST783,PRD295,Books,Rupa,420.00,2,2024-05-14,Bengaluru
ORD15778,CUST783,PRD440,Beauty,Maybelline,250.00,1,2024-05-14,Bengaluru
ORD15779,CUST802,PRD225,Electronics,Samsung,469.00,3,2024-05-14,Delhi
ORD15780,CUST255,PRD131,Beauty,Plum,667.00,1,2024-05-14,Mumbai
ORD15781,CUST639,PRD083,Fashion,Sparx,627.00,1,2024-05-14,Hyderabad
ORD15781,CUST639,PRD577,Electronics,Mi,1502.00,1,2024-05-14,Hyderabad
ORD15782,CUST787,PRD014,Sports,Yonex,1280.00,1,2024-05-14,Mumbai
ORD15783,CUST704,PRD234,Fashion,Bata,484.00,1,2024-05-14,Bengaluru
ORD15784,CUST745,PRD257,Electronics,Noise,430.00,1,2024-05-14,Mumbai
ORD15784,CUST745,PRD086,Sports,Decathlon,1825.00,1,2024-05-14,Mumbai
ORD15784,CUST745,PRD399,Electronics,Noise,1564.00,2,2024-05-14,Mumbai
ORD15784,CUST745,PRD514,Electronics,Samsung,170.00,1,2024-05-14,Mumbai
ORD15785,CUST015,PRD247,Sports,Campus,1130.00,1,2024-05-14,Delhi
ORD15786,CUST918,PRD298,Home & Kitchen,Borosil,4499.00,1,2024-05-14,Hyderabad
ORD15786,CUST918,PRD045,Fashion,Sparx,959.00,1,2024-05-14,Hyderabad
ORD15787,CUST095,PRD521,Beauty,Plum,303.00,2,2024-05-14,Hyderabad
ORD15787,CUST095,PRD046,Home & Kitchen,Cello,2604.00,1,2024-05-14,Hyderabad
ORD15788,CUST968,PRD592,Fashion,Levis,555.00,1,2024-05-14,Delhi
ORD15789,CUST664,PRD448,Fashion,Biba,920.00,1,2024-05-14,Hyderabad
ORD15790,CUST295,PRD163,Electronics,Realme,1801.00,1,2024-05-14,Mumbai
ORD15791,CUST715,PRD469,Fashion,Puma,616.00,2,2024-05-14,Chennai
ORD15792,CUST308,PRD115,Fashion,Woodland,547.00,1,2024-05-14,Pune
ORD15793,CUST1274,PRD325,Sports,Puma,827.00,1,2024-05-14,Bengaluru
ORD15794,CUST971,PRD292,Home & Kitchen,Cello,2099.00,1,2024-05-14,Mumbai
ORD15794,CUST971,PRD154,Beauty,Lakme,404.00,2,2024-05-14,Mumbai
ORD15795,CUST312,PRD428,Electronics,OnePlus,921.00,2,2024-05-14,Delhi
ORD15796,CUST995,PRD174,Fashion,Bata,1462.00,1,2024-05-14,Hyderabad
ORD15797,CUST326,PRD132,Home & Kitchen,Milton,455.00,1,2024-05-14,Bengaluru
ORD15798,CUST339,PRD037,Home & Kitchen,Cello,584.00,2,2024-05-14,Bengaluru
ORD15799,CUST1462,PRD548,Electronics,Boult,2691.00,1,2024-05-14,Mumbai
ORD15800,CUST181,PRD264,Home & Kitchen,Prestige,518.00,1,2024-05-14,Chennai
ORD15801,CUST491,PRD323,Fashion,Woodland,312.00,1,2024-05-14,Kolkata
ORD15802,CUST1499,PRD493,Home & Kitchen,Milton,722.00,2,2024-05-14,Ahmedabad
ORD15803,CUST952,PRD129,Home & Kitchen,Pigeon,728.00,1,2024-05-14,Bengaluru
ORD15804,CUST1424,PRD321,Beauty,Himalaya,237.00,1,2024-05-14,Ahmedabad
ORD15805,CUST1381,PRD177,Fashion,Allen Solly,640.00,1,2024-05-14,Chennai
ORD15806,CUST1045,PRD084,Fashion,Woodland,332.00,1,2024-05-15,Mumbai
ORD15807,CUST136,PRD379,Electronics,Realme,3493.00,1,2024-05-15,Delhi
ORD15807,CUST136,PRD163,Electronics,Realme,1801.00,1,2024-05-15,Delhi
ORD15808,CUST1105,PRD072,Books,Aleph,226.00,1,2024-05-15,Delhi
ORD15809,CUST086,PRD230,Electronics,Apple,1596.00,1,2024-05-15,Mumbai
ORD15809,CUST086,PRD460,Beauty,Lakme,252.00,1,2024-05-15,Mumbai
ORD15809,CUST086,PRD129,Home & Kitchen,Pigeon,728.00,2,2024-05-15,Mumbai
ORD15810,CUST763,PRD276,Fashion,Peter England,1668.00,1,2024-05-15,Bengaluru
ORD15811,CUST114,PRD126,Sports,Decathlon,1107.00,1,2024-05-15,Chennai
ORD15812,CUST565,PRD518,Electronics,Mi,4469.00,1,2024-05-15,Hyderabad
ORD15813,CUST268,PRD443,Fashion,Puma,437.00,1,2024-05-15,Chennai
ORD15814,CUST1155,PRD434,Home & Kitchen,Cello,2260.00,1,2024-05-15,Delhi
ORD15815,CUST1259,PRD225,Electronics,Samsung,469.00,1,2024-05-15,Mumbai
ORD15816,CUST904,PRD563,Electronics,Samsung,443.00,1,2024-05-15,Ahmedabad
ORD15817,CUST483,PRD048,Beauty,Lakme,799.00,2,2024-05-15,Kolkata
ORD15818,CUST1422,PRD225,Electronics,Samsung,469.00,2,2024-05-15,Delhi
ORD15819,CUST036,PRD480,Sports,Nike,942.00,1,2024-05-15,Pune
ORD15819,CUST036,PRD011,Electronics,Noise,1933.00,2,2024-05-15,Pune
ORD15820,CUST435,PRD051,Fashion,Woodland,755.00,1,2024-05-15,Delhi
ORD15821,CUST317,PRD429,Electronics,Boult,577.00,1,2024-05-15,Chennai
ORD15821,CUST317,PRD163,Electronics,Realme,1801.00,1,2024-05-15,Chennai
ORD15821,CUST317,PRD174,Fashion,Bata,1462.00,2,2024-05-15,Chennai
ORD15821,CUST317,PRD303,Electronics,Boult,392.00,1,2024-05-15,Chennai
ORD15822,CUST040,PRD258,Books,Aleph,364.00,1,2024-05-15,Bengaluru
ORD15822,CUST040,PRD292,Home & Kitchen,Cello,2099.00,1,2024-05-15,Bengaluru
ORD15823,CUST232,PRD030,Electronics,Mi,1686.00,2,2024-05-15,Delhi
ORD15824,CUST1499,PRD225,Electronics,Samsung,469.00,2,2024-05-15,Ahmedabad
ORD15824,CUST1499,PRD211,Sports,Adidas,1428.00,1,2024-05-15,Ahmedabad
ORD15824,CUST1499,PRD475,Fashion,Peter England,1447.00,2,2024-05-15,Ahmedabad
ORD15825,CUST078,PRD027,Fashion,Puma,488.00,5,2024-05-15,Mumbai
ORD15826,CUST310,PRD129,Home & Kitchen,Pigeon,728.00,1,2024-05-15,Mumbai
ORD15827,CUST507,PRD320,Electronics,Mi,313.00,3,2024-05-15,Pune
ORD15828,CUST075,PRD508,Electronics,Sony,1978.00,1,2024-05-15,Mumbai
ORD15829,CUST470,PRD381,Fashion,Peter England,406.00,1,2024-05-15,Kolkata
ORD15830,CUST1156,PRD004,Home & Kitchen,Pigeon,874.00,1,2024-05-15,Chennai
ORD15830,CUST1156,PRD127,Beauty,Biotique,208.00,2,2024-05-15,Chennai
ORD15831,CUST983,PRD245,Sports,Nike,3495.00,1,2024-05-15,Kolkata
ORD15831,CUST983,PRD524,Beauty,Himalaya,249.00,1,2024-05-15,Kolkata
ORD15832,CUST956,PRD057,Electronics,Sony,1157.00,1,2024-05-15,Mumbai
ORD15832,CUST956,PRD238,Home & Kitchen,Borosil,948.00,3,2024-05-15,Mumbai
ORD15832,CUST956,PRD462,Electronics,Noise,2358.00,1,2024-05-15,Mumbai
ORD15832,CUST956,PRD252,Electronics,OnePlus,270.00,2,2024-05-15,Mumbai
ORD15833,CUST272,PRD197,Sports,Cosco,3499.00,1,2024-05-15,Delhi
ORD15833,CUST272,PRD091,Home & Kitchen,Cello,349.00,2,2024-05-15,Delhi
ORD15834,CUST431,PRD238,Home & Kitchen,Borosil,948.00,1,2024-05-15,Bengaluru
ORD15834,CUST431,PRD140,Home & Kitchen,Prestige,2499.00,1,2024-05-15,Bengaluru
ORD15835,CUST449,PRD339,Electronics,OnePlus,1061.00,1,2024-05-15,Delhi
ORD15836,CUST062,PRD517,Fashion,Biba,1273.00,2,2024-05-15,Mumbai
ORD15837,CUST346,PRD093,Fashion,Woodland,562.00,2,2024-05-15,Bengaluru
ORD15838,CUST1198,PRD285,Electronics,Sony,613.00,1,2024-05-15,Kolkata
ORD15839,CUST641,PRD522,Fashion,Woodland,302.00,1,2024-05-15,Hyderabad
ORD15840,CUST162,PRD114,Fashion,Bata,1028.00,1,2024-05-15,Delhi
ORD15841,CUST1115,PRD346,Electronics,Mi,2922.00,1,2024-05-15,Mumbai
ORD15842,CUST792,PRD051,Fashion,Woodland,755.00,1,2024-05-15,Pune
ORD15843,CUST1063,PRD204,Electronics,Boat,1299.00,1,2024-05-15,Bengaluru
ORD15843,CUST1063,PRD483,Beauty,Lakme,162.00,8,2024-05-15,Bengaluru
ORD15843,CUST1063,PRD423,Home & Kitchen,Pigeon,623.00,1,2024-05-15,Bengaluru
ORD15844,CUST1498,PRD177,Fashion,Allen Solly,640.00,1,2024-05-15,Chennai
ORD15845,CUST156,PRD266,Beauty,Himalaya,637.00,3,2024-05-15,Mumbai
ORD15846,CUST907,PRD261,Fashion,Sparx,324.00,3,2024-05-16,Mumbai
ORD15846,CUST907,PRD069,Fashion,Woodland,1644.00,1,2024-05-16,Mumbai
ORD15847,CUST814,PRD500,Electronics,Samsung,18999.00,1,2024-05-16,Bengaluru
ORD15848,CUST167,PRD342,Books,Westland,462.00,1,2024-05-16,Bengaluru
ORD15849,CUST048,PRD107,Electronics,JBL,844.00,2,2024-05-16,Mumbai
ORD15849,CUST048,PRD356,Electronics,Samsung,211.00,4,2024-05-16,Mumbai
ORD15849,CUST048,PRD197,Sports,Cosco,3499.00,1,2024-05-16,Mumbai
ORD15850,CUST411,PRD397,Sports,Decathlon,1292.00,1,2024-05-16,Delhi
ORD15850,CUST411,PRD066,Electronics,JBL,487.00,3,2024-05-16,Delhi
ORD15850,CUST411,PRD484,Beauty,Himalaya,150.00,3,2024-05-16,Delhi
ORD15850,CUST411,PRD076,Sports,Nivia,579.00,2,2024-05-16,Delhi
ORD15851,CUST629,PRD466,Books,Westland,1261.00,3,2024-05-16,Delhi
ORD15852,CUST255,PRD500,Electronics,Samsung,18999.00,1,2024-05-16,Mumbai
ORD15853,CUST324,PRD498,Fashion,Levis,2999.00,1,2024-05-16,Pune
ORD15854,CUST1037,PRD204,Electronics,Boat,1299.00,1,2024-05-16,Delhi
ORD15854,CUST1037,PRD001,Home & Kitchen,Prestige,1327.00,2,2024-05-16,Delhi
ORD15855,CUST387,PRD486,Electronics,Sony,907.00,1,2024-05-16,Delhi
ORD15856,CUST1154,PRD316,Home & Kitchen,Milton,458.00,1,2024-05-16,Bengaluru
ORD15857,CUST504,PRD588,Electronics,JBL,3249.00,1,2024-05-16,Hyderabad
ORD15857,CUST504,PRD048,Beauty,Lakme,799.00,1,2024-05-16,Hyderabad
ORD15858,CUST1393,PRD392,Home & Kitchen,Pigeon,1205.00,2,2024-05-16,Chennai
ORD15858,CUST1393,PRD536,Home & Kitchen,Butterfly,4499.00,1,2024-05-16,Chennai
ORD15859,CUST414,PRD197,Sports,Cosco,3499.00,1,2024-05-16,Ahmedabad
ORD15859,CUST414,PRD093,Fashion,Woodland,562.00,1,2024-05-16,Ahmedabad
ORD15859,CUST414,PRD030,Electronics,Mi,1686.00,1,2024-05-16,Ahmedabad
ORD15859,CUST414,PRD304,Sports,Campus,1385.00,1,2024-05-16,Ahmedabad
ORD15860,CUST925,PRD034,Electronics,Noise,150.00,1,2024-05-16,Delhi
ORD15860,CUST925,PRD186,Beauty,Himalaya,288.00,3,2024-05-16,Delhi
ORD15861,CUST1298,PRD533,Beauty,Plum,379.00,2,2024-05-16,Delhi
ORD15862,CUST135,PRD503,Fashion,Sparx,561.00,2,2024-05-16,Chennai
ORD15863,CUST354,PRD574,Electronics,Mi,318.00,1,2024-05-16,Hyderabad
ORD15863,CUST354,PRD452,Home & Kitchen,Wonderchef,462.00,3,2024-05-16,Hyderabad
ORD15863,CUST354,PRD418,Home & Kitchen,Borosil,473.00,2,2024-05-16,Hyderabad
ORD15864,CUST158,PRD197,Sports,Cosco,3499.00,1,2024-05-16,Bengaluru
ORD15865,CUST351,PRD218,Sports,Cosco,263.00,3,2024-05-16,Bengaluru
ORD15866,CUST1163,PRD392,Home & Kitchen,Pigeon,1205.00,1,2024-05-16,Delhi
ORD15867,CUST1121,PRD393,Fashion,Allen Solly,521.00,1,2024-05-16,Kolkata
ORD15868,CUST1415,PRD410,Electronics,OnePlus,4071.00,1,2024-05-16,Bengaluru
ORD15868,CUST1415,PRD108,Sports,Yonex,899.00,1,2024-05-16,Bengaluru
ORD15869,CUST1372,PRD495,Fashion,Woodland,1999.00,1,2024-05-16,Pune
ORD15869,CUST1372,PRD014,Sports,Yonex,1280.00,1,2024-05-16,Pune
ORD15869,CUST1372,PRD019,Fashion,Woodland,707.00,3,2024-05-16,Pune
ORD15870,CUST1272,PRD144,Fashion,Allen Solly,315.00,2,2024-05-16,Mumbai
ORD15870,CUST1272,PRD174,Fashion,Bata,1462.00,1,2024-05-16,Mumbai
ORD15871,CUST1455,PRD196,Fashion,Bata,1293.00,1,2024-05-16,Hyderabad
ORD15872,CUST973,PRD174,Fashion,Bata,1462.00,2,2024-05-16,Delhi
ORD15872,CUST973,PRD424,Beauty,Himalaya,526.00,1,2024-05-16,Delhi
ORD15873,CUST996,PRD325,Sports,Puma,827.00,2,2024-05-16,Bengaluru
ORD15873,CUST996,PRD137,Home & Kitchen,Wonderchef,737.00,1,2024-05-16,Bengaluru
ORD15873,CUST996,PRD295,Books,Rupa,420.00,5,2024-05-16,Bengaluru
ORD15874,CUST172,PRD458,Fashion,Woodland,614.00,1,2024-05-16,Hyderabad
ORD15875,CUST1220,PRD444,Electronics,Samsung,346.00,1,2024-05-16,Delhi
ORD15876,CUST656,PRD449,Sports,Decathlon,1146.00,1,2024-05-16,Mumbai
ORD15876,CUST656,PRD197,Sports,Cosco,3499.00,1,2024-05-16,Mumbai
ORD15876,CUST656,PRD422,Sports,Cosco,864.00,1,2024-05-16,Mumbai
ORD15877,CUST626,PRD297,Home & Kitchen,Pigeon,1081.00,1,2024-05-16,Mumbai
ORD15878,CUST748,PRD172,Electronics,Realme,318.00,1,2024-05-16,Delhi
ORD15879,CUST1201,PRD391,Fashion,Bata,1999.00,1,2024-05-16,Mumbai
ORD15880,CUST1319,PRD521,Beauty,Plum,303.00,1,2024-05-16,Mumbai
ORD15881,CUST455,PRD417,Electronics,Boult,467.00,2,2024-05-16,Mumbai
ORD15882,CUST784,PRD386,Fashion,Bata,1023.00,1,2024-05-16,Hyderabad
ORD15883,CUST977,PRD026,Home & Kitchen,Milton,781.00,1,2024-05-16,Mumbai
ORD15884,CUST1398,PRD410,Electronics,OnePlus,4071.00,1,2024-05-16,Bengaluru
ORD15884,CUST1398,PRD271,Home & Kitchen,Cello,404.00,1,2024-05-16,Bengaluru
ORD15885,CUST526,PRD374,Electronics,Samsung,1706.00,1,2024-05-16,Mumbai
ORD15886,CUST219,PRD173,Sports,Cosco,555.00,1,2024-05-16,Delhi
ORD15887,CUST1169,PRD258,Books,Aleph,364.00,1,2024-05-16,Delhi
ORD15888,CUST903,PRD129,Home & Kitchen,Pigeon,728.00,3,2024-05-16,Mumbai
ORD15888,CUST903,PRD272,Electronics,JBL,188.00,2,2024-05-16,Mumbai
ORD15888,CUST903,PRD565,Electronics,Samsung,941.00,1,2024-05-16,Mumbai
ORD15888,CUST903,PRD544,Home & Kitchen,Butterfly,1694.00,1,2024-05-16,Mumbai
ORD15889,CUST1053,PRD595,Fashion,Sparx,934.00,2,2024-05-16,Chennai
ORD15889,CUST1053,PRD121,Beauty,Biotique,1199.00,1,2024-05-16,Chennai
ORD15890,CUST535,PRD307,Books,Rupa,1199.00,1,2024-05-16,Bengaluru
ORD15891,CUST079,PRD204,Electronics,Boat,1299.00,3,2024-05-17,Mumbai
ORD15891,CUST079,PRD535,Fashion,Bata,670.00,1,2024-05-17,Mumbai
ORD15892,CUST096,PRD397,Sports,Decathlon,1292.00,1,2024-05-17,Delhi
ORD15892,CUST096,PRD466,Books,Westland,1261.00,3,2024-05-17,Delhi
ORD15893,CUST484,PRD583,Fashion,Biba,735.00,1,2024-05-17,Chennai
ORD15894,CUST454,PRD307,Books,Rupa,1199.00,2,2024-05-17,Chennai
ORD15894,CUST454,PRD254,Electronics,Mi,1014.00,1,2024-05-17,Chennai
ORD15895,CUST966,PRD549,Fashion,Biba,767.00,1,2024-05-17,Bengaluru
ORD15896,CUST727,PRD163,Electronics,Realme,1801.00,2,2024-05-17,Mumbai
ORD15897,CUST325,PRD195,Books,Bloomsbury,599.00,1,2024-05-17,Mumbai
ORD15897,CUST325,PRD213,Home & Kitchen,Butterfly,482.00,3,2024-05-17,Mumbai
ORD15897,CUST325,PRD013,Fashion,Biba,2499.00,1,2024-05-17,Mumbai
ORD15898,CUST694,PRD095,Home & Kitchen,Pigeon,449.00,2,2024-05-17,Hyderabad
ORD15898,CUST694,PRD003,Electronics,JBL,3498.00,1,2024-05-17,Hyderabad
ORD15898,CUST694,PRD128,Books,Rupa,218.00,2,2024-05-17,Hyderabad
ORD15899,CUST628,PRD304,Sports,Campus,1385.00,2,2024-05-17,Mumbai
ORD15899,CUST628,PRD168,Home & Kitchen,Prestige,1522.00,1,2024-05-17,Mumbai
ORD15900,CUST1265,PRD381,Fashion,Peter England,406.00,1,2024-05-17,Mumbai
ORD15900,CUST1265,PRD004,Home & Kitchen,Pigeon,874.00,1,2024-05-17,Mumbai
ORD15900,CUST1265,PRD589,Fashion,Allen Solly,661.00,2,2024-05-17,Mumbai
ORD15901,CUST448,PRD475,Fashion,Peter England,1447.00,1,2024-05-17,Hyderabad
ORD15901,CUST448,PRD131,Beauty,Plum,667.00,3,2024-05-17,Hyderabad
ORD15902,CUST270,PRD039,Beauty,Himalaya,936.00,1,2024-05-17,Bengaluru
ORD15903,CUST411,PRD552,Beauty,Nivea,154.00,3,2024-05-17,Delhi
ORD15904,CUST028,PRD069,Fashion,Woodland,1644.00,1,2024-05-17,Mumbai
ORD15904,CUST028,PRD204,Electronics,Boat,1299.00,1,2024-05-17,Mumbai
ORD15904,CUST028,PRD589,Fashion,Allen Solly,661.00,1,2024-05-17,Mumbai
ORD15905,CUST1031,PRD582,Sports,Decathlon,1095.00,1,2024-05-17,Hyderabad
ORD15905,CUST1031,PRD403,Books,Rupa,201.00,2,2024-05-17,Hyderabad
ORD15906,CUST128,PRD204,Electronics,Boat,1299.00,3,2024-05-17,Delhi
ORD15907,CUST512,PRD325,Sports,Puma,827.00,1,2024-05-17,Bengaluru
ORD15908,CUST718,PRD521,Beauty,Plum,303.00,1,2024-05-17,Delhi
ORD15908,CUST718,PRD082,Home & Kitchen,Butterfly,614.00,1,2024-05-17,Delhi
ORD15909,CUST249,PRD402,Fashion,Peter England,637.00,1,2024-05-17,Hyderabad
ORD15910,CUST763,PRD469,Fashion,Puma,616.00,1,2024-05-17,Bengaluru
ORD15911,CUST1295,PRD582,Sports,Decathlon,1095.00,1,2024-05-17,Chennai
ORD15911,CUST1295,PRD104,Home & Kitchen,Butterfly,875.00,1,2024-05-17,Chennai
ORD15912,CUST499,PRD304,Sports,Campus,1385.00,2,2024-05-17,Pune
ORD15912,CUST499,PRD030,Electronics,Mi,1686.00,2,2024-05-17,Pune
ORD15912,CUST499,PRD105,Beauty,Biotique,179.00,1,2024-05-17,Pune
ORD15913,CUST622,PRD454,Home & Kitchen,Milton,385.00,4,2024-05-17,Delhi
ORD15913,CUST622,PRD307,Books,Rupa,1199.00,2,2024-05-17,Delhi
ORD15913,CUST622,PRD521,Beauty,Plum,303.00,1,2024-05-17,Delhi
ORD15914,CUST1189,PRD147,Home & Kitchen,Borosil,615.00,1,2024-05-17,Delhi
ORD15914,CUST1189,PRD247,Sports,Campus,1130.00,2,2024-05-17,Delhi
ORD15915,CUST391,PRD390,Electronics,Apple,1322.00,1,2024-05-17,Pune
ORD15916,CUST1434,PRD321,Beauty,Himalaya,237.00,3,2024-05-17,Mumbai
ORD15916,CUST1434,PRD447,Fashion,Sparx,974.00,1,2024-05-17,Mumbai
ORD15916,CUST1434,PRD121,Beauty,Biotique,1199.00,2,2024-05-17,Mumbai
ORD15917,CUST933,PRD500,Electronics,Samsung,18999.00,1,2024-05-17,Pune
ORD15917,CUST933,PRD232,Fashion,Biba,822.00,1,2024-05-17,Pune
ORD15918,CUST680,PRD301,Electronics,Boult,813.00,3,2024-05-17,Bengaluru
ORD15919,CUST866,PRD444,Electronics,Samsung,346.00,1,2024-05-17,Pune
ORD15920,CUST985,PRD449,Sports,Decathlon,1146.00,2,2024-05-17,Bengaluru
ORD15920,CUST985,PRD446,Beauty,Plum,155.00,1,2024-05-17,Bengaluru
ORD15920,CUST985,PRD091,Home & Kitchen,Cello,349.00,5,2024-05-17,Bengaluru
ORD15921,CUST602,PRD240,Home & Kitchen,Pigeon,1232.00,1,2024-05-17,Chennai
ORD15922,CUST420,PRD304,Sports,Campus,1385.00,1,2024-05-17,Delhi
ORD15923,CUST1261,PRD287,Beauty,Plum,178.00,1,2024-05-17,Mumbai
ORD15924,CUST1236,PRD519,Sports,Adidas,826.00,1,2024-05-17,Delhi
ORD15925,CUST214,PRD599,Electronics,Samsung,1030.00,1,2024-05-17,Bengaluru
ORD15925,CUST214,PRD295,Books,Rupa,420.00,2,2024-05-17,Bengaluru
ORD15926,CUST1062,PRD513,Sports,Decathlon,3680.00,2,2024-05-17,Chennai
ORD15927,CUST409,PRD410,Electronics,OnePlus,4071.00,2,2024-05-17,Mumbai
ORD15927,CUST409,PRD477,Fashion,Levis,678.00,1,2024-05-17,Mumbai
ORD15927,CUST409,PRD401,Electronics,Realme,1790.00,1,2024-05-17,Mumbai
ORD15928,CUST222,PRD220,Books,Westland,415.00,2,2024-05-17,Hyderabad
ORD15929,CUST046,PRD577,Electronics,Mi,1502.00,1,2024-05-18,Mumbai
ORD15929,CUST046,PRD044,Fashion,Woodland,1002.00,1,2024-05-18,Mumbai
ORD15930,CUST504,PRD225,Electronics,Samsung,469.00,2,2024-05-18,Hyderabad
ORD15930,CUST504,PRD522,Fashion,Woodland,302.00,1,2024-05-18,Hyderabad
ORD15931,CUST203,PRD198,Electronics,Samsung,341.00,6,2024-05-18,Mumbai
ORD15932,CUST1462,PRD441,Electronics,Sony,8613.00,2,2024-05-18,Mumbai
ORD15933,CUST1262,PRD078,Fashion,Woodland,513.00,1,2024-05-18,Kolkata
ORD15934,CUST590,PRD491,Electronics,Boat,1154.00,3,2024-05-18,Mumbai
ORD15934,CUST590,PRD556,Fashion,Woodland,1340.00,1,2024-05-18,Mumbai
ORD15935,CUST958,PRD508,Electronics,Sony,1978.00,1,2024-05-18,Delhi
ORD15936,CUST1290,PRD427,Beauty,Biotique,217.00,2,2024-05-18,Mumbai
ORD15937,CUST138,PRD380,Home & Kitchen,Cello,1074.00,1,2024-05-18,Hyderabad
ORD15938,CUST1220,PRD110,Home & Kitchen,Cello,1832.00,3,2024-05-18,Delhi
ORD15938,CUST1220,PRD553,Books,Rupa,163.00,1,2024-05-18,Delhi
ORD15939,CUST449,PRD011,Electronics,Noise,1933.00,2,2024-05-18,Delhi
ORD15940,CUST307,PRD346,Electronics,Mi,2922.00,1,2024-05-18,Delhi
ORD15941,CUST305,PRD118,Home & Kitchen,Hawkins,2389.00,1,2024-05-18,Bengaluru
ORD15941,CUST305,PRD212,Electronics,Boult,149.00,1,2024-05-18,Bengaluru
ORD15941,CUST305,PRD176,Home & Kitchen,Borosil,459.00,2,2024-05-18,Bengaluru
ORD15942,CUST172,PRD174,Fashion,Bata,1462.00,1,2024-05-18,Hyderabad
ORD15942,CUST172,PRD508,Electronics,Sony,1978.00,1,2024-05-18,Hyderabad
ORD15943,CUST476,PRD600,Fashion,Allen Solly,763.00,1,2024-05-18,Pune
ORD15943,CUST476,PRD340,Fashion,Peter England,1499.00,1,2024-05-18,Pune
ORD15943,CUST476,PRD307,Books,Rupa,1199.00,1,2024-05-18,Pune
ORD15943,CUST476,PRD588,Electronics,JBL,3249.00,1,2024-05-18,Pune
ORD15944,CUST527,PRD030,Electronics,Mi,1686.00,2,2024-05-18,Pune
ORD15944,CUST527,PRD162,Beauty,Nivea,177.00,2,2024-05-18,Pune
ORD15944,CUST527,PRD401,Electronics,Realme,1790.00,1,2024-05-18,Pune
ORD15945,CUST553,PRD161,Home & Kitchen,Cello,1367.00,2,2024-05-18,Delhi
ORD15945,CUST553,PRD245,Sports,Nike,3495.00,2,2024-05-18,Delhi
ORD15946,CUST442,PRD315,Home & Kitchen,Prestige,668.00,3,2024-05-18,Mumbai
ORD15947,CUST1125,PRD132,Home & Kitchen,Milton,455.00,4,2024-05-18,Delhi
ORD15947,CUST1125,PRD582,Sports,Decathlon,1095.00,2,2024-05-18,Delhi
ORD15947,CUST1125,PRD467,Home & Kitchen,Prestige,845.00,1,2024-05-18,Delhi
ORD15948,CUST237,PRD285,Electronics,Sony,613.00,2,2024-05-18,Mumbai
ORD15949,CUST1339,PRD040,Electronics,Apple,817.00,2,2024-05-18,Pune
ORD15950,CUST431,PRD163,Electronics,Realme,1801.00,1,2024-05-18,Bengaluru
ORD15951,CUST1109,PRD355,Beauty,Plum,366.00,3,2024-05-18,Mumbai
ORD15951,CUST1109,PRD519,Sports,Adidas,826.00,1,2024-05-18,Mumbai
ORD15951,CUST1109,PRD416,Electronics,Boat,1236.00,1,2024-05-18,Mumbai
ORD15951,CUST1109,PRD583,Fashion,Biba,735.00,3,2024-05-18,Mumbai
ORD15952,CUST489,PRD132,Home & Kitchen,Milton,455.00,5,2024-05-18,Mumbai
ORD15953,CUST708,PRD177,Fashion,Allen Solly,640.00,1,2024-05-18,Delhi
ORD15953,CUST708,PRD113,Fashion,Levis,2999.00,1,2024-05-18,Delhi
ORD15954,CUST1306,PRD135,Books,Westland,243.00,2,2024-05-18,Delhi
ORD15954,CUST1306,PRD513,Sports,Decathlon,3680.00,1,2024-05-18,Delhi
ORD15954,CUST1306,PRD307,Books,Rupa,1199.00,1,2024-05-18,Delhi
ORD15955,CUST1049,PRD374,Electronics,Samsung,1706.00,1,2024-05-18,Hyderabad
ORD15955,CUST1049,PRD268,Fashion,Levis,360.00,2,2024-05-18,Hyderabad
ORD15956,CUST440,PRD076,Sports,Nivia,579.00,2,2024-05-18,Hyderabad
ORD15956,CUST440,PRD343,Home & Kitchen,Hawkins,805.00,1,2024-05-18,Hyderabad
ORD15957,CUST587,PRD582,Sports,Decathlon,1095.00,3,2024-05-18,Chennai
ORD15958,CUST1283,PRD076,Sports,Nivia,579.00,1,2024-05-18,Chennai
ORD15959,CUST406,PRD521,Beauty,,303.00,3,2024-05-18,Bengaluru
ORD15959,CUST406,PRD070,Home & Kitchen,Wonderchef,1246.00,2,2024-05-18,Bengaluru
ORD15960,CUST1494,PRD058,Electronics,Mi,2999.00,1,2024-05-18,Mumbai
ORD15961,CUST1276,PRD129,Home & Kitchen,Pigeon,728.00,2,2024-05-18,Bengaluru
ORD15962,CUST066,PRD469,Fashion,Puma,616.00,1,2024-05-18,Bengaluru
ORD15963,CUST211,PRD278,Home & Kitchen,Cello,1899.00,1,2024-05-18,Kolkata
ORD15964,CUST525,PRD553,Books,Rupa,163.00,3,2024-05-18,Ahmedabad
ORD15964,CUST525,PRD279,Fashion,Peter England,462.00,1,2024-05-18,Ahmedabad
ORD15965,CUST928,PRD174,Fashion,Bata,1462.00,1,2024-05-18,Pune
ORD15965,CUST928,PRD042,Home & Kitchen,Prestige,2999.00,1,2024-05-18,Pune
ORD15965,CUST928,PRD381,Fashion,Peter England,406.00,1,2024-05-18,Pune
ORD15965,CUST928,PRD525,Books,Bloomsbury,699.00,2,2024-05-18,Pune
ORD15966,CUST485,PRD078,Fashion,Woodland,513.00,1,2024-05-18,Hyderabad
ORD15966,CUST485,PRD488,Beauty,Maybelline,409.00,1,2024-05-18,Hyderabad
ORD15967,CUST1411,PRD244,Books,Westland,441.00,2,2024-05-18,Mumbai
ORD15968,CUST134,PRD232,Fashion,Biba,822.00,1,2024-05-18,Mumbai
ORD15969,CUST623,PRD581,Fashion,Woodland,637.00,1,2024-05-19,Pune
ORD15969,CUST623,PRD312,Sports,Nike,3499.00,1,2024-05-19,Pune
ORD15970,CUST146,PRD019,Fashion,Woodland,707.00,1,2024-05-19,Chennai
ORD15971,CUST189,PRD443,Fashion,Puma,437.00,2,2024-05-19,Delhi
ORD15972,CUST105,PRD326,Fashion,Bata,547.00,1,2024-05-19,Mumbai
ORD15973,CUST1095,PRD577,Electronics,Mi,1502.00,2,2024-05-19,Hyderabad
ORD15974,CUST358,PRD233,Sports,Campus,1499.00,1,2024-05-19,Kolkata
ORD15975,CUST848,PRD197,Sports,Cosco,3499.00,2,2024-05-19,Kolkata
ORD15976,CUST223,PRD177,Fashion,Allen Solly,640.00,1,2024-05-19,Mumbai
ORD15977,CUST1306,PRD283,Beauty,Himalaya,318.00,8,2024-05-19,Delhi
ORD15977,CUST1306,PRD369,Sports,Decathlon,237.00,4,2024-05-19,Delhi
ORD15977,CUST1306,PRD162,Beauty,Nivea,177.00,1,2024-05-19,Delhi
ORD15978,CUST1059,PRD379,Electronics,Realme,3493.00,1,2024-05-19,Delhi
ORD15979,CUST626,PRD194,Electronics,Apple,821.00,2,2024-05-19,Mumbai
ORD15980,CUST250,PRD225,Electronics,Samsung,469.00,1,2024-05-19,Delhi
ORD15981,CUST1329,PRD163,Electronics,Realme,1801.00,1,2024-05-19,Hyderabad
ORD15982,CUST778,PRD145,Electronics,Boult,241.00,2,2024-05-19,Chennai
ORD15983,CUST1297,PRD464,Books,Bloomsbury,502.00,1,2024-05-19,Hyderabad
ORD15983,CUST1297,PRD572,Electronics,Apple,1534.00,1,2024-05-19,Hyderabad
ORD15984,CUST697,PRD372,Beauty,Biotique,415.00,4,2024-05-19,Delhi
ORD15984,CUST697,PRD452,Home & Kitchen,Wonderchef,462.00,2,2024-05-19,Delhi
ORD15985,CUST669,PRD093,Fashion,Woodland,562.00,3,2024-05-19,Bengaluru
ORD15986,CUST1255,PRD066,Electronics,JBL,487.00,1,2024-05-19,Hyderabad
ORD15986,CUST1255,PRD398,Fashion,Biba,591.00,2,2024-05-19,Hyderabad
ORD15986,CUST1255,PRD340,Fashion,Peter England,1499.00,1,2024-05-19,Hyderabad
ORD15986,CUST1255,PRD225,Electronics,Samsung,469.00,2,2024-05-19,Hyderabad
ORD15987,CUST1040,PRD439,Electronics,Boat,394.00,2,2024-05-19,Delhi
ORD15988,CUST521,PRD423,Home & Kitchen,Pigeon,623.00,1,2024-05-19,Pune
ORD15988,CUST521,PRD040,Electronics,Apple,817.00,1,2024-05-19,Pune
ORD15988,CUST521,PRD459,Home & Kitchen,Cello,1548.00,1,2024-05-19,Pune
ORD15989,CUST1220,PRD163,Electronics,Realme,1801.00,1,2024-05-19,Delhi
ORD15990,CUST296,PRD536,Home & Kitchen,Butterfly,4499.00,1,2024-05-19,Hyderabad
ORD15990,CUST296,PRD176,Home & Kitchen,Borosil,459.00,6,2024-05-19,Hyderabad
ORD15991,CUST1241,PRD447,Fashion,Sparx,974.00,2,2024-05-19,Delhi
ORD15992,CUST560,PRD097,Beauty,Plum,617.00,1,2024-05-19,Hyderabad
ORD15992,CUST560,PRD040,Electronics,Apple,817.00,3,2024-05-19,Hyderabad
ORD15992,CUST560,PRD536,Home & Kitchen,Butterfly,4499.00,1,2024-05-19,Hyderabad
ORD15993,CUST161,PRD098,Fashion,Peter England,1499.00,1,2024-05-19,Pune
ORD15994,CUST109,PRD111,Beauty,Nivea,266.00,3,2024-05-19,Delhi
ORD15995,CUST1047,PRD239,Fashion,Levis,644.00,2,2024-05-19,Mumbai
ORD15996,CUST1316,PRD275,Electronics,JBL,464.00,2,2024-05-19,Bengaluru
ORD15997,CUST1288,PRD333,Home & Kitchen,Wonderchef,422.00,1,2024-05-19,Pune
ORD15997,CUST1288,PRD410,Electronics,OnePlus,4071.00,1,2024-05-19,Pune
ORD15997,CUST1288,PRD563,Electronics,Samsung,443.00,5,2024-05-19,Pune
ORD15998,CUST818,PRD317,Home & Kitchen,Butterfly,2280.00,1,2024-05-19,Bengaluru
ORD15998,CUST818,PRD571,Home & Kitchen,Hawkins,1757.00,1,2024-05-19,Bengaluru
ORD15998,CUST818,PRD397,Sports,Decathlon,1292.00,2,2024-05-19,Bengaluru
ORD15999,CUST1133,PRD393,Fashion,Allen Solly,521.00,1,2024-05-19,Mumbai
ORD15999,CUST1133,PRD538,Sports,Nivia,347.00,4,2024-05-19,Mumbai
ORD16000,CUST902,PRD508,Electronics,Sony,1978.00,1,2024-05-19,Hyderabad
ORD16001,CUST987,PRD494,Fashion,Sparx,605.00,1,2024-05-19,Pune
ORD16001,CUST987,PRD181,Home & Kitchen,Wonderchef,1046.00,2,2024-05-19,Pune
ORD16002,CUST364,PRD521,Beauty,Plum,303.00,2,2024-05-19,Chennai
ORD16003,CUST1304,PRD445,Electronics,Samsung,236.00,1,2024-05-19,Bengaluru
ORD16003,CUST1304,PRD381,Fashion,Peter England,406.00,1,2024-05-19,Bengaluru
ORD16003,CUST1304,PRD277,Electronics,Samsung,2013.00,1,2024-05-19,Bengaluru
ORD16004,CUST1144,PRD163,Electronics,Realme,1801.00,1,2024-05-19,Hyderabad
ORD16005,CUST448,PRD588,Electronics,JBL,3249.00,1,2024-05-19,Hyderabad
ORD16005,CUST448,PRD496,Sports,Yonex,1064.00,1,2024-05-19,Hyderabad
ORD16006,CUST682,PRD381,Fashion,Peter England,406.00,3,2024-05-19,Delhi
ORD16006,CUST682,PRD151,Electronics,Realme,620.00,1,2024-05-19,Delhi
ORD16007,CUST897,PRD452,Home & Kitchen,Wonderchef,462.00,1,2024-05-19,Chennai
ORD16008,CUST126,PRD521,Beauty,Plum,303.00,2,2024-05-19,Bengaluru
ORD16008,CUST126,PRD367,Electronics,Realme,505.00,1,2024-05-19,Bengaluru
ORD16009,CUST155,PRD004,Home & Kitchen,Pigeon,874.00,2,2024-05-19,Delhi
ORD16009,CUST155,PRD008,Beauty,Nivea,983.00,2,2024-05-19,Delhi
ORD16009,CUST155,PRD339,Electronics,OnePlus,1061.00,1,2024-05-19,Delhi
ORD16009,CUST155,PRD003,Electronics,JBL,3498.00,1,2024-05-19,Delhi
ORD16010,CUST1355,PRD224,Sports,Nivia,634.00,2,2024-05-19,Hyderabad
ORD16011,CUST1179,PRD497,Home & Kitchen,Borosil,776.00,1,2024-05-19,Chennai
ORD16012,CUST494,PRD347,Fashion,Sparx,873.00,2,2024-05-20,Mumbai
ORD16012,CUST494,PRD468,Electronics,Mi,1890.00,1,2024-05-20,Mumbai
ORD16012,CUST494,PRD072,Books,Aleph,226.00,1,2024-05-20,Mumbai
ORD16013,CUST1056,PRD212,Electronics,Boult,149.00,2,2024-05-20,Ahmedabad
ORD16014,CUST254,PRD307,Books,Rupa,1199.00,1,2024-05-20,Hyderabad
ORD16014,CUST254,PRD052,Electronics,Boult,1689.00,2,2024-05-20,Hyderabad
ORD16015,CUST823,PRD392,Home & Kitchen,Pigeon,1205.00,1,2024-05-20,Mumbai
ORD16016,CUST771,PRD264,Home & Kitchen,Prestige,518.00,1,2024-05-20,Chennai
ORD16017,CUST746,PRD555,Electronics,Boult,2277.00,1,2024-05-20,Mumbai
ORD16018,CUST418,PRD464,Books,Bloomsbury,502.00,1,2024-05-20,Mumbai
ORD16019,CUST968,PRD215,Sports,Campus,638.00,1,2024-05-20,Delhi
ORD16019,CUST968,PRD256,Fashion,Biba,546.00,1,2024-05-20,Delhi
ORD16020,CUST1171,PRD439,Electronics,Boat,394.00,1,2024-05-20,Pune
ORD16021,CUST705,PRD163,Electronics,Realme,1801.00,2,2024-05-20,Bengaluru
ORD16022,CUST143,PRD164,Fashion,Biba,1226.00,1,2024-05-20,Delhi
ORD16023,CUST1078,PRD332,Fashion,Biba,597.00,1,2024-05-20,Hyderabad
ORD16023,CUST1078,PRD508,Electronics,Sony,1978.00,1,2024-05-20,Hyderabad
ORD16023,CUST1078,PRD432,Home & Kitchen,Pigeon,1110.00,1,2024-05-20,Hyderabad
ORD16023,CUST1078,PRD197,Sports,Cosco,3499.00,1,2024-05-20,Hyderabad
ORD16024,CUST096,PRD163,Electronics,Realme,1801.00,2,2024-05-20,Delhi
ORD16024,CUST096,PRD053,Sports,Cosco,2360.00,1,2024-05-20,Delhi
ORD16024,CUST096,PRD471,Home & Kitchen,Pigeon,1156.00,1,2024-05-20,Delhi
ORD16025,CUST1198,PRD337,Electronics,Boult,482.00,1,2024-05-20,Kolkata
ORD16026,CUST387,PRD407,Sports,Puma,235.00,4,2024-05-20,Delhi
ORD16027,CUST873,PRD099,Home & Kitchen,Milton,1207.00,1,2024-05-20,Chennai
ORD16027,CUST873,PRD564,Fashion,Peter England,647.00,1,2024-05-20,Chennai
ORD16028,CUST070,PRD076,Sports,Nivia,579.00,1,2024-05-20,Chennai
ORD16029,CUST1487,PRD177,Fashion,Allen Solly,640.00,1,2024-05-20,Ahmedabad
ORD16029,CUST1487,PRD412,Electronics,Boult,1199.00,3,2024-05-20,Ahmedabad
ORD16030,CUST907,PRD471,Home & Kitchen,Pigeon,1156.00,1,2024-05-20,Mumbai
ORD16031,CUST1089,PRD588,Electronics,JBL,3249.00,2,2024-05-20,Kolkata
ORD16031,CUST1089,PRD093,Fashion,Woodland,562.00,1,2024-05-20,Kolkata
ORD16031,CUST1089,PRD107,Electronics,JBL,844.00,1,2024-05-20,Kolkata
ORD16032,CUST162,PRD310,Sports,Decathlon,2499.00,1,2024-05-20,Delhi
ORD16033,CUST372,PRD247,Sports,Campus,1130.00,1,2024-05-20,Delhi
ORD16034,CUST537,PRD006,Beauty,Lakme,160.00,2,2024-05-20,Pune
ORD16035,CUST493,PRD006,Beauty,Lakme,160.00,5,2024-05-20,Mumbai
ORD16036,CUST1413,PRD272,Electronics,JBL,188.00,1,2024-05-20,Bengaluru
ORD16036,CUST1413,PRD100,Electronics,Boat,413.00,3,2024-05-20,Bengaluru
ORD16037,CUST1269,PRD209,Home & Kitchen,Pigeon,503.00,1,2024-05-20,Hyderabad
ORD16038,CUST955,PRD577,Electronics,Mi,1502.00,2,2024-05-20,Chennai
ORD16039,CUST1153,PRD235,Electronics,Boult,1773.00,1,2024-05-20,Bengaluru
ORD16039,CUST1153,PRD385,Electronics,OnePlus,2378.00,1,2024-05-20,Bengaluru
ORD16040,CUST1175,PRD110,Home & Kitchen,Cello,1832.00,1,2024-05-20,Bengaluru
ORD16040,CUST1175,PRD577,Electronics,Mi,1502.00,2,2024-05-20,Bengaluru
ORD16040,CUST1175,PRD312,Sports,Nike,3499.00,2,2024-05-20,Bengaluru
ORD16041,CUST1377,PRD157,Electronics,OnePlus,2785.00,1,2024-05-20,Delhi
ORD16042,CUST1338,PRD461,Fashion,Peter England,1071.00,1,2024-05-20,Chennai
ORD16042,CUST1338,PRD122,Sports,Yonex,2499.00,1,2024-05-20,Chennai
ORD16042,CUST1338,PRD026,Home & Kitchen,Milton,781.00,1,2024-05-20,Chennai
ORD16042,CUST1338,PRD197,Sports,Cosco,3499.00,1,2024-05-20,Chennai
ORD16043,CUST536,PRD174,Fashion,Bata,1462.00,1,2024-05-20,Bengaluru
ORD16044,CUST1401,PRD452,Home & Kitchen,,462.00,4,2024-05-20,Bengaluru
ORD16045,CUST1321,PRD019,Fashion,Woodland,707.00,2,2024-05-20,Delhi
ORD16046,CUST553,PRD384,Fashion,Puma,701.00,1,2024-05-21,Delhi
ORD16046,CUST553,PRD555,Electronics,Boult,2277.00,1,2024-05-21,Delhi
ORD16046,CUST553,PRD326,Fashion,Bata,547.00,2,2024-05-21,Delhi
ORD16047,CUST1262,PRD280,Electronics,Apple,4376.00,1,2024-05-21,Kolkata
ORD16047,CUST1262,PRD381,Fashion,Peter England,406.00,4,2024-05-21,Kolkata
ORD16047,CUST1262,PRD417,Electronics,Boult,467.00,1,2024-05-21,Kolkata
ORD16048,CUST988,PRD122,Sports,Yonex,2499.00,1,2024-05-21,Bengaluru
ORD16048,CUST988,PRD478,Electronics,OnePlus,1494.00,1,2024-05-21,Bengaluru
ORD16048,CUST988,PRD163,Electronics,Realme,1801.00,1,2024-05-21,Bengaluru
ORD16049,CUST512,PRD184,Fashion,Sparx,745.00,1,2024-05-21,Bengaluru
ORD16050,CUST597,PRD310,Sports,Decathlon,2499.00,1,2024-05-21,Bengaluru
ORD16050,CUST597,PRD563,Electronics,Samsung,443.00,1,2024-05-21,Bengaluru
ORD16051,CUST1058,PRD419,Electronics,Boat,849.00,3,2024-05-21,Pune
ORD16052,CUST1486,PRD498,Fashion,Levis,2999.00,1,2024-05-21,Chennai
ORD16052,CUST1486,PRD508,Electronics,Sony,1978.00,1,2024-05-21,Chennai
ORD16053,CUST284,PRD478,Electronics,OnePlus,1494.00,1,2024-05-21,Delhi
ORD16053,CUST284,PRD410,Electronics,OnePlus,4071.00,1,2024-05-21,Delhi
ORD16054,CUST909,PRD522,Fashion,Woodland,302.00,1,2024-05-21,Mumbai
ORD16055,CUST1363,PRD288,Electronics,Realme,472.00,1,2024-05-21,Kolkata
ORD16056,CUST1105,PRD163,Electronics,Realme,1801.00,1,2024-05-21,Delhi
ORD16057,CUST454,PRD519,Sports,Adidas,826.00,1,2024-05-21,Chennai
ORD16057,CUST454,PRD508,Electronics,Sony,1978.00,2,2024-05-21,Chennai
ORD16057,CUST454,PRD022,Home & Kitchen,Hawkins,1213.00,2,2024-05-21,Chennai
ORD16058,CUST435,PRD252,Electronics,OnePlus,270.00,1,2024-05-21,Delhi
ORD16059,CUST196,PRD218,Sports,Cosco,263.00,1,2024-05-21,Kolkata
ORD16059,CUST196,PRD223,Electronics,,450.00,2,2024-05-21,Kolkata
ORD16060,CUST506,PRD356,Electronics,,211.00,1,2024-05-21,Bengaluru
ORD16061,CUST1115,PRD440,Beauty,Maybelline,250.00,1,2024-05-21,Mumbai
ORD16062,CUST375,PRD410,Electronics,OnePlus,4071.00,1,2024-05-21,Delhi
ORD16063,CUST079,PRD117,Electronics,Boult,831.00,1,2024-05-21,Mumbai
ORD16063,CUST079,PRD500,Electronics,Samsung,18999.00,1,2024-05-21,Mumbai
ORD16063,CUST079,PRD107,Electronics,JBL,844.00,1,2024-05-21,Mumbai
ORD16063,CUST079,PRD184,Fashion,Sparx,745.00,2,2024-05-21,Mumbai
ORD16064,CUST524,PRD593,Beauty,Himalaya,289.00,1,2024-05-21,Bengaluru
ORD16065,CUST585,PRD260,Home & Kitchen,Borosil,352.00,1,2024-05-21,Delhi
ORD16066,CUST493,PRD129,Home & Kitchen,Pigeon,728.00,1,2024-05-21,Mumbai
ORD16067,CUST1052,PRD054,Sports,Nike,1327.00,1,2024-05-21,Chennai
ORD16068,CUST977,PRD177,Fashion,Allen Solly,640.00,3,2024-05-21,Mumbai
ORD16068,CUST977,PRD163,Electronics,Realme,1801.00,1,2024-05-21,Mumbai
ORD16068,CUST977,PRD112,Beauty,Lakme,628.00,1,2024-05-21,Mumbai
ORD16068,CUST977,PRD035,Home & Kitchen,Hawkins,438.00,2,2024-05-21,Mumbai
ORD16069,CUST211,PRD083,Fashion,Sparx,627.00,1,2024-05-21,Kolkata
ORD16070,CUST1316,PRD116,Electronics,JBL,1323.00,2,2024-05-21,Bengaluru
ORD16071,CUST230,PRD238,Home & Kitchen,Borosil,948.00,1,2024-05-21,Kolkata
ORD16072,CUST1248,PRD391,Fashion,Bata,1999.00,1,2024-05-21,Bengaluru
ORD16073,CUST873,PRD332,Fashion,Biba,597.00,1,2024-05-21,Chennai
ORD16074,CUST664,PRD295,Books,Rupa,420.00,1,2024-05-21,Hyderabad
ORD16075,CUST459,PRD293,Fashion,Levis,499.00,2,2024-05-21,Mumbai
ORD16075,CUST459,PRD476,Home & Kitchen,Wonderchef,1186.00,2,2024-05-21,Mumbai
ORD16076,CUST1270,PRD471,Home & Kitchen,Pigeon,1156.00,1,2024-05-21,Pune
ORD16076,CUST1270,PRD112,Beauty,Lakme,628.00,2,2024-05-21,Pune
ORD16077,CUST240,PRD003,Electronics,JBL,3498.00,1,2024-05-21,Delhi
ORD16078,CUST1235,PRD179,Electronics,Noise,1044.00,3,2024-05-21,Kolkata
ORD16079,CUST1457,PRD227,Home & Kitchen,Hawkins,1799.00,1,2024-05-21,Delhi
ORD16080,CUST971,PRD361,Fashion,Allen Solly,1073.00,1,2024-05-21,Mumbai
ORD16081,CUST350,PRD032,Fashion,Levis,823.00,1,2024-05-21,Delhi
ORD16082,CUST907,PRD119,Fashion,Allen Solly,969.00,3,2024-05-22,Mumbai
ORD16083,CUST1013,PRD053,Sports,Cosco,2360.00,1,2024-05-22,Bengaluru
ORD16083,CUST1013,PRD266,Beauty,Himalaya,637.00,1,2024-05-22,Bengaluru
ORD16083,CUST1013,PRD058,Electronics,Mi,2999.00,1,2024-05-22,Bengaluru
ORD16084,CUST827,PRD488,Beauty,Maybelline,409.00,4,2024-05-22,Delhi
ORD16084,CUST827,PRD563,Electronics,Samsung,443.00,3,2024-05-22,Delhi
ORD16084,CUST827,PRD518,Electronics,Mi,4469.00,1,2024-05-22,Delhi
ORD16085,CUST517,PRD197,Sports,Cosco,3499.00,1,2024-05-22,Bengaluru
ORD16085,CUST517,PRD296,Fashion,Biba,976.00,2,2024-05-22,Bengaluru
ORD16086,CUST1076,PRD243,Home & Kitchen,Borosil,658.00,1,2024-05-22,Delhi
ORD16086,CUST1076,PRD223,Electronics,Samsung,450.00,1,2024-05-22,Delhi
ORD16087,CUST139,PRD522,Fashion,Woodland,302.00,5,2024-05-22,Chennai
ORD16088,CUST1295,PRD526,Beauty,Plum,712.00,1,2024-05-22,Chennai
ORD16088,CUST1295,PRD461,Fashion,Peter England,1071.00,1,2024-05-22,Chennai
ORD16089,CUST1102,PRD418,Home & Kitchen,Borosil,473.00,2,2024-05-22,Delhi
ORD16090,CUST1166,PRD285,Electronics,Sony,613.00,1,2024-05-22,Mumbai
ORD16091,CUST894,PRD429,Electronics,Boult,577.00,1,2024-05-22,Mumbai
ORD16092,CUST472,PRD478,Electronics,,1494.00,1,2024-05-22,Delhi
ORD16093,CUST1466,PRD163,Electronics,Realme,1801.00,1,2024-05-22,Chennai
ORD16093,CUST1466,PRD298,Home & Kitchen,Borosil,4499.00,1,2024-05-22,Chennai
ORD16093,CUST1466,PRD543,Fashion,Woodland,511.00,1,2024-05-22,Chennai
ORD16094,CUST1056,PRD521,Beauty,Plum,303.00,1,2024-05-22,Ahmedabad
ORD16094,CUST1056,PRD449,Sports,Decathlon,1146.00,2,2024-05-22,Ahmedabad
ORD16094,CUST1056,PRD373,Fashion,Peter England,527.00,2,2024-05-22,Ahmedabad
ORD16094,CUST1056,PRD546,Sports,Cosco,1784.00,3,2024-05-22,Ahmedabad
ORD16095,CUST1031,PRD409,Sports,Yonex,1739.00,1,2024-05-22,Hyderabad
ORD16096,CUST892,PRD517,Fashion,Biba,1273.00,2,2024-05-22,Pune
ORD16097,CUST235,PRD267,Sports,Campus,1579.00,1,2024-05-22,Chennai
ORD16097,CUST235,PRD406,Fashion,Levis,1299.00,1,2024-05-22,Chennai
ORD16097,CUST235,PRD461,Fashion,Peter England,1071.00,2,2024-05-22,Chennai
ORD16097,CUST235,PRD508,Electronics,Sony,1978.00,1,2024-05-22,Chennai
ORD16098,CUST710,PRD324,Fashion,Allen Solly,843.00,1,2024-05-22,Mumbai
ORD16098,CUST710,PRD380,Home & Kitchen,Cello,1074.00,1,2024-05-22,Mumbai
ORD16098,CUST710,PRD286,Electronics,Noise,437.00,1,2024-05-22,Mumbai
ORD16099,CUST323,PRD234,Fashion,Bata,484.00,4,2024-05-22,Bengaluru
ORD16100,CUST569,PRD035,Home & Kitchen,Hawkins,438.00,1,2024-05-22,Kolkata
ORD16100,CUST569,PRD299,Home & Kitchen,Borosil,457.00,2,2024-05-22,Kolkata
ORD16101,CUST604,PRD324,Fashion,Allen Solly,843.00,1,2024-05-22,Pune
ORD16102,CUST757,PRD495,Fashion,Woodland,1999.00,1,2024-05-22,Mumbai
ORD16103,CUST699,PRD324,Fashion,Allen Solly,843.00,1,2024-05-22,Kolkata
ORD16104,CUST1164,PRD594,Electronics,JBL,3866.00,1,2024-05-22,Pune
ORD16105,CUST996,PRD203,Sports,Campus,720.00,1,2024-05-22,Bengaluru
ORD16106,CUST1245,PRD513,Sports,Decathlon,3680.00,1,2024-05-22,Chennai
ORD16106,CUST1245,PRD391,Fashion,Bata,1999.00,3,2024-05-22,Chennai
ORD16107,CUST562,PRD332,Fashion,Biba,597.00,1,2024-05-22,Bengaluru
ORD16107,CUST562,PRD300,Home & Kitchen,Butterfly,1761.00,2,2024-05-22,Bengaluru
ORD16107,CUST562,PRD574,Electronics,Mi,318.00,3,2024-05-22,Bengaluru
ORD16108,CUST003,PRD043,Electronics,Samsung,1615.00,1,2024-05-22,Ahmedabad
ORD16108,CUST003,PRD521,Beauty,Plum,303.00,2,2024-05-22,Ahmedabad
ORD16109,CUST196,PRD170,Home & Kitchen,Hawkins,493.00,2,2024-05-22,Kolkata
ORD16109,CUST196,PRD124,Beauty,Maybelline,221.00,1,2024-05-22,Kolkata
ORD16110,CUST1226,PRD586,Fashion,Biba,738.00,1,2024-05-22,Bengaluru
ORD16110,CUST1226,PRD558,Sports,Adidas,858.00,2,2024-05-22,Bengaluru
ORD16111,CUST702,PRD153,Electronics,Apple,1631.00,1,2024-05-22,Pune
ORD16112,CUST1086,PRD500,Electronics,Samsung,18999.00,1,2024-05-22,Delhi
ORD16113,CUST609,PRD522,Fashion,Woodland,302.00,4,2024-05-22,Mumbai
ORD16114,CUST638,PRD588,Electronics,JBL,3249.00,1,2024-05-22,Bengaluru
ORD16115,CUST504,PRD307,Books,Rupa,1199.00,1,2024-05-22,Hyderabad
ORD16116,CUST1268,PRD460,Beauty,Lakme,252.00,8,2024-05-22,Mumbai
ORD16116,CUST1268,PRD163,Electronics,Realme,1801.00,2,2024-05-22,Mumbai
ORD16116,CUST1268,PRD503,Fashion,Sparx,561.00,1,2024-05-22,Mumbai
ORD16116,CUST1268,PRD129,Home & Kitchen,Pigeon,728.00,1,2024-05-22,Mumbai
ORD16117,CUST1494,PRD322,Sports,Puma,1255.00,1,2024-05-22,Mumbai
ORD16117,CUST1494,PRD562,Books,Westland,999.00,1,2024-05-22,Mumbai
ORD16118,CUST835,PRD140,Home & Kitchen,Prestige,2499.00,1,2024-05-22,Kolkata
ORD16119,CUST1034,PRD114,Fashion,Bata,1028.00,2,2024-05-22,Bengaluru
ORD16120,CUST1004,PRD522,Fashion,Woodland,302.00,3,2024-05-22,Kolkata
ORD16120,CUST1004,PRD283,Beauty,Himalaya,318.00,1,2024-05-22,Kolkata
ORD16121,CUST484,PRD163,Electronics,Realme,1801.00,1,2024-05-22,Chennai
ORD16122,CUST228,PRD292,Home & Kitchen,Cello,2099.00,1,2024-05-22,Pune
ORD16123,CUST260,PRD525,Books,Bloomsbury,699.00,1,2024-05-22,Delhi
ORD16124,CUST409,PRD555,Electronics,Boult,2277.00,1,2024-05-22,Mumbai
ORD16124,CUST409,PRD506,Fashion,Allen Solly,745.00,1,2024-05-22,Mumbai
ORD16125,CUST123,PRD389,Fashion,Biba,1746.00,2,2024-05-22,Bengaluru
ORD16126,CUST768,PRD076,Sports,Nivia,579.00,1,2024-05-22,Kolkata
ORD16127,CUST603,PRD508,Electronics,Sony,1978.00,1,2024-05-22,Mumbai
ORD16127,CUST603,PRD410,Electronics,OnePlus,4071.00,1,2024-05-22,Mumbai
ORD16128,CUST1201,PRD185,Fashion,Woodland,444.00,2,2024-05-22,Mumbai
ORD16129,CUST403,PRD457,Beauty,Himalaya,385.00,6,2024-05-22,Pune
ORD16130,CUST1082,PRD340,Fashion,Peter England,1499.00,2,2024-05-22,Delhi
ORD16130,CUST1082,PRD163,Electronics,Realme,1801.00,1,2024-05-22,Delhi
ORD16131,CUST1313,PRD577,Electronics,Mi,1502.00,2,2024-05-22,Mumbai
ORD16132,CUST816,PRD163,Electronics,Realme,1801.00,1,2024-05-23,Pune
ORD16132,CUST816,PRD425,Electronics,Realme,1566.00,1,2024-05-23,Pune
ORD16133,CUST166,PRD555,Electronics,Boult,2277.00,1,2024-05-23,Mumbai
ORD16133,CUST166,PRD443,Fashion,Puma,437.00,8,2024-05-23,Mumbai
ORD16134,CUST1153,PRD363,Home & Kitchen,Milton,399.00,2,2024-05-23,Bengaluru
ORD16134,CUST1153,PRD129,Home & Kitchen,Pigeon,728.00,1,2024-05-23,Bengaluru
ORD16135,CUST715,PRD421,Electronics,Realme,507.00,1,2024-05-23,Chennai
ORD16136,CUST079,PRD285,Electronics,Sony,613.00,2,2024-05-23,Mumbai
ORD16136,CUST079,PRD498,Fashion,Levis,2999.00,1,2024-05-23,Mumbai
ORD16136,CUST079,PRD163,Electronics,Realme,1801.00,2,2024-05-23,Mumbai
ORD16137,CUST064,PRD324,Fashion,Allen Solly,843.00,1,2024-05-23,Bengaluru
ORD16138,CUST048,PRD524,Beauty,Himalaya,249.00,2,2024-05-23,Mumbai
ORD16139,CUST355,PRD137,Home & Kitchen,Wonderchef,737.00,1,2024-05-23,Ahmedabad
ORD16140,CUST968,PRD391,Fashion,Bata,1999.00,1,2024-05-23,Delhi
ORD16141,CUST1455,PRD199,Fashion,Woodland,4299.00,1,2024-05-23,Hyderabad
ORD16142,CUST560,PRD508,Electronics,Sony,1978.00,1,2024-05-23,Hyderabad
ORD16142,CUST560,PRD391,Fashion,Bata,1999.00,1,2024-05-23,Hyderabad
ORD16142,CUST560,PRD317,Home & Kitchen,Butterfly,2280.00,1,2024-05-23,Hyderabad
ORD16142,CUST560,PRD030,Electronics,Mi,1686.00,2,2024-05-23,Hyderabad
ORD16143,CUST180,PRD518,Electronics,Mi,4469.00,1,2024-05-23,Delhi
ORD16143,CUST180,PRD444,Electronics,Samsung,346.00,3,2024-05-23,Delhi
ORD16143,CUST180,PRD326,Fashion,Bata,547.00,1,2024-05-23,Delhi
ORD16143,CUST180,PRD238,Home & Kitchen,Borosil,948.00,1,2024-05-23,Delhi
ORD16144,CUST118,PRD029,Beauty,Lakme,431.00,1,2024-05-23,Mumbai
ORD16144,CUST118,PRD060,Books,HarperCollins,785.00,1,2024-05-23,Mumbai
ORD16145,CUST1236,PRD337,Electronics,Boult,482.00,6,2024-05-23,Delhi
ORD16146,CUST1015,PRD382,Electronics,Realme,247.00,1,2024-05-23,Pune
ORD16147,CUST1276,PRD035,Home & Kitchen,Hawkins,438.00,1,2024-05-23,Bengaluru
ORD16148,CUST694,PRD226,Electronics,Sony,413.00,6,2024-05-23,Hyderabad
ORD16148,CUST694,PRD410,Electronics,OnePlus,4071.00,1,2024-05-23,Hyderabad
ORD16149,CUST1031,PRD343,Home & Kitchen,Hawkins,805.00,1,2024-05-23,Hyderabad
ORD16149,CUST1031,PRD380,Home & Kitchen,Cello,1074.00,1,2024-05-23,Hyderabad
ORD16150,CUST955,PRD521,Beauty,Plum,303.00,4,2024-05-23,Chennai
ORD16150,CUST955,PRD337,Electronics,Boult,482.00,2,2024-05-23,Chennai
ORD16151,CUST1440,PRD197,Sports,Cosco,3499.00,1,2024-05-23,Mumbai
ORD16152,CUST705,PRD318,Books,Westland,448.00,4,2024-05-23,Bengaluru
ORD16152,CUST705,PRD295,Books,Rupa,420.00,1,2024-05-23,Bengaluru
ORD16153,CUST1094,PRD197,Sports,Cosco,3499.00,1,2024-05-23,Ahmedabad
ORD16153,CUST1094,PRD295,Books,Rupa,420.00,4,2024-05-23,Ahmedabad
ORD16154,CUST1045,PRD174,Fashion,Bata,1462.00,1,2024-05-23,Mumbai
ORD16155,CUST1115,PRD234,Fashion,Bata,484.00,1,2024-05-23,Mumbai
ORD16156,CUST959,PRD308,Sports,Decathlon,1488.00,2,2024-05-23,Delhi
ORD16156,CUST959,PRD525,Books,Bloomsbury,699.00,1,2024-05-23,Delhi
ORD16157,CUST198,PRD359,Home & Kitchen,Milton,1125.00,1,2024-05-23,Ahmedabad
ORD16157,CUST198,PRD174,Fashion,Bata,1462.00,1,2024-05-23,Ahmedabad
ORD16158,CUST269,PRD211,Sports,Adidas,1428.00,1,2024-05-23,Mumbai
ORD16158,CUST269,PRD428,Electronics,OnePlus,921.00,1,2024-05-23,Mumbai
ORD16158,CUST269,PRD221,Fashion,Levis,2199.00,1,2024-05-23,Mumbai
ORD16158,CUST269,PRD129,Home & Kitchen,Pigeon,728.00,3,2024-05-23,Mumbai
ORD16159,CUST237,PRD571,Home & Kitchen,Hawkins,1757.00,2,2024-05-23,Mumbai
ORD16160,CUST992,PRD011,Electronics,Noise,1933.00,1,2024-05-23,Delhi
ORD16160,CUST992,PRD475,Fashion,Peter England,1447.00,2,2024-05-23,Delhi
ORD16161,CUST1428,PRD585,Beauty,Nivea,192.00,2,2024-05-23,Mumbai
ORD16161,CUST1428,PRD076,Sports,Nivia,579.00,2,2024-05-23,Mumbai
ORD16162,CUST224,PRD163,Electronics,Realme,1801.00,1,2024-05-23,Delhi
ORD16162,CUST224,PRD525,Books,Bloomsbury,699.00,1,2024-05-23,Delhi
ORD16163,CUST1027,PRD195,Books,Bloomsbury,599.00,2,2024-05-23,Ahmedabad
ORD16164,CUST372,PRD452,Home & Kitchen,Wonderchef,462.00,8,2024-05-23,Delhi
ORD16164,CUST372,PRD298,Home & Kitchen,Borosil,4499.00,2,2024-05-23,Delhi
ORD16165,CUST1283,PRD014,Sports,Yonex,1280.00,2,2024-05-23,Chennai
ORD16165,CUST1283,PRD005,Electronics,JBL,3912.00,1,2024-05-23,Chennai
ORD16165,CUST1283,PRD030,Electronics,Mi,1686.00,1,2024-05-23,Chennai
ORD16165,CUST1283,PRD410,Electronics,OnePlus,4071.00,1,2024-05-23,Chennai
ORD16166,CUST590,PRD480,Sports,Nike,942.00,1,2024-05-23,Mumbai
ORD16166,CUST590,PRD025,Beauty,Nivea,157.00,1,2024-05-23,Mumbai
ORD16167,CUST1087,PRD225,Electronics,Samsung,469.00,1,2024-05-23,Chennai
ORD16168,CUST1108,PRD223,Electronics,Samsung,450.00,3,2024-05-23,Delhi
ORD16169,CUST533,PRD518,Electronics,Mi,4469.00,1,2024-05-23,Delhi
ORD16169,CUST533,PRD600,Fashion,Allen Solly,763.00,1,2024-05-23,Delhi
ORD16170,CUST598,PRD468,Electronics,Mi,1890.00,2,2024-05-23,Delhi
ORD16170,CUST598,PRD234,Fashion,Bata,484.00,3,2024-05-23,Delhi
ORD16170,CUST598,PRD518,Electronics,Mi,4469.00,1,2024-05-23,Delhi
ORD16170,CUST598,PRD304,Sports,Campus,1385.00,2,2024-05-23,Delhi
ORD16171,CUST1496,PRD171,Beauty,Lakme,599.00,1,2024-05-23,Hyderabad
ORD16172,CUST095,PRD379,Electronics,Realme,3493.00,1,2024-05-23,Hyderabad
ORD16172,CUST095,PRD321,Beauty,Himalaya,237.00,3,2024-05-23,Hyderabad
ORD16173,CUST270,PRD222,Home & Kitchen,Cello,968.00,2,2024-05-24,Bengaluru
ORD16174,CUST144,PRD444,Electronics,Samsung,346.00,2,2024-05-24,Mumbai
ORD16175,CUST536,PRD343,Home & Kitchen,Hawkins,805.00,1,2024-05-24,Bengaluru
ORD16176,CUST1199,PRD584,Sports,Nike,202.00,5,2024-05-24,Bengaluru
ORD16177,CUST747,PRD444,Electronics,Samsung,346.00,1,2024-05-24,Mumbai
ORD16178,CUST952,PRD381,Fashion,Peter England,406.00,1,2024-05-24,Bengaluru
ORD16178,CUST952,PRD117,Electronics,Boult,831.00,1,2024-05-24,Bengaluru
ORD16179,CUST092,PRD042,Home & Kitchen,Prestige,2999.00,1,2024-05-24,Mumbai
ORD16180,CUST155,PRD102,Sports,Cosco,569.00,1,2024-05-24,Delhi
ORD16180,CUST155,PRD299,Home & Kitchen,Borosil,457.00,2,2024-05-24,Delhi
ORD16180,CUST155,PRD162,Beauty,Nivea,177.00,3,2024-05-24,Delhi
ORD16181,CUST1152,PRD191,Fashion,Levis,651.00,1,2024-05-24,Pune
ORD16182,CUST818,PRD588,Electronics,JBL,3249.00,1,2024-05-24,Bengaluru
ORD16182,CUST818,PRD508,Electronics,Sony,1978.00,2,2024-05-24,Bengaluru
ORD16183,CUST798,PRD155,Sports,Cosco,663.00,3,2024-05-24,Delhi
ORD16184,CUST258,PRD029,Beauty,Lakme,431.00,1,2024-05-24,Mumbai
ORD16185,CUST674,PRD588,Electronics,JBL,3249.00,1,2024-05-24,Mumbai
ORD16185,CUST674,PRD247,Sports,Campus,1130.00,2,2024-05-24,Mumbai
ORD16186,CUST521,PRD521,Beauty,Plum,303.00,1,2024-05-24,Pune
ORD16186,CUST521,PRD239,Fashion,Levis,644.00,2,2024-05-24,Pune
ORD16187,CUST821,PRD206,Books,Rupa,458.00,1,2024-05-24,Hyderabad
ORD16187,CUST821,PRD225,Electronics,Samsung,469.00,2,2024-05-24,Hyderabad
ORD16187,CUST821,PRD508,Electronics,Sony,1978.00,1,2024-05-24,Hyderabad
ORD16188,CUST719,PRD410,Electronics,OnePlus,4071.00,1,2024-05-24,Delhi
ORD16189,CUST873,PRD600,Fashion,Allen Solly,763.00,1,2024-05-24,Chennai
ORD16190,CUST134,PRD225,Electronics,Samsung,469.00,1,2024-05-24,Mumbai
ORD16190,CUST134,PRD505,Beauty,Nivea,307.00,4,2024-05-24,Mumbai
ORD16191,CUST296,PRD067,Fashion,Woodland,1999.00,1,2024-05-24,Hyderabad
ORD16192,CUST483,PRD471,Home & Kitchen,Pigeon,1156.00,1,2024-05-24,Kolkata
ORD16193,CUST1189,PRD044,Fashion,Woodland,1002.00,1,2024-05-24,Delhi
ORD16194,CUST667,PRD494,Fashion,Sparx,605.00,3,2024-05-24,Kolkata
ORD16195,CUST1451,PRD089,Fashion,Peter England,652.00,1,2024-05-24,Mumbai
ORD16195,CUST1451,PRD225,Electronics,Samsung,469.00,2,2024-05-24,Mumbai
ORD16195,CUST1451,PRD567,Electronics,Realme,5695.00,1,2024-05-24,Mumbai
ORD16195,CUST1451,PRD349,Books,Bloomsbury,864.00,2,2024-05-24,Mumbai
ORD16196,CUST358,PRD508,Electronics,Sony,1978.00,2,2024-05-24,Kolkata
ORD16196,CUST358,PRD521,Beauty,Plum,303.00,2,2024-05-24,Kolkata
ORD16197,CUST336,PRD248,Home & Kitchen,Wonderchef,980.00,2,2024-05-24,Bengaluru
ORD16197,CUST336,PRD252,Electronics,OnePlus,270.00,4,2024-05-24,Bengaluru
ORD16197,CUST336,PRD140,Home & Kitchen,Prestige,2499.00,1,2024-05-24,Bengaluru
ORD16197,CUST336,PRD307,Books,Rupa,1199.00,1,2024-05-24,Bengaluru
ORD16198,CUST1267,PRD343,Home & Kitchen,Hawkins,805.00,1,2024-05-24,Mumbai
ORD16199,CUST261,PRD326,Fashion,Bata,547.00,3,2024-05-24,Pune
ORD16200,CUST920,PRD360,Sports,Decathlon,2199.00,1,2024-05-24,Chennai
ORD16200,CUST920,PRD431,Home & Kitchen,Wonderchef,798.00,1,2024-05-24,Chennai
ORD16201,CUST962,PRD555,Electronics,Boult,2277.00,1,2024-05-24,Delhi
ORD16202,CUST1344,PRD534,Fashion,Biba,1872.00,1,2024-05-24,Bengaluru
ORD16203,CUST894,PRD564,Fashion,Peter England,647.00,3,2024-05-24,Mumbai
ORD16203,CUST894,PRD592,Fashion,Levis,555.00,1,2024-05-24,Mumbai
ORD16203,CUST894,PRD466,Books,Westland,1261.00,1,2024-05-24,Mumbai
ORD16204,CUST223,PRD311,Sports,Nike,876.00,2,2024-05-24,Mumbai
ORD16205,CUST1214,PRD485,Electronics,Apple,420.00,3,2024-05-24,Kolkata
ORD16206,CUST765,PRD132,Home & Kitchen,Milton,455.00,3,2024-05-24,Hyderabad
ORD16207,CUST579,PRD595,Fashion,Sparx,934.00,1,2024-05-24,Chennai
ORD16208,CUST730,PRD023,Home & Kitchen,Pigeon,857.00,2,2024-05-24,Pune
ORD16209,CUST530,PRD340,Fashion,Peter England,1499.00,2,2024-05-24,Pune
ORD16210,CUST574,PRD350,Home & Kitchen,Borosil,4499.00,1,2024-05-24,Hyderabad
ORD16211,CUST337,PRD204,Electronics,Boat,1299.00,1,2024-05-24,Delhi
ORD16211,CUST337,PRD417,Electronics,Boult,467.00,1,2024-05-24,Delhi
ORD16211,CUST337,PRD274,Beauty,Himalaya,188.00,1,2024-05-24,Delhi
ORD16211,CUST337,PRD132,Home & Kitchen,Milton,455.00,2,2024-05-24,Delhi
ORD16212,CUST997,PRD468,Electronics,Mi,1890.00,1,2024-05-24,Bengaluru
ORD16213,CUST1224,PRD600,Fashion,Allen Solly,763.00,1,2024-05-24,Chennai
ORD16214,CUST284,PRD500,Electronics,Samsung,18999.00,1,2024-05-24,Delhi
ORD16215,CUST1393,PRD220,Books,Westland,415.00,4,2024-05-24,Chennai
ORD16216,CUST1112,PRD163,Electronics,Realme,1801.00,2,2024-05-24,Ahmedabad
ORD16217,CUST243,PRD097,Beauty,Plum,617.00,1,2024-05-24,Mumbai
ORD16217,CUST243,PRD060,Books,HarperCollins,785.00,1,2024-05-24,Mumbai
ORD16218,CUST857,PRD343,Home & Kitchen,Hawkins,805.00,2,2024-05-24,Mumbai
ORD16219,CUST452,PRD112,Beauty,Lakme,628.00,3,2024-05-24,Hyderabad
ORD16220,CUST504,PRD326,Fashion,Bata,547.00,2,2024-05-24,Hyderabad
ORD16220,CUST504,PRD126,Sports,Decathlon,1107.00,1,2024-05-24,Hyderabad
ORD16221,CUST867,PRD547,Electronics,JBL,812.00,1,2024-05-25,Mumbai
ORD16221,CUST867,PRD238,Home & Kitchen,Borosil,948.00,1,2024-05-25,Mumbai
ORD16221,CUST867,PRD521,Beauty,Plum,303.00,4,2024-05-25,Mumbai
ORD16221,CUST867,PRD298,Home & Kitchen,Borosil,4499.00,1,2024-05-25,Mumbai
ORD16222,CUST641,PRD365,Home & Kitchen,Butterfly,960.00,1,2024-05-25,Hyderabad
ORD16223,CUST181,PRD168,Home & Kitchen,Prestige,1522.00,1,2024-05-25,Chennai
ORD16224,CUST733,PRD337,Electronics,Boult,482.00,3,2024-05-25,Delhi
ORD16225,CUST1315,PRD381,Fashion,Peter England,406.00,2,2024-05-25,Pune
ORD16225,CUST1315,PRD129,Home & Kitchen,Pigeon,728.00,1,2024-05-25,Pune
ORD16225,CUST1315,PRD204,Electronics,Boat,1299.00,3,2024-05-25,Pune
ORD16226,CUST902,PRD135,Books,Westland,243.00,1,2024-05-25,Hyderabad
ORD16227,CUST652,PRD433,Home & Kitchen,Pigeon,755.00,1,2024-05-25,Kolkata
ORD16228,CUST611,PRD478,Electronics,OnePlus,1494.00,1,2024-05-25,Chennai
ORD16229,CUST218,PRD314,Electronics,Boult,422.00,1,2024-05-25,Bengaluru
ORD16229,CUST218,PRD181,Home & Kitchen,Wonderchef,1046.00,3,2024-05-25,Bengaluru
ORD16230,CUST204,PRD126,Sports,Decathlon,1107.00,1,2024-05-25,Delhi
ORD16231,CUST288,PRD488,Beauty,Maybelline,409.00,2,2024-05-25,Mumbai
ORD16232,CUST006,PRD277,Electronics,Samsung,2013.00,1,2024-05-25,Chennai
ORD16232,CUST006,PRD554,Home & Kitchen,Borosil,403.00,1,2024-05-25,Chennai
ORD16233,CUST1122,PRD521,Beauty,Plum,303.00,2,2024-05-25,Pune
ORD16234,CUST1040,PRD395,Beauty,Maybelline,618.00,2,2024-05-25,Delhi
ORD16234,CUST1040,PRD410,Electronics,OnePlus,4071.00,1,2024-05-25,Delhi
ORD16235,CUST1038,PRD373,Fashion,Peter England,527.00,1,2024-05-25,Mumbai
ORD16236,CUST690,PRD076,Sports,Nivia,579.00,2,2024-05-25,Mumbai
ORD16237,CUST228,PRD189,Electronics,Apple,2336.00,2,2024-05-25,Pune
ORD16238,CUST525,PRD126,Sports,Decathlon,1107.00,2,2024-05-25,Ahmedabad
ORD16238,CUST525,PRD340,Fashion,Peter England,1499.00,2,2024-05-25,Ahmedabad
ORD16239,CUST100,PRD476,Home & Kitchen,Wonderchef,1186.00,1,2024-05-25,Mumbai
ORD16240,CUST879,PRD221,Fashion,Levis,2199.00,1,2024-05-25,Mumbai
ORD16241,CUST455,PRD495,Fashion,Woodland,1999.00,2,2024-05-25,Mumbai
ORD16242,CUST682,PRD077,Electronics,Samsung,3801.00,1,2024-05-25,Delhi
ORD16242,CUST682,PRD262,Electronics,Apple,3501.00,1,2024-05-25,Delhi
ORD16243,CUST428,PRD445,Electronics,Samsung,236.00,1,2024-05-25,Bengaluru
ORD16243,CUST428,PRD197,Sports,Cosco,3499.00,1,2024-05-25,Bengaluru
ORD16244,CUST530,PRD166,Electronics,Boult,1527.00,1,2024-05-25,Pune
ORD16244,CUST530,PRD215,Sports,Campus,638.00,1,2024-05-25,Pune
ORD16245,CUST117,PRD577,Electronics,Mi,1502.00,1,2024-05-25,Delhi
ORD16246,CUST918,PRD140,Home & Kitchen,Prestige,2499.00,1,2024-05-25,Hyderabad
ORD16247,CUST877,PRD216,Sports,Campus,559.00,1,2024-05-25,Ahmedabad
ORD16247,CUST877,PRD332,Fashion,Biba,597.00,1,2024-05-25,Ahmedabad
ORD16247,CUST877,PRD147,Home & Kitchen,Borosil,615.00,1,2024-05-25,Ahmedabad
ORD16248,CUST886,PRD007,Books,HarperCollins,336.00,4,2024-05-25,Pune
ORD16248,CUST886,PRD115,Fashion,Woodland,547.00,1,2024-05-25,Pune
ORD16248,CUST886,PRD221,Fashion,Levis,2199.00,1,2024-05-25,Pune
ORD16248,CUST886,PRD535,Fashion,Bata,670.00,1,2024-05-25,Pune
ORD16249,CUST391,PRD074,Beauty,Plum,209.00,4,2024-05-25,Pune
ORD16249,CUST391,PRD218,Sports,Cosco,263.00,2,2024-05-25,Pune
ORD16250,CUST196,PRD358,Electronics,Apple,205.00,1,2024-05-25,Kolkata
ORD16250,CUST196,PRD410,Electronics,OnePlus,4071.00,1,2024-05-25,Kolkata
ORD16250,CUST196,PRD274,Beauty,Himalaya,188.00,1,2024-05-25,Kolkata
ORD16250,CUST196,PRD434,Home & Kitchen,Cello,2260.00,1,2024-05-25,Kolkata
ORD16251,CUST198,PRD239,Fashion,Levis,644.00,1,2024-05-25,Ahmedabad
ORD16252,CUST1025,PRD209,Home & Kitchen,Pigeon,503.00,3,2024-05-25,Kolkata
ORD16253,CUST625,PRD295,Books,Rupa,420.00,3,2024-05-25,Mumbai
ORD16254,CUST1223,PRD234,Fashion,Bata,484.00,3,2024-05-25,Ahmedabad
ORD16255,CUST1403,PRD461,Fashion,Peter England,1071.00,1,2024-05-25,Kolkata
ORD16255,CUST1403,PRD163,Electronics,Realme,1801.00,1,2024-05-25,Kolkata
ORD16256,CUST1198,PRD529,Beauty,Biotique,234.00,2,2024-05-25,Kolkata
ORD16257,CUST1203,PRD482,Electronics,Mi,1499.00,1,2024-05-25,Bengaluru
ORD16258,CUST869,PRD183,Books,Aleph,566.00,1,2024-05-25,Mumbai
ORD16258,CUST869,PRD410,Electronics,OnePlus,4071.00,1,2024-05-25,Mumbai
ORD16259,CUST621,PRD381,Fashion,Peter England,406.00,4,2024-05-25,Chennai
ORD16259,CUST621,PRD521,Beauty,Plum,303.00,2,2024-05-25,Chennai
ORD16259,CUST621,PRD374,Electronics,Samsung,1706.00,1,2024-05-25,Chennai
ORD16259,CUST621,PRD107,Electronics,JBL,844.00,2,2024-05-25,Chennai
ORD16260,CUST1377,PRD488,Beauty,Maybelline,409.00,3,2024-05-25,Delhi
ORD16260,CUST1377,PRD536,Home & Kitchen,Butterfly,4499.00,1,2024-05-25,Delhi
ORD16261,CUST258,PRD204,Electronics,Boat,1299.00,1,2024-05-25,Mumbai
ORD16262,CUST1398,PRD033,Electronics,Mi,160.00,6,2024-05-25,Bengaluru
ORD16263,CUST441,PRD373,Fashion,Peter England,527.00,1,2024-05-25,Chennai
ORD16263,CUST441,PRD403,Books,Rupa,201.00,1,2024-05-25,Chennai
ORD16264,CUST254,PRD133,Sports,Nike,1173.00,1,2024-05-25,Hyderabad
ORD16265,CUST387,PRD584,Sports,Nike,202.00,1,2024-05-25,Delhi
ORD16266,CUST203,PRD521,Beauty,Plum,303.00,2,2024-05-26,Mumbai
ORD16267,CUST629,PRD262,Electronics,Apple,3501.00,1,2024-05-26,Delhi
ORD16268,CUST512,PRD186,Beauty,Himalaya,288.00,4,2024-05-26,Bengaluru
ORD16268,CUST512,PRD153,Electronics,Apple,1631.00,1,2024-05-26,Bengaluru
ORD16269,CUST728,PRD522,Fashion,Woodland,302.00,3,2024-05-26,Bengaluru
ORD16270,CUST652,PRD486,Electronics,Sony,907.00,1,2024-05-26,Kolkata
ORD16271,CUST587,PRD297,Home & Kitchen,Pigeon,1081.00,2,2024-05-26,Chennai
ORD16271,CUST587,PRD256,Fashion,Biba,546.00,1,2024-05-26,Chennai
ORD16272,CUST504,PRD410,Electronics,OnePlus,4071.00,1,2024-05-26,Hyderabad
ORD16272,CUST504,PRD295,Books,Rupa,420.00,1,2024-05-26,Hyderabad
ORD16273,CUST484,PRD195,Books,Bloomsbury,599.00,1,2024-05-26,Chennai
ORD16274,CUST214,PRD191,Fashion,Levis,651.00,3,2024-05-26,Bengaluru
ORD16274,CUST214,PRD301,Electronics,Boult,813.00,1,2024-05-26,Bengaluru
ORD16275,CUST1220,PRD434,Home & Kitchen,Cello,2260.00,1,2024-05-26,Delhi
ORD16276,CUST472,PRD252,Electronics,OnePlus,270.00,1,2024-05-26,Delhi
ORD16277,CUST784,PRD502,Electronics,Boult,1312.00,1,2024-05-26,Hyderabad
ORD16277,CUST784,PRD102,Sports,Cosco,569.00,1,2024-05-26,Hyderabad
ORD16278,CUST050,PRD054,Sports,Nike,1327.00,1,2024-05-26,Bengaluru
ORD16279,CUST1063,PRD174,Fashion,Bata,1462.00,1,2024-05-26,Bengaluru
ORD16280,CUST720,PRD066,Electronics,JBL,487.00,4,2024-05-26,Mumbai
ORD16280,CUST720,PRD129,Home & Kitchen,Pigeon,728.00,1,2024-05-26,Mumbai
ORD16281,CUST589,PRD238,Home & Kitchen,Borosil,948.00,2,2024-05-26,Delhi
ORD16282,CUST955,PRD389,Fashion,Biba,1746.00,1,2024-05-26,Chennai
ORD16282,CUST955,PRD461,Fashion,Peter England,1071.00,2,2024-05-26,Chennai
ORD16282,CUST955,PRD163,Electronics,Realme,1801.00,1,2024-05-26,Chennai
ORD16283,CUST882,PRD035,Home & Kitchen,Hawkins,438.00,4,2024-05-26,Bengaluru
ORD16283,CUST882,PRD140,Home & Kitchen,Prestige,2499.00,1,2024-05-26,Bengaluru
ORD16284,CUST243,PRD225,Electronics,Samsung,469.00,2,2024-05-26,Mumbai
ORD16284,CUST243,PRD395,Beauty,Maybelline,618.00,1,2024-05-26,Mumbai
ORD16285,CUST341,PRD111,Beauty,Nivea,266.00,5,2024-05-26,Delhi
ORD16285,CUST341,PRD204,Electronics,Boat,1299.00,1,2024-05-26,Delhi
ORD16286,CUST1272,PRD161,Home & Kitchen,Cello,1367.00,1,2024-05-26,Mumbai
ORD16286,CUST1272,PRD352,Home & Kitchen,Prestige,460.00,2,2024-05-26,Mumbai
ORD16287,CUST1122,PRD140,Home & Kitchen,Prestige,2499.00,1,2024-05-26,Pune
ORD16288,CUST453,PRD197,Sports,Cosco,3499.00,2,2024-05-26,Hyderabad
ORD16288,CUST453,PRD118,Home & Kitchen,Hawkins,2389.00,1,2024-05-26,Hyderabad
ORD16289,CUST165,PRD555,Electronics,Boult,2277.00,1,2024-05-26,Kolkata
ORD16289,CUST165,PRD192,Electronics,Mi,2555.00,1,2024-05-26,Kolkata
ORD16290,CUST1022,PRD506,Fashion,Allen Solly,745.00,1,2024-05-26,Pune
ORD16291,CUST455,PRD212,Electronics,Boult,149.00,5,2024-05-26,Mumbai
ORD16292,CUST541,PRD232,Fashion,Biba,822.00,2,2024-05-26,Chennai
ORD16292,CUST541,PRD452,Home & Kitchen,Wonderchef,462.00,2,2024-05-26,Chennai
ORD16293,CUST491,PRD252,Electronics,OnePlus,270.00,3,2024-05-26,Kolkata
ORD16294,CUST965,PRD551,Beauty,Nivea,535.00,2,2024-05-26,Mumbai
ORD16294,CUST965,PRD522,Fashion,Woodland,302.00,3,2024-05-26,Mumbai
ORD16295,CUST090,PRD212,Electronics,Boult,149.00,6,2024-05-26,Bengaluru
ORD16295,CUST090,PRD349,Books,Bloomsbury,864.00,1,2024-05-26,Bengaluru
ORD16296,CUST545,PRD122,Sports,Yonex,2499.00,1,2024-05-26,Mumbai
ORD16296,CUST545,PRD471,Home & Kitchen,Pigeon,1156.00,1,2024-05-26,Mumbai
ORD16296,CUST545,PRD513,Sports,Decathlon,3680.00,1,2024-05-26,Mumbai
ORD16297,CUST172,PRD015,Beauty,Plum,264.00,4,2024-05-26,Hyderabad
ORD16298,CUST161,PRD215,Sports,Campus,638.00,1,2024-05-26,Pune
ORD16298,CUST161,PRD381,Fashion,Peter England,406.00,3,2024-05-26,Pune
ORD16299,CUST1255,PRD092,Beauty,Maybelline,184.00,2,2024-05-26,Hyderabad
ORD16300,CUST1268,PRD291,Fashion,Woodland,831.00,3,2024-05-26,Mumbai
ORD16300,CUST1268,PRD094,Books,Rupa,415.00,1,2024-05-26,Mumbai
ORD16301,CUST196,PRD295,Books,Rupa,420.00,3,2024-05-26,Kolkata
ORD16302,CUST130,PRD058,Electronics,Mi,2999.00,2,2024-05-26,Delhi
ORD16303,CUST942,PRD118,Home & Kitchen,Hawkins,2389.00,1,2024-05-26,Chennai
ORD16304,CUST1406,PRD149,Electronics,Noise,4288.00,2,2024-05-26,Mumbai
ORD16304,CUST1406,PRD059,Home & Kitchen,Wonderchef,592.00,1,2024-05-26,Mumbai
ORD16304,CUST1406,PRD091,Home & Kitchen,Cello,349.00,3,2024-05-26,Mumbai
ORD16305,CUST747,PRD525,Books,Bloomsbury,699.00,1,2024-05-26,Mumbai
ORD16306,CUST987,PRD247,Sports,Campus,1130.00,2,2024-05-26,Pune
ORD16307,CUST410,PRD162,Beauty,Nivea,177.00,2,2024-05-26,Mumbai
ORD16308,CUST1405,PRD129,Home & Kitchen,Pigeon,728.00,1,2024-05-26,Bengaluru
ORD16308,CUST1405,PRD386,Fashion,Bata,1023.00,1,2024-05-26,Bengaluru
ORD16309,CUST288,PRD322,Sports,Puma,1255.00,1,2024-05-26,Mumbai
ORD16309,CUST288,PRD078,Fashion,Woodland,513.00,1,2024-05-26,Mumbai
ORD16310,CUST997,PRD498,Fashion,Levis,2999.00,1,2024-05-26,Bengaluru
ORD16310,CUST997,PRD027,Fashion,Puma,488.00,1,2024-05-26,Bengaluru
ORD16311,CUST364,PRD035,Home & Kitchen,Hawkins,438.00,3,2024-05-26,Chennai
ORD16312,CUST927,PRD106,Sports,Nike,1746.00,2,2024-05-26,Mumbai
ORD16313,CUST643,PRD035,Home & Kitchen,Hawkins,438.00,1,2024-05-26,Chennai
ORD16314,CUST1261,PRD461,Fashion,Peter England,1071.00,1,2024-05-27,Mumbai
ORD16315,CUST648,PRD521,Beauty,Plum,303.00,2,2024-05-27,Delhi
ORD16315,CUST648,PRD563,Electronics,Samsung,443.00,3,2024-05-27,Delhi
ORD16316,CUST979,PRD134,Electronics,OnePlus,346.00,1,2024-05-27,Delhi
ORD16317,CUST384,PRD225,Electronics,Samsung,469.00,4,2024-05-27,Mumbai
ORD16318,CUST318,PRD513,Sports,Decathlon,3680.00,1,2024-05-27,Bengaluru
ORD16318,CUST318,PRD522,Fashion,Woodland,302.00,1,2024-05-27,Bengaluru
ORD16319,CUST260,PRD468,Electronics,Mi,1890.00,1,2024-05-27,Delhi
ORD16320,CUST1240,PRD041,Sports,Yonex,1121.00,1,2024-05-27,Mumbai
ORD16321,CUST664,PRD586,Fashion,Biba,738.00,1,2024-05-27,Hyderabad
ORD16321,CUST664,PRD289,Electronics,Boult,826.00,1,2024-05-27,Hyderabad
ORD16322,CUST652,PRD563,Electronics,Samsung,443.00,1,2024-05-27,Kolkata
ORD16322,CUST652,PRD443,Fashion,Puma,437.00,1,2024-05-27,Kolkata
ORD16322,CUST652,PRD498,Fashion,Levis,2999.00,1,2024-05-27,Kolkata
ORD16323,CUST270,PRD226,Electronics,Sony,413.00,1,2024-05-27,Bengaluru
ORD16324,CUST295,PRD410,Electronics,OnePlus,4071.00,1,2024-05-27,Mumbai
ORD16324,CUST295,PRD197,Sports,Cosco,3499.00,1,2024-05-27,Mumbai
ORD16324,CUST295,PRD307,Books,Rupa,1199.00,1,2024-05-27,Mumbai
ORD16325,CUST750,PRD271,Home & Kitchen,Cello,404.00,2,2024-05-27,Chennai
ORD16325,CUST750,PRD163,Electronics,Realme,1801.00,2,2024-05-27,Chennai
ORD16326,CUST741,PRD029,Beauty,,431.00,1,2024-05-27,Hyderabad
ORD16327,CUST1189,PRD107,Electronics,JBL,844.00,2,2024-05-27,Delhi
ORD16327,CUST1189,PRD583,Fashion,Biba,735.00,1,2024-05-27,Delhi
ORD16328,CUST640,PRD556,Fashion,Woodland,1340.00,3,2024-05-27,Chennai
ORD16328,CUST640,PRD137,Home & Kitchen,,737.00,1,2024-05-27,Chennai
ORD16328,CUST640,PRD218,Sports,Cosco,263.00,1,2024-05-27,Chennai
ORD16328,CUST640,PRD132,Home & Kitchen,Milton,455.00,1,2024-05-27,Chennai
ORD16329,CUST904,PRD392,Home & Kitchen,Pigeon,1205.00,1,2024-05-27,Ahmedabad
ORD16330,CUST1324,PRD580,Sports,Nivia,762.00,1,2024-05-27,Mumbai
ORD16330,CUST1324,PRD177,Fashion,Allen Solly,640.00,1,2024-05-27,Mumbai
ORD16331,CUST1274,PRD443,Fashion,Puma,437.00,2,2024-05-27,Bengaluru
ORD16332,CUST454,PRD240,Home & Kitchen,Pigeon,1232.00,1,2024-05-27,Chennai
ORD16333,CUST694,PRD506,Fashion,Allen Solly,745.00,1,2024-05-27,Hyderabad
ORD16333,CUST694,PRD151,Electronics,Realme,620.00,3,2024-05-27,Hyderabad
ORD16333,CUST694,PRD485,Electronics,Apple,420.00,5,2024-05-27,Hyderabad
ORD16333,CUST694,PRD511,Electronics,Boult,1972.00,2,2024-05-27,Hyderabad
ORD16334,CUST993,PRD411,Fashion,Bata,815.00,1,2024-05-27,Mumbai
ORD16335,CUST035,PRD562,Books,Westland,999.00,1,2024-05-27,Hyderabad
ORD16335,CUST035,PRD323,Fashion,Woodland,312.00,2,2024-05-27,Hyderabad
ORD16336,CUST951,PRD257,Electronics,Noise,430.00,2,2024-05-27,Kolkata
ORD16337,CUST440,PRD097,Beauty,Plum,617.00,2,2024-05-27,Hyderabad
ORD16338,CUST084,PRD398,Fashion,Biba,591.00,1,2024-05-27,Delhi
ORD16339,CUST447,PRD295,Books,Rupa,420.00,5,2024-05-27,Bengaluru
ORD16339,CUST447,PRD600,Fashion,Allen Solly,763.00,1,2024-05-27,Bengaluru
ORD16339,CUST447,PRD245,Sports,Nike,3495.00,1,2024-05-27,Bengaluru
ORD16340,CUST603,PRD197,Sports,Cosco,3499.00,1,2024-05-27,Mumbai
ORD16340,CUST603,PRD017,Electronics,Boat,1299.00,2,2024-05-27,Mumbai
ORD16340,CUST603,PRD110,Home & Kitchen,Cello,1832.00,1,2024-05-27,Mumbai
ORD16341,CUST1449,PRD197,Sports,Cosco,3499.00,1,2024-05-27,Mumbai
ORD16341,CUST1449,PRD208,Electronics,Boult,7315.00,1,2024-05-27,Mumbai
ORD16341,CUST1449,PRD381,Fashion,Peter England,406.00,3,2024-05-27,Mumbai
ORD16342,CUST551,PRD117,Electronics,Boult,831.00,1,2024-05-27,Hyderabad
ORD16342,CUST551,PRD102,Sports,Cosco,569.00,1,2024-05-27,Hyderabad
ORD16343,CUST1058,PRD395,Beauty,Maybelline,618.00,1,2024-05-27,Pune
ORD16344,CUST030,PRD085,Beauty,Biotique,666.00,1,2024-05-27,Mumbai
ORD16344,CUST030,PRD073,Electronics,Mi,1540.00,1,2024-05-27,Mumbai
ORD16345,CUST1205,PRD563,Electronics,Samsung,443.00,1,2024-05-27,Mumbai
ORD16346,CUST1081,PRD483,Beauty,Lakme,162.00,1,2024-05-27,Hyderabad
ORD16347,CUST449,PRD588,Electronics,JBL,3249.00,1,2024-05-27,Delhi
ORD16348,CUST443,PRD252,Electronics,OnePlus,270.00,4,2024-05-27,Mumbai
ORD16348,CUST443,PRD439,Electronics,Boat,394.00,4,2024-05-27,Mumbai
ORD16349,CUST024,PRD493,Home & Kitchen,Milton,722.00,3,2024-05-27,Hyderabad
ORD16350,CUST1481,PRD225,Electronics,Samsung,469.00,1,2024-05-27,Kolkata
ORD16350,CUST1481,PRD444,Electronics,Samsung,346.00,2,2024-05-27,Kolkata
ORD16351,CUST772,PRD307,Books,Rupa,1199.00,1,2024-05-27,Bengaluru
ORD16351,CUST772,PRD375,Home & Kitchen,Borosil,633.00,1,2024-05-27,Bengaluru
ORD16351,CUST772,PRD093,Fashion,Woodland,562.00,2,2024-05-27,Bengaluru
ORD16352,CUST1420,PRD586,Fashion,Biba,738.00,3,2024-05-27,Chennai
ORD16352,CUST1420,PRD151,Electronics,Realme,620.00,1,2024-05-27,Chennai
ORD16353,CUST279,PRD460,Beauty,Lakme,252.00,1,2024-05-27,Mumbai
ORD16354,CUST758,PRD600,Fashion,Allen Solly,763.00,1,2024-05-27,Chennai
ORD16354,CUST758,PRD528,Books,Bloomsbury,1299.00,3,2024-05-27,Chennai
ORD16354,CUST758,PRD140,Home & Kitchen,Prestige,2499.00,1,2024-05-27,Chennai
ORD16354,CUST758,PRD513,Sports,Decathlon,3680.00,1,2024-05-27,Chennai
ORD16355,CUST1373,PRD480,Sports,Nike,942.00,1,2024-05-27,Mumbai
ORD16355,CUST1373,PRD406,Fashion,Levis,1299.00,1,2024-05-27,Mumbai
ORD16356,CUST1122,PRD162,Beauty,Nivea,177.00,3,2024-05-27,Pune
ORD16357,CUST323,PRD202,Sports,Nike,1517.00,1,2024-05-27,Bengaluru
ORD16357,CUST323,PRD533,Beauty,Plum,379.00,1,2024-05-27,Bengaluru
ORD16358,CUST401,PRD500,Electronics,Samsung,18999.00,1,2024-05-27,Mumbai
ORD16358,CUST401,PRD110,Home & Kitchen,Cello,1832.00,3,2024-05-27,Mumbai
ORD16358,CUST401,PRD153,Electronics,Apple,1631.00,1,2024-05-27,Mumbai
ORD16358,CUST401,PRD070,Home & Kitchen,Wonderchef,1246.00,1,2024-05-27,Mumbai
ORD16359,CUST606,PRD522,Fashion,Woodland,302.00,3,2024-05-28,Kolkata
ORD16360,CUST1122,PRD305,Books,Bloomsbury,1199.00,2,2024-05-28,Pune
ORD16361,CUST562,PRD030,Electronics,Mi,1686.00,3,2024-05-28,Bengaluru
ORD16362,CUST1272,PRD598,Electronics,,1275.00,1,2024-05-28,Mumbai
ORD16363,CUST376,PRD055,Beauty,Maybelline,497.00,4,2024-05-28,Pune
ORD16363,CUST376,PRD454,Home & Kitchen,Milton,385.00,2,2024-05-28,Pune
ORD16364,CUST397,PRD197,Sports,Cosco,3499.00,1,2024-05-28,Pune
ORD16364,CUST397,PRD485,Electronics,Apple,420.00,1,2024-05-28,Pune
ORD16365,CUST943,PRD126,Sports,Decathlon,1107.00,2,2024-05-28,Pune
ORD16366,CUST040,PRD564,Fashion,Peter England,647.00,3,2024-05-28,Bengaluru
ORD16366,CUST040,PRD325,Sports,Puma,827.00,1,2024-05-28,Bengaluru
ORD16367,CUST607,PRD593,Beauty,Himalaya,289.00,3,2024-05-28,Delhi
ORD16367,CUST607,PRD140,Home & Kitchen,Prestige,2499.00,1,2024-05-28,Delhi
ORD16368,CUST1040,PRD128,Books,Rupa,218.00,1,2024-05-28,Delhi
ORD16369,CUST009,PRD429,Electronics,Boult,577.00,1,2024-05-28,Ahmedabad
ORD16370,CUST1112,PRD589,Fashion,Allen Solly,661.00,1,2024-05-28,Ahmedabad
ORD16371,CUST829,PRD244,Books,Westland,441.00,5,2024-05-28,Pune
ORD16371,CUST829,PRD289,Electronics,Boult,826.00,1,2024-05-28,Pune
ORD16372,CUST519,PRD163,Electronics,Realme,1801.00,1,2024-05-28,Hyderabad
ORD16372,CUST519,PRD522,Fashion,Woodland,302.00,2,2024-05-28,Hyderabad
ORD16372,CUST519,PRD252,Electronics,OnePlus,270.00,2,2024-05-28,Hyderabad
ORD16373,CUST255,PRD452,Home & Kitchen,Wonderchef,462.00,1,2024-05-28,Mumbai
ORD16374,CUST814,PRD495,Fashion,Woodland,1999.00,2,2024-05-28,Bengaluru
ORD16374,CUST814,PRD387,Electronics,Realme,315.00,1,2024-05-28,Bengaluru
ORD16375,CUST517,PRD211,Sports,Adidas,1428.00,1,2024-05-28,Bengaluru
ORD16375,CUST517,PRD163,Electronics,Realme,1801.00,1,2024-05-28,Bengaluru
ORD16375,CUST517,PRD460,Beauty,Lakme,252.00,1,2024-05-28,Bengaluru
ORD16375,CUST517,PRD508,Electronics,Sony,1978.00,1,2024-05-28,Bengaluru
ORD16376,CUST1270,PRD471,Home & Kitchen,Pigeon,1156.00,2,2024-05-28,Pune
ORD16376,CUST1270,PRD197,Sports,Cosco,3499.00,1,2024-05-28,Pune
ORD16376,CUST1270,PRD004,Home & Kitchen,Pigeon,874.00,1,2024-05-28,Pune
ORD16376,CUST1270,PRD429,Electronics,Boult,577.00,2,2024-05-28,Pune
ORD16377,CUST258,PRD379,Electronics,Realme,3493.00,1,2024-05-28,Mumbai
ORD16377,CUST258,PRD356,Electronics,Samsung,211.00,2,2024-05-28,Mumbai
ORD16378,CUST1231,PRD379,Electronics,Realme,3493.00,1,2024-05-28,Mumbai
ORD16378,CUST1231,PRD222,Home & Kitchen,Cello,968.00,2,2024-05-28,Mumbai
ORD16379,CUST589,PRD175,Beauty,Biotique,574.00,1,2024-05-28,Delhi
ORD16379,CUST589,PRD177,Fashion,Allen Solly,640.00,1,2024-05-28,Delhi
ORD16380,CUST1268,PRD225,Electronics,Samsung,469.00,2,2024-05-28,Mumbai
ORD16381,CUST842,PRD439,Electronics,Boat,394.00,1,2024-05-28,Chennai
ORD16382,CUST971,PRD427,Beauty,Biotique,217.00,1,2024-05-28,Mumbai
ORD16383,CUST800,PRD587,Sports,Yonex,1709.00,2,2024-05-28,Bengaluru
ORD16384,CUST015,PRD183,Books,Aleph,566.00,1,2024-05-28,Delhi
ORD16385,CUST962,PRD523,Electronics,Apple,1042.00,1,2024-05-28,Delhi
ORD16386,CUST635,PRD029,Beauty,Lakme,431.00,1,2024-05-28,Chennai
ORD16387,CUST1420,PRD126,Sports,Decathlon,1107.00,1,2024-05-28,Chennai
ORD16388,CUST906,PRD326,Fashion,Bata,547.00,1,2024-05-28,Kolkata
ORD16388,CUST906,PRD535,Fashion,Bata,670.00,2,2024-05-28,Kolkata
ORD16388,CUST906,PRD027,Fashion,Puma,488.00,3,2024-05-28,Kolkata
ORD16389,CUST126,PRD129,Home & Kitchen,,728.00,1,2024-05-28,Bengaluru
ORD16390,CUST528,PRD427,Beauty,Biotique,217.00,1,2024-05-28,Pune
ORD16390,CUST528,PRD140,Home & Kitchen,Prestige,2499.00,1,2024-05-28,Pune
ORD16391,CUST784,PRD592,Fashion,Levis,555.00,1,2024-05-28,Hyderabad
ORD16392,CUST302,PRD588,Electronics,JBL,3249.00,1,2024-05-28,Delhi
ORD16392,CUST302,PRD197,Sports,Cosco,3499.00,1,2024-05-28,Delhi
ORD16393,CUST898,PRD475,Fashion,Peter England,1447.00,1,2024-05-28,Kolkata
ORD16393,CUST898,PRD574,Electronics,Mi,318.00,1,2024-05-28,Kolkata
ORD16394,CUST970,PRD110,Home & Kitchen,Cello,1832.00,2,2024-05-28,Delhi
ORD16395,CUST066,PRD577,Electronics,Mi,1502.00,1,2024-05-28,Bengaluru
ORD16395,CUST066,PRD534,Fashion,Biba,1872.00,1,2024-05-28,Bengaluru
ORD16396,CUST925,PRD314,Electronics,,422.00,1,2024-05-28,Delhi
ORD16397,CUST309,PRD518,Electronics,Mi,4469.00,1,2024-05-28,Chennai
ORD16397,CUST309,PRD078,Fashion,Woodland,513.00,1,2024-05-28,Chennai
ORD16398,CUST1396,PRD588,Electronics,JBL,3249.00,1,2024-05-28,Mumbai
ORD16399,CUST902,PRD326,Fashion,Bata,547.00,2,2024-05-28,Hyderabad
ORD16400,CUST372,PRD204,Electronics,Boat,1299.00,1,2024-05-28,Delhi
ORD16401,CUST492,PRD503,Fashion,Sparx,561.00,2,2024-05-28,Delhi
ORD16402,CUST339,PRD489,Electronics,Apple,9999.00,1,2024-05-28,Bengaluru
ORD16403,CUST1182,PRD310,Sports,Decathlon,2499.00,1,2024-05-28,Delhi
ORD16403,CUST1182,PRD240,Home & Kitchen,Pigeon,1232.00,1,2024-05-28,Delhi
ORD16404,CUST499,PRD199,Fashion,Woodland,4299.00,1,2024-05-28,Pune
ORD16405,CUST211,PRD401,Electronics,Realme,1790.00,1,2024-05-28,Kolkata
ORD16406,CUST122,PRD307,Books,Rupa,1199.00,1,2024-05-29,Delhi
ORD16407,CUST155,PRD229,Electronics,Boat,976.00,2,2024-05-29,Delhi
ORD16408,CUST323,PRD473,Electronics,Realme,6236.00,1,2024-05-29,Bengaluru
ORD16408,CUST323,PRD500,Electronics,Samsung,18999.00,1,2024-05-29,Bengaluru
ORD16409,CUST1378,PRD058,Electronics,Mi,2999.00,1,2024-05-29,Mumbai
ORD16410,CUST1143,PRD107,Electronics,JBL,844.00,1,2024-05-29,Bengaluru
ORD16411,CUST741,PRD195,Books,Bloomsbury,599.00,1,2024-05-29,Hyderabad
ORD16411,CUST741,PRD124,Beauty,Maybelline,221.00,1,2024-05-29,Hyderabad
ORD16411,CUST741,PRD323,Fashion,Woodland,312.00,1,2024-05-29,Hyderabad
ORD16412,CUST1196,PRD197,Sports,Cosco,3499.00,1,2024-05-29,Mumbai
ORD16413,CUST008,PRD368,Electronics,JBL,955.00,1,2024-05-29,Bengaluru
ORD16413,CUST008,PRD140,Home & Kitchen,Prestige,2499.00,1,2024-05-29,Bengaluru
ORD16413,CUST008,PRD031,Beauty,Lakme,547.00,3,2024-05-29,Bengaluru
ORD16414,CUST1383,PRD521,Beauty,Plum,303.00,4,2024-05-29,Ahmedabad
ORD16415,CUST029,PRD163,Electronics,Realme,1801.00,2,2024-05-29,Mumbai
ORD16416,CUST1363,PRD238,Home & Kitchen,Borosil,948.00,1,2024-05-29,Kolkata
ORD16417,CUST1481,PRD137,Home & Kitchen,Wonderchef,737.00,1,2024-05-29,Kolkata
ORD16418,CUST879,PRD006,Beauty,Lakme,160.00,1,2024-05-29,Mumbai
ORD16419,CUST1379,PRD236,Home & Kitchen,Butterfly,1329.00,2,2024-05-29,Kolkata
ORD16420,CUST1437,PRD476,Home & Kitchen,Wonderchef,1186.00,1,2024-05-29,Bengaluru
ORD16420,CUST1437,PRD021,Fashion,Sparx,853.00,3,2024-05-29,Bengaluru
ORD16420,CUST1437,PRD009,Fashion,Levis,1499.00,1,2024-05-29,Bengaluru
ORD16420,CUST1437,PRD225,Electronics,Samsung,469.00,6,2024-05-29,Bengaluru
ORD16421,CUST348,PRD274,Beauty,Himalaya,188.00,2,2024-05-29,Mumbai
ORD16421,CUST348,PRD051,Fashion,Woodland,755.00,3,2024-05-29,Mumbai
ORD16421,CUST348,PRD444,Electronics,Samsung,346.00,5,2024-05-29,Mumbai
ORD16422,CUST109,PRD577,Electronics,Mi,1502.00,2,2024-05-29,Delhi
ORD16423,CUST717,PRD112,Beauty,Lakme,628.00,2,2024-05-29,Bengaluru
ORD16423,CUST717,PRD254,Electronics,Mi,1014.00,1,2024-05-29,Bengaluru
ORD16423,CUST717,PRD225,Electronics,Samsung,469.00,1,2024-05-29,Bengaluru
ORD16424,CUST491,PRD471,Home & Kitchen,Pigeon,1156.00,1,2024-05-29,Kolkata
ORD16424,CUST491,PRD177,Fashion,Allen Solly,640.00,1,2024-05-29,Kolkata
ORD16424,CUST491,PRD521,Beauty,Plum,303.00,6,2024-05-29,Kolkata
ORD16425,CUST071,PRD225,Electronics,Samsung,469.00,3,2024-05-29,Bengaluru
ORD16426,CUST076,PRD163,Electronics,Realme,1801.00,1,2024-05-29,Chennai
ORD16427,CUST391,PRD082,Home & Kitchen,Butterfly,614.00,3,2024-05-29,Pune
ORD16428,CUST904,PRD569,Fashion,Peter England,765.00,3,2024-05-29,Ahmedabad
ORD16429,CUST752,PRD508,Electronics,Sony,1978.00,1,2024-05-29,Delhi
ORD16429,CUST752,PRD295,Books,Rupa,420.00,3,2024-05-29,Delhi
ORD16429,CUST752,PRD221,Fashion,Levis,2199.00,1,2024-05-29,Delhi
ORD16430,CUST1108,PRD072,Books,Aleph,226.00,3,2024-05-29,Delhi
ORD16431,CUST886,PRD129,Home & Kitchen,Pigeon,728.00,1,2024-05-29,Pune
ORD16431,CUST886,PRD204,Electronics,Boat,1299.00,3,2024-05-29,Pune
ORD16432,CUST456,PRD093,Fashion,Woodland,562.00,1,2024-05-29,Bengaluru
ORD16432,CUST456,PRD278,Home & Kitchen,Cello,1899.00,1,2024-05-29,Bengaluru
ORD16432,CUST456,PRD160,Home & Kitchen,Borosil,899.00,2,2024-05-29,Bengaluru
ORD16433,CUST1385,PRD295,Books,Rupa,420.00,2,2024-05-29,Hyderabad
ORD16433,CUST1385,PRD030,Electronics,Mi,1686.00,1,2024-05-29,Hyderabad
ORD16433,CUST1385,PRD502,Electronics,Boult,1312.00,2,2024-05-29,Hyderabad
ORD16433,CUST1385,PRD299,Home & Kitchen,Borosil,457.00,1,2024-05-29,Hyderabad
ORD16434,CUST1201,PRD521,Beauty,Plum,303.00,1,2024-05-29,Mumbai
ORD16435,CUST128,PRD291,Fashion,Woodland,831.00,1,2024-05-29,Delhi
ORD16436,CUST161,PRD531,Electronics,Boat,2084.00,1,2024-05-29,Pune
ORD16437,CUST1241,PRD384,Fashion,Puma,701.00,2,2024-05-29,Delhi
ORD16438,CUST641,PRD521,Beauty,Plum,303.00,1,2024-05-29,Hyderabad
ORD16438,CUST641,PRD584,Sports,Nike,202.00,3,2024-05-29,Hyderabad
ORD16439,CUST419,PRD524,Beauty,Himalaya,249.00,1,2024-05-29,Delhi
ORD16440,CUST218,PRD324,Fashion,Allen Solly,843.00,3,2024-05-29,Bengaluru
ORD16441,CUST1367,PRD525,Books,Bloomsbury,699.00,1,2024-05-29,Bengaluru
ORD16441,CUST1367,PRD523,Electronics,Apple,1042.00,1,2024-05-29,Bengaluru
ORD16441,CUST1367,PRD087,Books,Rupa,699.00,2,2024-05-29,Bengaluru
ORD16441,CUST1367,PRD203,Sports,Campus,720.00,1,2024-05-29,Bengaluru
ORD16442,CUST933,PRD247,Sports,Campus,1130.00,1,2024-05-29,Pune
ORD16442,CUST933,PRD410,Electronics,OnePlus,4071.00,1,2024-05-29,Pune
ORD16443,CUST792,PRD022,Home & Kitchen,Hawkins,1213.00,1,2024-05-29,Pune
ORD16444,CUST450,PRD295,Books,Rupa,420.00,1,2024-05-29,Mumbai
ORD16444,CUST450,PRD461,Fashion,Peter England,1071.00,1,2024-05-29,Mumbai
ORD16445,CUST403,PRD364,Electronics,Realme,769.00,3,2024-05-29,Pune
ORD16446,CUST882,PRD229,Electronics,Boat,976.00,1,2024-05-29,Bengaluru
ORD16447,CUST1245,PRD444,Electronics,Samsung,346.00,3,2024-05-29,Chennai
ORD16448,CUST1351,PRD521,Beauty,Plum,303.00,5,2024-05-30,Mumbai
ORD16449,CUST806,PRD521,Beauty,Plum,303.00,1,2024-05-30,Mumbai
ORD16449,CUST806,PRD554,Home & Kitchen,Borosil,403.00,3,2024-05-30,Mumbai
ORD16449,CUST806,PRD293,Fashion,Levis,499.00,2,2024-05-30,Mumbai
ORD16449,CUST806,PRD420,Sports,Campus,624.00,1,2024-05-30,Mumbai
ORD16450,CUST674,PRD038,Fashion,Bata,691.00,1,2024-05-30,Mumbai
ORD16450,CUST674,PRD327,Electronics,OnePlus,457.00,5,2024-05-30,Mumbai
ORD16450,CUST674,PRD307,Books,Rupa,1199.00,1,2024-05-30,Mumbai
ORD16451,CUST142,PRD010,Beauty,Maybelline,1040.00,2,2024-05-30,Delhi
ORD16451,CUST142,PRD035,Home & Kitchen,Hawkins,438.00,1,2024-05-30,Delhi
ORD16452,CUST974,PRD443,Fashion,Puma,437.00,1,2024-05-30,Ahmedabad
ORD16453,CUST924,PRD129,Home & Kitchen,Pigeon,728.00,1,2024-05-30,Chennai
ORD16454,CUST423,PRD148,Electronics,Realme,455.00,2,2024-05-30,Mumbai
ORD16455,CUST1328,PRD429,Electronics,Boult,577.00,1,2024-05-30,Bengaluru
ORD16455,CUST1328,PRD462,Electronics,Noise,2358.00,1,2024-05-30,Bengaluru
ORD16455,CUST1328,PRD053,Sports,Cosco,2360.00,1,2024-05-30,Bengaluru
ORD16455,CUST1328,PRD091,Home & Kitchen,Cello,349.00,1,2024-05-30,Bengaluru
ORD16456,CUST187,PRD449,Sports,Decathlon,1146.00,1,2024-05-30,Chennai
ORD16456,CUST187,PRD386,Fashion,Bata,1023.00,1,2024-05-30,Chennai
ORD16457,CUST825,PRD358,Electronics,Apple,205.00,1,2024-05-30,Pune
ORD16458,CUST1052,PRD552,Beauty,Nivea,154.00,2,2024-05-30,Chennai
ORD16459,CUST385,PRD472,Sports,Nivia,824.00,1,2024-05-30,Bengaluru
ORD16460,CUST325,PRD286,Electronics,Noise,437.00,5,2024-05-30,Mumbai
ORD16461,CUST362,PRD521,Beauty,Plum,303.00,1,2024-05-30,Bengaluru
ORD16462,CUST936,PRD178,Beauty,Maybelline,1099.00,1,2024-05-30,Bengaluru
ORD16463,CUST1272,PRD307,Books,Rupa,1199.00,1,2024-05-30,Mumbai
ORD16463,CUST1272,PRD143,Books,Rupa,497.00,8,2024-05-30,Mumbai
ORD16463,CUST1272,PRD444,Electronics,Samsung,346.00,3,2024-05-30,Mumbai
ORD16464,CUST1421,PRD358,Electronics,Apple,205.00,2,2024-05-30,Bengaluru
ORD16465,CUST1078,PRD149,Electronics,Noise,4288.00,2,2024-05-30,Hyderabad
ORD16466,CUST214,PRD076,Sports,Nivia,579.00,1,2024-05-30,Bengaluru
ORD16467,CUST502,PRD480,Sports,Nike,942.00,1,2024-05-30,Ahmedabad
ORD16468,CUST476,PRD008,Beauty,Nivea,983.00,2,2024-05-30,Pune
ORD16468,CUST476,PRD122,Sports,Yonex,2499.00,2,2024-05-30,Pune
ORD16468,CUST476,PRD404,Beauty,Nivea,493.00,1,2024-05-30,Pune
ORD16469,CUST1468,PRD063,Electronics,JBL,1768.00,1,2024-05-30,Bengaluru
ORD16470,CUST593,PRD410,Electronics,OnePlus,4071.00,1,2024-05-30,Delhi
ORD16471,CUST1220,PRD071,Beauty,Himalaya,243.00,3,2024-05-30,Delhi
ORD16472,CUST167,PRD381,Fashion,Peter England,406.00,2,2024-05-30,Bengaluru
ORD16473,CUST797,PRD518,Electronics,Mi,4469.00,1,2024-05-30,Chennai
ORD16473,CUST797,PRD163,Electronics,Realme,1801.00,1,2024-05-30,Chennai
ORD16474,CUST601,PRD177,Fashion,Allen Solly,640.00,2,2024-05-30,Mumbai
ORD16474,CUST601,PRD197,Sports,Cosco,3499.00,1,2024-05-30,Mumbai
ORD16475,CUST281,PRD238,Home & Kitchen,Borosil,948.00,1,2024-05-30,Mumbai
ORD16476,CUST975,PRD423,Home & Kitchen,Pigeon,623.00,1,2024-05-30,Hyderabad
ORD16476,CUST975,PRD208,Electronics,Boult,7315.00,1,2024-05-30,Hyderabad
ORD16476,CUST975,PRD522,Fashion,Woodland,302.00,1,2024-05-30,Hyderabad
ORD16477,CUST1011,PRD551,Beauty,Nivea,535.00,1,2024-05-30,Mumbai
ORD16478,CUST048,PRD220,Books,Westland,415.00,2,2024-05-30,Mumbai
ORD16478,CUST048,PRD385,Electronics,OnePlus,2378.00,1,2024-05-30,Mumbai
ORD16479,CUST739,PRD227,Home & Kitchen,Hawkins,1799.00,1,2024-05-30,Pune
ORD16480,CUST858,PRD554,Home & Kitchen,Borosil,403.00,1,2024-05-30,Chennai
ORD16481,CUST1062,PRD191,Fashion,Levis,651.00,1,2024-05-30,Chennai
ORD16481,CUST1062,PRD323,Fashion,Woodland,312.00,5,2024-05-30,Chennai
ORD16482,CUST123,PRD163,Electronics,Realme,1801.00,2,2024-05-30,Bengaluru
ORD16482,CUST123,PRD215,Sports,Campus,638.00,1,2024-05-30,Bengaluru
ORD16483,CUST622,PRD488,Beauty,Maybelline,409.00,2,2024-05-30,Delhi
ORD16484,CUST1410,PRD540,Home & Kitchen,Cello,2999.00,1,2024-05-30,Mumbai
ORD16484,CUST1410,PRD505,Beauty,Nivea,307.00,1,2024-05-30,Mumbai
ORD16485,CUST411,PRD522,Fashion,,302.00,1,2024-05-30,Delhi
ORD16485,CUST411,PRD246,Sports,Decathlon,256.00,1,2024-05-30,Delhi
ORD16485,CUST411,PRD521,Beauty,Plum,303.00,1,2024-05-30,Delhi
ORD16485,CUST411,PRD439,Electronics,Boat,394.00,2,2024-05-30,Delhi
ORD16486,CUST002,PRD025,Beauty,Nivea,157.00,1,2024-05-30,Delhi
ORD16487,CUST347,PRD413,Fashion,Woodland,304.00,3,2024-05-30,Bengaluru
ORD16488,CUST216,PRD142,Fashion,Peter England,1499.00,1,2024-05-30,Delhi
ORD16489,CUST1396,PRD274,Beauty,Himalaya,188.00,1,2024-05-30,Mumbai
ORD16490,CUST1038,PRD381,Fashion,Peter England,406.00,1,2024-05-30,Mumbai
ORD16491,CUST169,PRD575,Sports,Cosco,2199.00,1,2024-05-30,Hyderabad
ORD16491,CUST169,PRD129,Home & Kitchen,Pigeon,728.00,1,2024-05-30,Hyderabad
ORD16492,CUST717,PRD440,Beauty,Maybelline,250.00,1,2024-05-30,Bengaluru
ORD16493,CUST791,PRD321,Beauty,Himalaya,237.00,1,2024-05-30,Mumbai
ORD16493,CUST791,PRD339,Electronics,OnePlus,1061.00,1,2024-05-30,Mumbai
ORD16493,CUST791,PRD238,Home & Kitchen,Borosil,948.00,1,2024-05-30,Mumbai
ORD16494,CUST589,PRD519,Sports,Adidas,826.00,2,2024-05-30,Delhi
ORD16495,CUST520,PRD473,Electronics,Realme,6236.00,2,2024-05-31,Pune
ORD16496,CUST565,PRD215,Sports,Campus,638.00,2,2024-05-31,Hyderabad
ORD16496,CUST565,PRD288,Electronics,Realme,472.00,2,2024-05-31,Hyderabad
ORD16496,CUST565,PRD312,Sports,Nike,3499.00,1,2024-05-31,Hyderabad
ORD16496,CUST565,PRD206,Books,Rupa,458.00,4,2024-05-31,Hyderabad
ORD16497,CUST180,PRD385,Electronics,OnePlus,2378.00,1,2024-05-31,Delhi
ORD16497,CUST180,PRD122,Sports,Yonex,2499.00,1,2024-05-31,Delhi
ORD16498,CUST1112,PRD283,Beauty,Himalaya,318.00,2,2024-05-31,Ahmedabad
ORD16499,CUST448,PRD163,Electronics,Realme,1801.00,1,2024-05-31,Hyderabad
ORD16499,CUST448,PRD542,Electronics,Noise,1190.00,1,2024-05-31,Hyderabad
ORD16500,CUST490,PRD244,Books,Westland,441.00,1,2024-05-31,Ahmedabad
ORD16500,CUST490,PRD228,Electronics,Realme,1737.00,1,2024-05-31,Ahmedabad
ORD16500,CUST490,PRD307,Books,Rupa,1199.00,1,2024-05-31,Ahmedabad
ORD16501,CUST1000,PRD273,Books,Bloomsbury,1199.00,2,2024-05-31,Mumbai
ORD16502,CUST975,PRD506,Fashion,Allen Solly,745.00,1,2024-05-31,Hyderabad
ORD16502,CUST975,PRD271,Home & Kitchen,Cello,404.00,1,2024-05-31,Hyderabad
ORD16502,CUST975,PRD543,Fashion,Woodland,511.00,2,2024-05-31,Hyderabad
ORD16503,CUST1037,PRD506,Fashion,Allen Solly,745.00,1,2024-05-31,Delhi
ORD16504,CUST514,PRD347,Fashion,Sparx,873.00,1,2024-05-31,Bengaluru
ORD16505,CUST777,PRD251,Fashion,Puma,761.00,1,2024-05-31,Chennai
ORD16506,CUST449,PRD489,Electronics,Apple,9999.00,1,2024-05-31,Delhi
ORD16506,CUST449,PRD163,Electronics,Realme,1801.00,2,2024-05-31,Delhi
ORD16507,CUST898,PRD307,Books,Rupa,1199.00,1,2024-05-31,Kolkata
ORD16508,CUST1416,PRD338,Fashion,Sparx,711.00,2,2024-05-31,Hyderabad
ORD16509,CUST798,PRD375,Home & Kitchen,Borosil,633.00,1,2024-05-31,Delhi
ORD16510,CUST057,PRD532,Electronics,Noise,719.00,2,2024-05-31,Bengaluru
ORD16511,CUST769,PRD042,Home & Kitchen,Prestige,2999.00,2,2024-05-31,Pune
ORD16512,CUST192,PRD053,Sports,Cosco,2360.00,1,2024-05-31,Hyderabad
ORD16513,CUST1316,PRD443,Fashion,Puma,437.00,2,2024-05-31,Bengaluru
ORD16514,CUST1344,PRD140,Home & Kitchen,Prestige,2499.00,1,2024-05-31,Bengaluru
ORD16514,CUST1344,PRD129,Home & Kitchen,Pigeon,728.00,1,2024-05-31,Bengaluru
ORD16515,CUST029,PRD006,Beauty,Lakme,160.00,3,2024-05-31,Mumbai
ORD16516,CUST1257,PRD539,Electronics,Realme,956.00,1,2024-05-31,Ahmedabad
ORD16517,CUST973,PRD086,Sports,Decathlon,1825.00,1,2024-05-31,Delhi
ORD16518,CUST1471,PRD223,Electronics,Samsung,450.00,2,2024-05-31,Hyderabad
ORD16518,CUST1471,PRD373,Fashion,Peter England,527.00,1,2024-05-31,Hyderabad
ORD16518,CUST1471,PRD225,Electronics,Samsung,469.00,3,2024-05-31,Hyderabad
ORD16519,CUST1343,PRD562,Books,Westland,999.00,1,2024-05-31,Delhi
ORD16520,CUST155,PRD431,Home & Kitchen,Wonderchef,798.00,1,2024-05-31,Delhi
ORD16521,CUST943,PRD354,Electronics,Apple,474.00,1,2024-05-31,Pune
ORD16522,CUST1378,PRD573,Fashion,Peter England,652.00,1,2024-05-31,Mumbai
ORD16522,CUST1378,PRD325,Sports,Puma,827.00,1,2024-05-31,Mumbai
ORD16523,CUST1405,PRD225,Electronics,Samsung,469.00,1,2024-05-31,Bengaluru
ORD16524,CUST754,PRD163,Electronics,Realme,1801.00,1,2024-05-31,Delhi
ORD16524,CUST754,PRD514,Electronics,Samsung,170.00,1,2024-05-31,Delhi
ORD16525,CUST506,PRD471,Home & Kitchen,Pigeon,1156.00,1,2024-05-31,Bengaluru
ORD16525,CUST506,PRD158,Fashion,Bata,668.00,3,2024-05-31,Bengaluru
ORD16526,CUST622,PRD203,Sports,Campus,720.00,1,2024-05-31,Delhi
ORD16527,CUST1196,PRD304,Sports,Campus,1385.00,2,2024-05-31,Mumbai
ORD16528,CUST732,PRD046,Home & Kitchen,Cello,2604.00,1,2024-05-31,Delhi
ORD16529,CUST456,PRD421,Electronics,Realme,507.00,2,2024-05-31,Bengaluru
ORD16530,CUST372,PRD567,Electronics,Realme,5695.00,1,2024-05-31,Delhi
ORD16530,CUST372,PRD555,Electronics,Boult,2277.00,1,2024-05-31,Delhi
ORD16531,CUST228,PRD342,Books,Westland,462.00,1,2024-05-31,Pune
ORD16532,CUST686,PRD304,Sports,Campus,1385.00,1,2024-05-31,Pune
ORD16533,CUST442,PRD283,Beauty,Himalaya,318.00,4,2024-05-31,Mumbai
ORD16534,CUST288,PRD009,Fashion,Levis,1499.00,1,2024-05-31,Mumbai
ORD16535,CUST137,PRD311,Sports,Nike,876.00,3,2024-05-31,Mumbai
ORD16535,CUST137,PRD336,Electronics,Mi,185.00,2,2024-05-31,Mumbai
ORD16535,CUST137,PRD437,Beauty,Himalaya,333.00,3,2024-05-31,Mumbai
ORD16536,CUST271,PRD160,Home & Kitchen,Borosil,899.00,1,2024-06-01,Mumbai
ORD16537,CUST977,PRD553,Books,Rupa,163.00,1,2024-06-01,Mumbai
ORD16538,CUST058,PRD080,Electronics,Realme,1211.00,1,2024-06-01,Bengaluru
ORD16538,CUST058,PRD163,Electronics,,1801.00,1,2024-06-01,Bengaluru
ORD16538,CUST058,PRD056,Home & Kitchen,Milton,1613.00,1,2024-06-01,Bengaluru
ORD16539,CUST284,PRD129,Home & Kitchen,Pigeon,728.00,1,2024-06-01,Delhi
ORD16539,CUST284,PRD464,Books,Bloomsbury,502.00,1,2024-06-01,Delhi
ORD16540,CUST1233,PRD444,Electronics,Samsung,346.00,1,2024-06-01,Bengaluru
ORD16541,CUST1175,PRD525,Books,Bloomsbury,699.00,1,2024-06-01,Bengaluru
ORD16542,CUST090,PRD021,Fashion,Sparx,853.00,1,2024-06-01,Bengaluru
ORD16542,CUST090,PRD535,Fashion,Bata,670.00,1,2024-06-01,Bengaluru
ORD16542,CUST090,PRD243,Home & Kitchen,Borosil,658.00,1,2024-06-01,Bengaluru
ORD16542,CUST090,PRD289,Electronics,Boult,826.00,1,2024-06-01,Bengaluru
ORD16543,CUST204,PRD017,Electronics,Boat,1299.00,1,2024-06-01,Delhi
ORD16544,CUST739,PRD252,Electronics,OnePlus,270.00,1,2024-06-01,Pune
ORD16545,CUST116,PRD204,Electronics,Boat,1299.00,1,2024-06-01,Chennai
ORD16546,CUST1349,PRD132,Home & Kitchen,Milton,455.00,3,2024-06-01,Hyderabad
ORD16547,CUST974,PRD129,Home & Kitchen,Pigeon,728.00,1,2024-06-01,Ahmedabad
ORD16547,CUST974,PRD521,Beauty,Plum,303.00,1,2024-06-01,Ahmedabad
ORD16548,CUST494,PRD004,Home & Kitchen,Pigeon,874.00,1,2024-06-01,Mumbai
ORD16548,CUST494,PRD434,Home & Kitchen,Cello,2260.00,1,2024-06-01,Mumbai
ORD16549,CUST728,PRD577,Electronics,Mi,1502.00,2,2024-06-01,Bengaluru
ORD16550,CUST1317,PRD456,Fashion,Sparx,519.00,2,2024-06-01,Delhi
ORD16550,CUST1317,PRD023,Home & Kitchen,Pigeon,857.00,3,2024-06-01,Delhi
ORD16551,CUST768,PRD373,Fashion,Peter England,527.00,1,2024-06-01,Kolkata
ORD16552,CUST146,PRD577,Electronics,Mi,1502.00,1,2024-06-01,Chennai
ORD16553,CUST1037,PRD325,Sports,Puma,827.00,1,2024-06-01,Delhi
ORD16554,CUST489,PRD456,Fashion,Sparx,519.00,1,2024-06-01,Mumbai
ORD16554,CUST489,PRD228,Electronics,Realme,1737.00,2,2024-06-01,Mumbai
ORD16555,CUST040,PRD550,Fashion,Biba,2786.00,1,2024-06-01,Bengaluru
ORD16556,CUST783,PRD173,Sports,Cosco,555.00,1,2024-06-01,Bengaluru
ORD16556,CUST783,PRD600,Fashion,Allen Solly,763.00,1,2024-06-01,Bengaluru
ORD16556,CUST783,PRD030,Electronics,Mi,1686.00,1,2024-06-01,Bengaluru
ORD16556,CUST783,PRD409,Sports,Yonex,1739.00,1,2024-06-01,Bengaluru
ORD16557,CUST936,PRD030,Electronics,Mi,1686.00,2,2024-06-01,Bengaluru
ORD16558,CUST538,PRD214,Fashion,Bata,650.00,2,2024-06-01,Mumbai
ORD16559,CUST1178,PRD225,Electronics,Samsung,469.00,3,2024-06-01,Bengaluru
ORD16560,CUST874,PRD574,Electronics,Mi,318.00,1,2024-06-01,Hyderabad
ORD16561,CUST680,PRD411,Fashion,Bata,815.00,3,2024-06-01,Bengaluru
ORD16562,CUST370,PRD342,Books,Westland,462.00,3,2024-06-01,Bengaluru
ORD16563,CUST614,PRD109,Electronics,OnePlus,160.00,1,2024-06-01,Delhi
ORD16564,CUST292,PRD250,Home & Kitchen,Pigeon,1541.00,2,2024-06-01,Mumbai
ORD16565,CUST978,PRD126,Sports,Decathlon,1107.00,1,2024-06-01,Mumbai
ORD16565,CUST978,PRD589,Fashion,Allen Solly,661.00,1,2024-06-01,Mumbai
ORD16565,CUST978,PRD426,Beauty,Biotique,492.00,2,2024-06-01,Mumbai
ORD16566,CUST054,PRD402,Fashion,Peter England,637.00,1,2024-06-01,Ahmedabad
ORD16567,CUST450,PRD284,Electronics,OnePlus,1929.00,1,2024-06-01,Mumbai
ORD16568,CUST1419,PRD542,Electronics,Noise,1190.00,1,2024-06-01,Pune
ORD16568,CUST1419,PRD315,Home & Kitchen,Prestige,668.00,1,2024-06-01,Pune
ORD16568,CUST1419,PRD023,Home & Kitchen,Pigeon,857.00,1,2024-06-01,Pune
ORD16568,CUST1419,PRD348,Electronics,Apple,2298.00,1,2024-06-01,Pune
ORD16569,CUST272,PRD577,Electronics,Mi,1502.00,1,2024-06-01,Delhi
ORD16569,CUST272,PRD076,Sports,Nivia,579.00,1,2024-06-01,Delhi
ORD16569,CUST272,PRD563,Electronics,Samsung,443.00,2,2024-06-01,Delhi
ORD16570,CUST162,PRD030,Electronics,Mi,1686.00,1,2024-06-01,Delhi
ORD16570,CUST162,PRD204,Electronics,Boat,1299.00,1,2024-06-01,Delhi
ORD16570,CUST162,PRD140,Home & Kitchen,Prestige,2499.00,1,2024-06-01,Delhi
ORD16571,CUST1205,PRD032,Fashion,Levis,823.00,1,2024-06-01,Mumbai
ORD16571,CUST1205,PRD391,Fashion,Bata,1999.00,1,2024-06-01,Mumbai
ORD16571,CUST1205,PRD129,Home & Kitchen,Pigeon,728.00,1,2024-06-01,Mumbai
ORD16571,CUST1205,PRD247,Sports,Campus,1130.00,1,2024-06-01,Mumbai
ORD16572,CUST1488,PRD236,Home & Kitchen,Butterfly,1329.00,1,2024-06-02,Delhi
ORD16573,CUST057,PRD401,Electronics,Realme,1790.00,1,2024-06-02,Bengaluru
ORD16574,CUST313,PRD204,Electronics,Boat,1299.00,2,2024-06-02,Bengaluru
ORD16575,CUST435,PRD532,Electronics,Noise,719.00,1,2024-06-02,Delhi
ORD16575,CUST435,PRD271,Home & Kitchen,Cello,404.00,1,2024-06-02,Delhi
ORD16576,CUST397,PRD280,Electronics,Apple,4376.00,1,2024-06-02,Pune
ORD16577,CUST622,PRD150,Beauty,Maybelline,726.00,1,2024-06-02,Delhi
ORD16577,CUST622,PRD413,Fashion,Woodland,304.00,1,2024-06-02,Delhi
ORD16577,CUST622,PRD204,Electronics,Boat,1299.00,1,2024-06-02,Delhi
ORD16578,CUST857,PRD166,Electronics,Boult,1527.00,1,2024-06-02,Mumbai
ORD16579,CUST1274,PRD077,Electronics,Samsung,3801.00,1,2024-06-02,Bengaluru
ORD16580,CUST472,PRD144,Fashion,Allen Solly,315.00,1,2024-06-02,Delhi
ORD16580,CUST472,PRD031,Beauty,Lakme,547.00,1,2024-06-02,Delhi
ORD16581,CUST408,PRD053,Sports,Cosco,2360.00,1,2024-06-02,Kolkata
ORD16581,CUST408,PRD204,Electronics,Boat,1299.00,1,2024-06-02,Kolkata
ORD16582,CUST1152,PRD411,Fashion,Bata,815.00,1,2024-06-02,Pune
ORD16583,CUST302,PRD480,Sports,Nike,942.00,2,2024-06-02,Delhi
ORD16584,CUST1203,PRD264,Home & Kitchen,Prestige,518.00,2,2024-06-02,Bengaluru
ORD16585,CUST441,PRD384,Fashion,Puma,701.00,1,2024-06-02,Chennai
ORD16586,CUST1243,PRD244,Books,Westland,441.00,1,2024-06-02,Hyderabad
ORD16587,CUST047,PRD225,Electronics,Samsung,469.00,1,2024-06-02,Chennai
ORD16587,CUST047,PRD104,Home & Kitchen,Butterfly,875.00,1,2024-06-02,Chennai
ORD16587,CUST047,PRD475,Fashion,Peter England,1447.00,2,2024-06-02,Chennai
ORD16588,CUST771,PRD508,Electronics,Sony,1978.00,2,2024-06-02,Chennai
ORD16589,CUST1416,PRD197,Sports,Cosco,3499.00,1,2024-06-02,Hyderabad
ORD16589,CUST1416,PRD489,Electronics,Apple,9999.00,1,2024-06-02,Hyderabad
ORD16589,CUST1416,PRD132,Home & Kitchen,Milton,455.00,4,2024-06-02,Hyderabad
ORD16590,CUST917,PRD326,Fashion,Bata,547.00,1,2024-06-02,Bengaluru
ORD16591,CUST508,PRD225,Electronics,Samsung,469.00,1,2024-06-02,Mumbai
ORD16591,CUST508,PRD252,Electronics,OnePlus,270.00,3,2024-06-02,Mumbai
ORD16592,CUST1094,PRD584,Sports,Nike,202.00,1,2024-06-02,Ahmedabad
ORD16592,CUST1094,PRD126,Sports,Decathlon,1107.00,1,2024-06-02,Ahmedabad
ORD16592,CUST1094,PRD471,Home & Kitchen,Pigeon,1156.00,1,2024-06-02,Ahmedabad
ORD16593,CUST1482,PRD201,Fashion,Puma,841.00,2,2024-06-02,Bengaluru
ORD16593,CUST1482,PRD440,Beauty,Maybelline,250.00,1,2024-06-02,Bengaluru
ORD16594,CUST845,PRD219,Beauty,Nivea,480.00,5,2024-06-02,Pune
ORD16594,CUST845,PRD225,Electronics,Samsung,469.00,2,2024-06-02,Pune
ORD16594,CUST845,PRD132,Home & Kitchen,Milton,455.00,1,2024-06-02,Pune
ORD16595,CUST024,PRD218,Sports,,263.00,1,2024-06-02,Hyderabad
ORD16595,CUST024,PRD223,Electronics,Samsung,450.00,3,2024-06-02,Hyderabad
ORD16596,CUST1429,PRD239,Fashion,Levis,644.00,1,2024-06-02,Chennai
ORD16596,CUST1429,PRD484,Beauty,Himalaya,150.00,2,2024-06-02,Chennai
ORD16596,CUST1429,PRD140,Home & Kitchen,Prestige,2499.00,1,2024-06-02,Chennai
ORD16597,CUST704,PRD595,Fashion,Sparx,934.00,3,2024-06-02,Bengaluru
ORD16598,CUST391,PRD225,Electronics,Samsung,469.00,1,2024-06-02,Pune
ORD16598,CUST391,PRD116,Electronics,JBL,1323.00,2,2024-06-02,Pune
ORD16599,CUST502,PRD164,Fashion,Biba,1226.00,1,2024-06-02,Ahmedabad
ORD16599,CUST502,PRD290,Electronics,Apple,504.00,1,2024-06-02,Ahmedabad
ORD16599,CUST502,PRD289,Electronics,Boult,826.00,1,2024-06-02,Ahmedabad
ORD16600,CUST1419,PRD422,Sports,Cosco,864.00,1,2024-06-02,Pune
ORD16601,CUST453,PRD110,Home & Kitchen,Cello,1832.00,1,2024-06-02,Hyderabad
ORD16602,CUST1439,PRD284,Electronics,OnePlus,1929.00,2,2024-06-02,Mumbai
ORD16602,CUST1439,PRD225,Electronics,Samsung,469.00,1,2024-06-02,Mumbai
ORD16603,CUST810,PRD298,Home & Kitchen,Borosil,4499.00,1,2024-06-02,Mumbai
ORD16604,CUST1357,PRD458,Fashion,Woodland,614.00,1,2024-06-02,Delhi
ORD16604,CUST1357,PRD204,Electronics,Boat,1299.00,1,2024-06-02,Delhi
ORD16604,CUST1357,PRD588,Electronics,JBL,3249.00,1,2024-06-02,Delhi
ORD16605,CUST824,PRD339,Electronics,OnePlus,1061.00,2,2024-06-02,Bengaluru
ORD16605,CUST824,PRD344,Beauty,Lakme,222.00,1,2024-06-02,Bengaluru
ORD16605,CUST824,PRD187,Home & Kitchen,Butterfly,438.00,1,2024-06-02,Bengaluru
ORD16605,CUST824,PRD298,Home & Kitchen,Borosil,4499.00,1,2024-06-02,Bengaluru
ORD16606,CUST517,PRD163,Electronics,Realme,1801.00,1,2024-06-02,Bengaluru
ORD16607,CUST1091,PRD506,Fashion,Allen Solly,745.00,2,2024-06-02,Pune
ORD16607,CUST1091,PRD012,Home & Kitchen,Cello,615.00,1,2024-06-02,Pune
ORD16608,CUST1241,PRD451,Home & Kitchen,Hawkins,1999.00,1,2024-06-02,Delhi
ORD16609,CUST257,PRD032,Fashion,Levis,823.00,1,2024-06-02,Delhi
ORD16609,CUST257,PRD197,Sports,Cosco,3499.00,1,2024-06-02,Delhi
ORD16610,CUST1207,PRD056,Home & Kitchen,Milton,1613.00,1,2024-06-02,Bengaluru
ORD16611,CUST988,PRD204,Electronics,Boat,1299.00,1,2024-06-02,Bengaluru
ORD16612,CUST290,PRD464,Books,Bloomsbury,502.00,2,2024-06-02,Bengaluru
ORD16613,CUST529,PRD030,Electronics,Mi,1686.00,2,2024-06-02,Mumbai
ORD16614,CUST1045,PRD525,Books,Bloomsbury,699.00,2,2024-06-02,Mumbai
ORD16615,CUST603,PRD180,Home & Kitchen,Cello,835.00,2,2024-06-02,Mumbai
ORD16616,CUST504,PRD513,Sports,Decathlon,3680.00,2,2024-06-03,Hyderabad
ORD16617,CUST090,PRD427,Beauty,Biotique,217.00,3,2024-06-03,Bengaluru
ORD16617,CUST090,PRD006,Beauty,Lakme,160.00,6,2024-06-03,Bengaluru
ORD16617,CUST090,PRD165,Beauty,Nivea,321.00,2,2024-06-03,Bengaluru
ORD16618,CUST221,PRD461,Fashion,Peter England,1071.00,2,2024-06-03,Bengaluru
ORD16619,CUST739,PRD026,Home & Kitchen,Milton,781.00,1,2024-06-03,Pune
ORD16620,CUST702,PRD439,Electronics,Boat,394.00,1,2024-06-03,Pune
ORD16620,CUST702,PRD025,Beauty,Nivea,157.00,1,2024-06-03,Pune
ORD16620,CUST702,PRD308,Sports,Decathlon,1488.00,1,2024-06-03,Pune
ORD16620,CUST702,PRD415,Fashion,Woodland,2499.00,1,2024-06-03,Pune
ORD16621,CUST598,PRD299,Home & Kitchen,Borosil,457.00,1,2024-06-03,Delhi
ORD16621,CUST598,PRD075,Fashion,Sparx,1008.00,1,2024-06-03,Delhi
ORD16621,CUST598,PRD140,Home & Kitchen,Prestige,2499.00,1,2024-06-03,Delhi
ORD16622,CUST1072,PRD336,Electronics,Mi,185.00,3,2024-06-03,Mumbai
ORD16623,CUST295,PRD598,Electronics,Boult,1275.00,1,2024-06-03,Mumbai
ORD16623,CUST295,PRD555,Electronics,Boult,2277.00,1,2024-06-03,Mumbai
ORD16624,CUST975,PRD020,Beauty,Maybelline,169.00,3,2024-06-03,Hyderabad
ORD16625,CUST218,PRD180,Home & Kitchen,Cello,835.00,1,2024-06-03,Bengaluru
ORD16626,CUST1292,PRD401,Electronics,Realme,1790.00,1,2024-06-03,Hyderabad
ORD16626,CUST1292,PRD126,Sports,Decathlon,1107.00,2,2024-06-03,Hyderabad
ORD16627,CUST255,PRD489,Electronics,Apple,9999.00,1,2024-06-03,Mumbai
ORD16627,CUST255,PRD498,Fashion,Levis,2999.00,1,2024-06-03,Mumbai
ORD16627,CUST255,PRD508,Electronics,Sony,1978.00,1,2024-06-03,Mumbai
ORD16627,CUST255,PRD410,Electronics,OnePlus,4071.00,1,2024-06-03,Mumbai
ORD16628,CUST534,PRD521,Beauty,Plum,303.00,1,2024-06-03,Ahmedabad
ORD16629,CUST339,PRD197,Sports,Cosco,3499.00,1,2024-06-03,Bengaluru
ORD16630,CUST729,PRD010,Beauty,Maybelline,1040.00,3,2024-06-03,Mumbai
ORD16631,CUST1108,PRD555,Electronics,Boult,2277.00,1,2024-06-03,Delhi
ORD16631,CUST1108,PRD515,Fashion,Allen Solly,589.00,3,2024-06-03,Delhi
ORD16632,CUST1274,PRD500,Electronics,Samsung,18999.00,1,2024-06-03,Bengaluru
ORD16633,CUST980,PRD407,Sports,Puma,235.00,1,2024-06-03,Delhi
ORD16634,CUST512,PRD463,Beauty,Plum,432.00,2,2024-06-03,Bengaluru
ORD16634,CUST512,PRD163,Electronics,Realme,1801.00,1,2024-06-03,Bengaluru
ORD16635,CUST925,PRD545,Electronics,Sony,1990.00,1,2024-06-03,Delhi
ORD16636,CUST764,PRD304,Sports,Campus,1385.00,1,2024-06-03,Bengaluru
ORD16636,CUST764,PRD446,Beauty,Plum,155.00,1,2024-06-03,Bengaluru
ORD16637,CUST409,PRD381,Fashion,Peter England,406.00,1,2024-06-03,Mumbai
ORD16638,CUST003,PRD521,Beauty,Plum,303.00,3,2024-06-03,Ahmedabad
ORD16639,CUST432,PRD093,Fashion,Woodland,562.00,1,2024-06-03,Mumbai
ORD16640,CUST1462,PRD511,Electronics,Boult,1972.00,1,2024-06-03,Mumbai
ORD16640,CUST1462,PRD177,Fashion,Allen Solly,640.00,3,2024-06-03,Mumbai
ORD16640,CUST1462,PRD262,Electronics,Apple,3501.00,1,2024-06-03,Mumbai
ORD16641,CUST344,PRD123,Fashion,Allen Solly,1816.00,1,2024-06-03,Bengaluru
ORD16641,CUST344,PRD206,Books,Rupa,458.00,5,2024-06-03,Bengaluru
ORD16642,CUST047,PRD561,Home & Kitchen,Hawkins,1136.00,1,2024-06-03,Chennai
ORD16643,CUST539,PRD071,Beauty,Himalaya,243.00,2,2024-06-03,Kolkata
ORD16643,CUST539,PRD407,Sports,Puma,235.00,2,2024-06-03,Kolkata
ORD16644,CUST827,PRD137,Home & Kitchen,Wonderchef,737.00,1,2024-06-03,Delhi
ORD16645,CUST242,PRD177,Fashion,Allen Solly,640.00,1,2024-06-03,Chennai
ORD16645,CUST242,PRD410,Electronics,OnePlus,4071.00,1,2024-06-03,Chennai
ORD16646,CUST924,PRD129,Home & Kitchen,Pigeon,728.00,1,2024-06-03,Chennai
ORD16647,CUST526,PRD523,Electronics,Apple,1042.00,3,2024-06-03,Mumbai
ORD16648,CUST081,PRD143,Books,Rupa,497.00,1,2024-06-03,Pune
ORD16648,CUST081,PRD392,Home & Kitchen,Pigeon,1205.00,1,2024-06-03,Pune
ORD16649,CUST1382,PRD381,Fashion,Peter England,406.00,1,2024-06-03,Bengaluru
ORD16649,CUST1382,PRD259,Electronics,Realme,1941.00,1,2024-06-03,Bengaluru
ORD16650,CUST540,PRD104,Home & Kitchen,Butterfly,875.00,2,2024-06-03,Bengaluru
ORD16650,CUST540,PRD121,Beauty,Biotique,1199.00,1,2024-06-03,Bengaluru
ORD16651,CUST1295,PRD342,Books,Westland,462.00,1,2024-06-03,Chennai
ORD16652,CUST391,PRD238,Home & Kitchen,Borosil,948.00,1,2024-06-03,Pune
ORD16653,CUST1466,PRD522,Fashion,Woodland,302.00,1,2024-06-03,Chennai
ORD16654,CUST947,PRD126,Sports,Decathlon,1107.00,2,2024-06-03,Chennai
ORD16654,CUST947,PRD346,Electronics,Mi,2922.00,1,2024-06-03,Chennai
ORD16655,CUST886,PRD583,Fashion,Biba,735.00,1,2024-06-03,Pune
ORD16655,CUST886,PRD209,Home & Kitchen,Pigeon,503.00,1,2024-06-03,Pune
ORD16656,CUST1087,PRD153,Electronics,Apple,1631.00,1,2024-06-03,Chennai
ORD16657,CUST533,PRD238,Home & Kitchen,Borosil,948.00,2,2024-06-03,Delhi
ORD16658,CUST968,PRD030,Electronics,Mi,1686.00,1,2024-06-03,Delhi
ORD16659,CUST308,PRD197,Sports,Cosco,3499.00,1,2024-06-03,Pune
ORD16659,CUST308,PRD188,Fashion,Bata,799.00,1,2024-06-03,Pune
ORD16659,CUST308,PRD401,Electronics,Realme,1790.00,1,2024-06-03,Pune
ORD16659,CUST308,PRD536,Home & Kitchen,Butterfly,4499.00,1,2024-06-03,Pune
ORD16660,CUST977,PRD419,Electronics,Boat,849.00,1,2024-06-03,Mumbai
ORD16661,CUST311,PRD410,Electronics,OnePlus,4071.00,2,2024-06-03,Mumbai
ORD16662,CUST104,PRD110,Home & Kitchen,Cello,1832.00,1,2024-06-03,Bengaluru
ORD16662,CUST104,PRD521,Beauty,Plum,303.00,4,2024-06-03,Bengaluru
ORD16663,CUST435,PRD010,Beauty,Maybelline,1040.00,2,2024-06-04,Delhi
ORD16664,CUST069,PRD444,Electronics,Samsung,346.00,2,2024-06-04,Mumbai
ORD16665,CUST130,PRD208,Electronics,Boult,7315.00,1,2024-06-04,Delhi
ORD16665,CUST130,PRD425,Electronics,Realme,1566.00,1,2024-06-04,Delhi
ORD16666,CUST1043,PRD256,Fashion,Biba,546.00,1,2024-06-04,Kolkata
ORD16667,CUST674,PRD197,Sports,Cosco,3499.00,1,2024-06-04,Mumbai
ORD16668,CUST090,PRD343,Home & Kitchen,Hawkins,805.00,1,2024-06-04,Bengaluru
ORD16668,CUST090,PRD225,Electronics,Samsung,469.00,1,2024-06-04,Bengaluru
ORD16668,CUST090,PRD340,Fashion,Peter England,1499.00,1,2024-06-04,Bengaluru
ORD16669,CUST1333,PRD597,Electronics,Mi,541.00,2,2024-06-04,Bengaluru
ORD16670,CUST067,PRD439,Electronics,Boat,394.00,5,2024-06-04,Mumbai
ORD16671,CUST1174,PRD415,Fashion,Woodland,2499.00,1,2024-06-04,Delhi
ORD16672,CUST1420,PRD232,Fashion,Biba,822.00,2,2024-06-04,Chennai
ORD16673,CUST784,PRD208,Electronics,Boult,7315.00,1,2024-06-04,Hyderabad
ORD16673,CUST784,PRD199,Fashion,Woodland,4299.00,1,2024-06-04,Hyderabad
ORD16673,CUST784,PRD284,Electronics,OnePlus,1929.00,2,2024-06-04,Hyderabad
ORD16673,CUST784,PRD555,Electronics,Boult,2277.00,1,2024-06-04,Hyderabad
ORD16674,CUST700,PRD600,Fashion,Allen Solly,763.00,2,2024-06-04,Bengaluru
ORD16674,CUST700,PRD266,Beauty,Himalaya,637.00,1,2024-06-04,Bengaluru
ORD16675,CUST1180,PRD124,Beauty,Maybelline,221.00,1,2024-06-04,Mumbai
ORD16676,CUST1027,PRD385,Electronics,OnePlus,2378.00,1,2024-06-04,Ahmedabad
ORD16677,CUST102,PRD137,Home & Kitchen,Wonderchef,737.00,3,2024-06-04,Bengaluru
ORD16677,CUST102,PRD307,Books,Rupa,1199.00,1,2024-06-04,Bengaluru
ORD16678,CUST973,PRD126,Sports,Decathlon,1107.00,2,2024-06-04,Delhi
ORD16678,CUST973,PRD442,Electronics,Apple,1029.00,1,2024-06-04,Delhi
ORD16679,CUST299,PRD035,Home & Kitchen,Hawkins,438.00,1,2024-06-04,Kolkata
ORD16679,CUST299,PRD537,Beauty,Biotique,235.00,1,2024-06-04,Kolkata
ORD16680,CUST766,PRD151,Electronics,Realme,620.00,1,2024-06-04,Mumbai
ORD16681,CUST1170,PRD197,Sports,Cosco,3499.00,1,2024-06-04,Kolkata
ORD16681,CUST1170,PRD577,Electronics,Mi,1502.00,1,2024-06-04,Kolkata
ORD16682,CUST214,PRD155,Sports,Cosco,663.00,1,2024-06-04,Bengaluru
ORD16683,CUST092,PRD197,Sports,Cosco,3499.00,1,2024-06-04,Mumbai
ORD16684,CUST659,PRD171,Beauty,Lakme,599.00,1,2024-06-04,Ahmedabad
ORD16685,CUST690,PRD139,Fashion,Woodland,566.00,1,2024-06-04,Mumbai
ORD16686,CUST1277,PRD321,Beauty,Himalaya,237.00,4,2024-06-04,Chennai
ORD16687,CUST541,PRD197,Sports,Cosco,3499.00,2,2024-06-04,Chennai
ORD16687,CUST541,PRD153,Electronics,Apple,1631.00,1,2024-06-04,Chennai
ORD16688,CUST1295,PRD312,Sports,Nike,3499.00,1,2024-06-04,Chennai
ORD16689,CUST046,PRD163,Electronics,Realme,1801.00,1,2024-06-04,Mumbai
ORD16690,CUST044,PRD600,Fashion,Allen Solly,763.00,1,2024-06-04,Bengaluru
ORD16691,CUST124,PRD407,Sports,Puma,235.00,1,2024-06-04,Delhi
ORD16692,CUST1056,PRD483,Beauty,Lakme,162.00,6,2024-06-04,Ahmedabad
ORD16693,CUST1231,PRD508,Electronics,Sony,1978.00,3,2024-06-04,Mumbai
ORD16694,CUST960,PRD343,Home & Kitchen,Hawkins,805.00,3,2024-06-04,Ahmedabad
ORD16695,CUST268,PRD276,Fashion,Peter England,1668.00,1,2024-06-04,Chennai
ORD16695,CUST268,PRD508,Electronics,Sony,1978.00,1,2024-06-04,Chennai
ORD16696,CUST492,PRD078,Fashion,Woodland,513.00,2,2024-06-04,Delhi
ORD16697,CUST380,PRD419,Electronics,,849.00,1,2024-06-04,Pune
ORD16698,CUST811,PRD163,Electronics,Realme,1801.00,1,2024-06-04,Kolkata
ORD16699,CUST108,PRD335,Beauty,Nivea,305.00,1,2024-06-04,Hyderabad
ORD16699,CUST108,PRD255,Books,Rupa,223.00,2,2024-06-04,Hyderabad
ORD16700,CUST743,PRD066,Electronics,JBL,487.00,2,2024-06-04,Pune
ORD16700,CUST743,PRD504,Electronics,Mi,155.00,1,2024-06-04,Pune
ORD16701,CUST132,PRD343,Home & Kitchen,Hawkins,805.00,1,2024-06-04,Chennai
ORD16701,CUST132,PRD521,Beauty,Plum,303.00,1,2024-06-04,Chennai
ORD16702,CUST854,PRD322,Sports,Puma,1255.00,1,2024-06-04,Bengaluru
ORD16702,CUST854,PRD152,Electronics,Sony,699.00,1,2024-06-04,Bengaluru
ORD16703,CUST137,PRD109,Electronics,OnePlus,160.00,2,2024-06-04,Mumbai
ORD16704,CUST927,PRD338,Fashion,,711.00,1,2024-06-04,Mumbai
ORD16704,CUST927,PRD455,Electronics,Noise,1484.00,1,2024-06-04,Mumbai
ORD16704,CUST927,PRD591,Books,Bloomsbury,258.00,2,2024-06-04,Mumbai
ORD16705,CUST1136,PRD163,Electronics,Realme,1801.00,1,2024-06-04,Bengaluru
ORD16705,CUST1136,PRD257,Electronics,Noise,430.00,3,2024-06-04,Bengaluru
ORD16706,CUST439,PRD452,Home & Kitchen,Wonderchef,462.00,1,2024-06-04,Mumbai
ORD16707,CUST1000,PRD163,Electronics,Realme,1801.00,1,2024-06-04,Mumbai
ORD16708,CUST1086,PRD508,Electronics,Sony,1978.00,3,2024-06-04,Delhi
ORD16708,CUST1086,PRD225,Electronics,Samsung,469.00,4,2024-06-04,Delhi
ORD16709,CUST1306,PRD536,Home & Kitchen,Butterfly,4499.00,1,2024-06-04,Delhi
ORD16709,CUST1306,PRD150,Beauty,Maybelline,726.00,1,2024-06-04,Delhi
ORD16710,CUST904,PRD137,Home & Kitchen,Wonderchef,737.00,1,2024-06-04,Ahmedabad
ORD16711,CUST808,PRD217,Beauty,Maybelline,1099.00,1,2024-06-04,Pune
ORD16712,CUST1342,PRD521,Beauty,Plum,303.00,4,2024-06-04,Delhi
ORD16713,CUST1368,PRD429,Electronics,Boult,577.00,1,2024-06-04,Mumbai
ORD16714,CUST154,PRD573,Fashion,Peter England,652.00,1,2024-06-04,Mumbai
ORD16714,CUST154,PRD194,Electronics,Apple,821.00,1,2024-06-04,Mumbai
ORD16715,CUST925,PRD220,Books,Westland,415.00,1,2024-06-04,Delhi
ORD16715,CUST925,PRD129,Home & Kitchen,Pigeon,728.00,1,2024-06-04,Delhi
ORD16716,CUST887,PRD435,Home & Kitchen,Wonderchef,523.00,2,2024-06-04,Bengaluru
ORD16717,CUST1108,PRD111,Beauty,Nivea,266.00,1,2024-06-04,Delhi
ORD16717,CUST1108,PRD577,Electronics,Mi,1502.00,1,2024-06-04,Delhi
ORD16718,CUST033,PRD555,Electronics,Boult,2277.00,1,2024-06-04,Kolkata
ORD16718,CUST033,PRD538,Sports,Nivia,347.00,3,2024-06-04,Kolkata
ORD16719,CUST1163,PRD238,Home & Kitchen,Borosil,948.00,2,2024-06-04,Delhi
ORD16719,CUST1163,PRD295,Books,Rupa,420.00,4,2024-06-04,Delhi
ORD16720,CUST620,PRD295,Books,Rupa,420.00,4,2024-06-04,Hyderabad
ORD16721,CUST1230,PRD246,Sports,Decathlon,256.00,6,2024-06-04,Chennai
ORD16722,CUST135,PRD468,Electronics,Mi,1890.00,2,2024-06-04,Chennai
ORD16723,CUST854,PRD280,Electronics,Apple,4376.00,2,2024-06-05,Bengaluru
ORD16724,CUST422,PRD129,Home & Kitchen,Pigeon,728.00,1,2024-06-05,Delhi
ORD16724,CUST422,PRD295,Books,Rupa,420.00,1,2024-06-05,Delhi
ORD16725,CUST457,PRD548,Electronics,Boult,2691.00,2,2024-06-05,Delhi
ORD16726,CUST729,PRD090,Fashion,Biba,621.00,1,2024-06-05,Mumbai
ORD16727,CUST350,PRD583,Fashion,Biba,735.00,1,2024-06-05,Delhi
ORD16728,CUST718,PRD473,Electronics,Realme,6236.00,1,2024-06-05,Delhi
ORD16728,CUST718,PRD342,Books,Westland,462.00,3,2024-06-05,Delhi
ORD16729,CUST152,PRD581,Fashion,Woodland,637.00,1,2024-06-05,Chennai
ORD16730,CUST491,PRD436,Sports,Nivia,2199.00,1,2024-06-05,Kolkata
ORD16731,CUST886,PRD480,Sports,Nike,942.00,1,2024-06-05,Pune
ORD16732,CUST974,PRD488,Beauty,Maybelline,409.00,2,2024-06-05,Ahmedabad
ORD16733,CUST172,PRD431,Home & Kitchen,Wonderchef,798.00,3,2024-06-05,Hyderabad
ORD16734,CUST927,PRD013,Fashion,Biba,2499.00,1,2024-06-05,Mumbai
ORD16734,CUST927,PRD142,Fashion,Peter England,1499.00,1,2024-06-05,Mumbai
ORD16734,CUST927,PRD100,Electronics,Boat,413.00,2,2024-06-05,Mumbai
ORD16734,CUST927,PRD356,Electronics,Samsung,211.00,3,2024-06-05,Mumbai
ORD16735,CUST1456,PRD279,Fashion,Peter England,462.00,1,2024-06-05,Ahmedabad
ORD16735,CUST1456,PRD269,Electronics,Apple,2092.00,1,2024-06-05,Ahmedabad
ORD16736,CUST014,PRD401,Electronics,Realme,1790.00,1,2024-06-05,Pune
ORD16736,CUST014,PRD238,Home & Kitchen,Borosil,948.00,2,2024-06-05,Pune
ORD16737,CUST251,PRD182,Books,Westland,197.00,1,2024-06-05,Chennai
ORD16738,CUST565,PRD384,Fashion,Puma,701.00,2,2024-06-05,Hyderabad
ORD16739,CUST204,PRD189,Electronics,Apple,2336.00,2,2024-06-05,Delhi
ORD16739,CUST204,PRD028,Electronics,Mi,576.00,2,2024-06-05,Delhi
ORD16740,CUST1062,PRD009,Fashion,Levis,1499.00,2,2024-06-05,Chennai
ORD16740,CUST1062,PRD321,Beauty,Himalaya,237.00,3,2024-06-05,Chennai
ORD16740,CUST1062,PRD140,Home & Kitchen,Prestige,2499.00,1,2024-06-05,Chennai
ORD16741,CUST315,PRD584,Sports,Nike,202.00,2,2024-06-05,Chennai
ORD16742,CUST373,PRD502,Electronics,Boult,1312.00,1,2024-06-05,Mumbai
ORD16742,CUST373,PRD129,Home & Kitchen,Pigeon,728.00,1,2024-06-05,Mumbai
ORD16743,CUST064,PRD198,Electronics,Samsung,341.00,1,2024-06-05,Bengaluru
ORD16744,CUST689,PRD325,Sports,Puma,827.00,1,2024-06-05,Delhi
ORD16744,CUST689,PRD464,Books,Bloomsbury,502.00,1,2024-06-05,Delhi
ORD16745,CUST849,PRD163,Electronics,Realme,1801.00,2,2024-06-05,Pune
ORD16746,CUST1255,PRD466,Books,Westland,1261.00,2,2024-06-05,Hyderabad
ORD16747,CUST1397,PRD292,Home & Kitchen,Cello,2099.00,1,2024-06-05,Mumbai
ORD16748,CUST911,PRD201,Fashion,Puma,841.00,1,2024-06-05,Mumbai
ORD16749,CUST417,PRD450,Sports,Adidas,413.00,3,2024-06-05,Mumbai
ORD16749,CUST417,PRD129,Home & Kitchen,Pigeon,728.00,1,2024-06-05,Mumbai
ORD16749,CUST417,PRD588,Electronics,JBL,3249.00,1,2024-06-05,Mumbai
ORD16749,CUST417,PRD200,Beauty,Biotique,209.00,1,2024-06-05,Mumbai
ORD16750,CUST208,PRD573,Fashion,Peter England,652.00,1,2024-06-05,Mumbai
ORD16750,CUST208,PRD140,Home & Kitchen,Prestige,2499.00,2,2024-06-05,Mumbai
ORD16750,CUST208,PRD343,Home & Kitchen,Hawkins,805.00,1,2024-06-05,Mumbai
ORD16751,CUST1347,PRD575,Sports,Cosco,2199.00,1,2024-06-05,Bengaluru
ORD16751,CUST1347,PRD460,Beauty,Lakme,252.00,6,2024-06-05,Bengaluru
ORD16752,CUST742,PRD126,Sports,Decathlon,1107.00,3,2024-06-05,Mumbai
ORD16752,CUST742,PRD439,Electronics,Boat,394.00,1,2024-06-05,Mumbai
ORD16753,CUST1292,PRD228,Electronics,Realme,1737.00,1,2024-06-05,Hyderabad
ORD16753,CUST1292,PRD276,Fashion,Peter England,1668.00,1,2024-06-05,Hyderabad
ORD16754,CUST609,PRD432,Home & Kitchen,Pigeon,1110.00,1,2024-06-05,Mumbai
ORD16755,CUST943,PRD520,Books,Bloomsbury,739.00,1,2024-06-05,Pune
ORD16756,CUST1197,PRD288,Electronics,Realme,472.00,6,2024-06-05,Mumbai
ORD16756,CUST1197,PRD486,Electronics,Sony,907.00,1,2024-06-05,Mumbai
ORD16757,CUST430,PRD047,Electronics,Apple,1555.00,1,2024-06-05,Mumbai
ORD16757,CUST430,PRD231,Sports,Yonex,244.00,8,2024-06-05,Mumbai
ORD16758,CUST778,PRD589,Fashion,Allen Solly,661.00,1,2024-06-05,Chennai
ORD16758,CUST778,PRD549,Fashion,Biba,767.00,2,2024-06-05,Chennai
ORD16758,CUST778,PRD333,Home & Kitchen,Wonderchef,422.00,2,2024-06-05,Chennai
ORD16758,CUST778,PRD225,Electronics,Samsung,469.00,4,2024-06-05,Chennai
ORD16759,CUST494,PRD140,Home & Kitchen,Prestige,2499.00,1,2024-06-05,Mumbai
ORD16759,CUST494,PRD516,Beauty,Lakme,469.00,1,2024-06-05,Mumbai
ORD16760,CUST1366,PRD060,Books,HarperCollins,785.00,2,2024-06-05,Delhi
ORD16761,CUST1451,PRD600,Fashion,Allen Solly,763.00,2,2024-06-05,Mumbai
ORD16762,CUST058,PRD140,Home & Kitchen,Prestige,2499.00,2,2024-06-05,Bengaluru
ORD16763,CUST115,PRD307,Books,Rupa,1199.00,1,2024-06-05,Pune
ORD16764,CUST1328,PRD128,Books,Rupa,218.00,2,2024-06-05,Bengaluru
ORD16765,CUST264,PRD034,Electronics,Noise,150.00,2,2024-06-05,Pune
ORD16766,CUST918,PRD523,Electronics,Apple,1042.00,1,2024-06-05,Hyderabad
ORD16766,CUST918,PRD391,Fashion,Bata,1999.00,1,2024-06-05,Hyderabad
ORD16766,CUST918,PRD071,Beauty,Himalaya,243.00,4,2024-06-05,Hyderabad
ORD16767,CUST1421,PRD132,Home & Kitchen,Milton,455.00,1,2024-06-05,Bengaluru
ORD16768,CUST1241,PRD129,Home & Kitchen,Pigeon,728.00,1,2024-06-05,Delhi
ORD16769,CUST373,PRD245,Sports,Nike,3495.00,1,2024-06-06,Mumbai
ORD16770,CUST857,PRD434,Home & Kitchen,Cello,2260.00,1,2024-06-06,Mumbai
ORD16770,CUST857,PRD234,Fashion,Bata,484.00,1,2024-06-06,Mumbai
ORD16771,CUST135,PRD177,Fashion,Allen Solly,640.00,1,2024-06-06,Chennai
ORD16771,CUST135,PRD386,Fashion,Bata,1023.00,3,2024-06-06,Chennai
ORD16772,CUST1171,PRD471,Home & Kitchen,Pigeon,1156.00,1,2024-06-06,Pune
ORD16772,CUST1171,PRD262,Electronics,Apple,3501.00,1,2024-06-06,Pune
ORD16772,CUST1171,PRD002,Home & Kitchen,Milton,1281.00,2,2024-06-06,Pune
ORD16772,CUST1171,PRD381,Fashion,Peter England,406.00,3,2024-06-06,Pune
ORD16773,CUST739,PRD238,Home & Kitchen,Borosil,948.00,1,2024-06-06,Pune
ORD16773,CUST739,PRD179,Electronics,Noise,1044.00,1,2024-06-06,Pune
ORD16773,CUST739,PRD521,Beauty,Plum,303.00,2,2024-06-06,Pune
ORD16774,CUST1258,PRD197,Sports,Cosco,3499.00,1,2024-06-06,Delhi
ORD16774,CUST1258,PRD144,Fashion,Allen Solly,315.00,1,2024-06-06,Delhi
ORD16774,CUST1258,PRD107,Electronics,JBL,844.00,2,2024-06-06,Delhi
ORD16775,CUST1055,PRD105,Beauty,Biotique,179.00,1,2024-06-06,Bengaluru
ORD16775,CUST1055,PRD308,Sports,Decathlon,1488.00,2,2024-06-06,Bengaluru
ORD16776,CUST1121,PRD093,Fashion,Woodland,562.00,1,2024-06-06,Kolkata
ORD16776,CUST1121,PRD197,Sports,Cosco,3499.00,1,2024-06-06,Kolkata
ORD16777,CUST034,PRD574,Electronics,Mi,318.00,4,2024-06-06,Mumbai
ORD16778,CUST506,PRD476,Home & Kitchen,Wonderchef,1186.00,3,2024-06-06,Bengaluru
ORD16779,CUST1316,PRD003,Electronics,JBL,3498.00,1,2024-06-06,Bengaluru
ORD16779,CUST1316,PRD020,Beauty,Maybelline,169.00,6,2024-06-06,Bengaluru
ORD16780,CUST1038,PRD440,Beauty,Maybelline,250.00,3,2024-06-06,Mumbai
ORD16780,CUST1038,PRD310,Sports,Decathlon,2499.00,1,2024-06-06,Mumbai
ORD16780,CUST1038,PRD080,Electronics,Realme,1211.00,1,2024-06-06,Mumbai
ORD16781,CUST877,PRD049,Home & Kitchen,Milton,1532.00,1,2024-06-06,Ahmedabad
ORD16782,CUST1136,PRD410,Electronics,OnePlus,4071.00,1,2024-06-06,Bengaluru
ORD16782,CUST1136,PRD307,Books,Rupa,1199.00,1,2024-06-06,Bengaluru
ORD16783,CUST183,PRD583,Fashion,Biba,735.00,1,2024-06-06,Delhi
ORD16783,CUST183,PRD120,Fashion,Biba,650.00,1,2024-06-06,Delhi
ORD16784,CUST1237,PRD015,Beauty,Plum,264.00,3,2024-06-06,Hyderabad
ORD16785,CUST664,PRD509,Electronics,Noise,1956.00,1,2024-06-06,Hyderabad
ORD16785,CUST664,PRD246,Sports,Decathlon,256.00,1,2024-06-06,Hyderabad
ORD16786,CUST100,PRD455,Electronics,Noise,1484.00,1,2024-06-06,Mumbai
ORD16787,CUST583,PRD343,Home & Kitchen,Hawkins,805.00,1,2024-06-06,Mumbai
ORD16788,CUST708,PRD132,Home & Kitchen,Milton,455.00,4,2024-06-06,Delhi
ORD16788,CUST708,PRD298,Home & Kitchen,Borosil,4499.00,1,2024-06-06,Delhi
ORD16789,CUST360,PRD381,Fashion,Peter England,406.00,3,2024-06-06,Pune
ORD16790,CUST1084,PRD177,Fashion,Allen Solly,640.00,1,2024-06-06,Delhi
ORD16791,CUST815,PRD226,Electronics,Sony,413.00,3,2024-06-06,Mumbai
ORD16792,CUST1409,PRD225,Electronics,Samsung,469.00,1,2024-06-06,Mumbai
ORD16793,CUST562,PRD535,Fashion,Bata,670.00,1,2024-06-06,Bengaluru
ORD16794,CUST956,PRD559,Sports,Nivia,899.00,2,2024-06-06,Mumbai
ORD16795,CUST1347,PRD247,Sports,Campus,1130.00,1,2024-06-06,Bengaluru
ORD16796,CUST911,PRD380,Home & Kitchen,Cello,1074.00,1,2024-06-06,Mumbai
ORD16796,CUST911,PRD252,Electronics,OnePlus,270.00,1,2024-06-06,Mumbai
ORD16797,CUST494,PRD317,Home & Kitchen,Butterfly,2280.00,1,2024-06-06,Mumbai
ORD16798,CUST313,PRD156,Beauty,Lakme,399.00,3,2024-06-06,Bengaluru
ORD16798,CUST313,PRD353,Beauty,Nivea,228.00,2,2024-06-06,Bengaluru
ORD16799,CUST1105,PRD412,Electronics,Boult,1199.00,1,2024-06-06,Delhi
ORD16800,CUST1189,PRD480,Sports,Nike,942.00,1,2024-06-06,Delhi
ORD16800,CUST1189,PRD575,Sports,Cosco,2199.00,1,2024-06-06,Delhi
ORD16801,CUST105,PRD584,Sports,Nike,202.00,2,2024-06-06,Mumbai
ORD16802,CUST829,PRD416,Electronics,Boat,1236.00,2,2024-06-06,Pune
ORD16803,CUST521,PRD163,Electronics,Realme,1801.00,1,2024-06-06,Pune
ORD16804,CUST344,PRD572,Electronics,Apple,1534.00,1,2024-06-06,Bengaluru
ORD16805,CUST1271,PRD502,Electronics,Boult,1312.00,1,2024-06-06,Mumbai
ORD16806,CUST1305,PRD555,Electronics,Boult,2277.00,1,2024-06-06,Hyderabad
ORD16807,CUST541,PRD066,Electronics,JBL,487.00,2,2024-06-06,Chennai
ORD16807,CUST541,PRD198,Electronics,Samsung,341.00,1,2024-06-06,Chennai
ORD16808,CUST257,PRD595,Fashion,Sparx,934.00,1,2024-06-07,Delhi
ORD16808,CUST257,PRD129,Home & Kitchen,Pigeon,728.00,2,2024-06-07,Delhi
ORD16809,CUST614,PRD449,Sports,Decathlon,1146.00,1,2024-06-07,Delhi
ORD16810,CUST169,PRD170,Home & Kitchen,Hawkins,493.00,3,2024-06-07,Hyderabad
ORD16810,CUST169,PRD130,Electronics,Sony,897.00,1,2024-06-07,Hyderabad
ORD16810,CUST169,PRD500,Electronics,Samsung,18999.00,1,2024-06-07,Hyderabad
ORD16811,CUST216,PRD150,Beauty,Maybelline,726.00,2,2024-06-07,Delhi
ORD16812,CUST368,PRD524,Beauty,Himalaya,249.00,8,2024-06-07,Delhi
ORD16812,CUST368,PRD577,Electronics,Mi,1502.00,1,2024-06-07,Delhi
ORD16813,CUST227,PRD522,Fashion,Woodland,302.00,3,2024-06-07,Mumbai
ORD16813,CUST227,PRD203,Sports,Campus,720.00,1,2024-06-07,Mumbai
ORD16814,CUST355,PRD571,Home & Kitchen,Hawkins,1757.00,2,2024-06-07,Ahmedabad
ORD16814,CUST355,PRD316,Home & Kitchen,Milton,458.00,3,2024-06-07,Ahmedabad
ORD16815,CUST847,PRD238,Home & Kitchen,Borosil,948.00,1,2024-06-07,Ahmedabad
ORD16815,CUST847,PRD559,Sports,Nivia,899.00,1,2024-06-07,Ahmedabad
ORD16815,CUST847,PRD600,Fashion,Allen Solly,763.00,1,2024-06-07,Ahmedabad
ORD16816,CUST454,PRD163,Electronics,Realme,1801.00,1,2024-06-07,Chennai
ORD16817,CUST1268,PRD197,Sports,Cosco,3499.00,1,2024-06-07,Mumbai
ORD16818,CUST228,PRD521,Beauty,Plum,303.00,4,2024-06-07,Pune
ORD16819,CUST329,PRD577,Electronics,Mi,1502.00,1,2024-06-07,Chennai
ORD16819,CUST329,PRD197,Sports,Cosco,3499.00,1,2024-06-07,Chennai
ORD16820,CUST284,PRD247,Sports,Campus,1130.00,2,2024-06-07,Delhi
ORD16820,CUST284,PRD019,Fashion,Woodland,707.00,1,2024-06-07,Delhi
ORD16820,CUST284,PRD382,Electronics,Realme,247.00,1,2024-06-07,Delhi
ORD16820,CUST284,PRD135,Books,Westland,243.00,1,2024-06-07,Delhi
ORD16821,CUST916,PRD554,Home & Kitchen,Borosil,403.00,1,2024-06-07,Chennai
ORD16821,CUST916,PRD266,Beauty,Himalaya,637.00,1,2024-06-07,Chennai
ORD16821,CUST916,PRD538,Sports,Nivia,347.00,1,2024-06-07,Chennai
ORD16822,CUST1041,PRD297,Home & Kitchen,Pigeon,1081.00,2,2024-06-07,Mumbai
ORD16822,CUST1041,PRD409,Sports,Yonex,1739.00,3,2024-06-07,Mumbai
ORD16823,CUST978,PRD381,Fashion,Peter England,406.00,1,2024-06-07,Mumbai
ORD16823,CUST978,PRD411,Fashion,Bata,815.00,1,2024-06-07,Mumbai
ORD16824,CUST708,PRD379,Electronics,Realme,3493.00,1,2024-06-07,Delhi
ORD16825,CUST1227,PRD437,Beauty,Himalaya,333.00,2,2024-06-07,Bengaluru
ORD16825,CUST1227,PRD139,Fashion,Woodland,566.00,1,2024-06-07,Bengaluru
ORD16825,CUST1227,PRD529,Beauty,Biotique,234.00,6,2024-06-07,Bengaluru
ORD16826,CUST748,PRD463,Beauty,Plum,432.00,2,2024-06-07,Delhi
ORD16827,CUST630,PRD304,Sports,Campus,1385.00,1,2024-06-07,Hyderabad
ORD16827,CUST630,PRD580,Sports,Nivia,762.00,1,2024-06-07,Hyderabad
ORD16828,CUST705,PRD035,Home & Kitchen,Hawkins,438.00,1,2024-06-07,Bengaluru
ORD16828,CUST705,PRD054,Sports,Nike,1327.00,2,2024-06-07,Bengaluru
ORD16829,CUST1047,PRD029,Beauty,Lakme,431.00,5,2024-06-07,Mumbai
ORD16830,CUST1157,PRD574,Electronics,Mi,318.00,1,2024-06-07,Bengaluru
ORD16830,CUST1157,PRD280,Electronics,Apple,4376.00,1,2024-06-07,Bengaluru
ORD16831,CUST973,PRD439,Electronics,Boat,394.00,1,2024-06-07,Delhi
ORD16832,CUST1483,PRD254,Electronics,Mi,1014.00,3,2024-06-07,Mumbai
ORD16832,CUST1483,PRD521,Beauty,Plum,303.00,1,2024-06-07,Mumbai
ORD16833,CUST232,PRD204,Electronics,Boat,1299.00,1,2024-06-07,Delhi
ORD16833,CUST232,PRD402,Fashion,Peter England,637.00,3,2024-06-07,Delhi
ORD16833,CUST232,PRD225,Electronics,Samsung,469.00,1,2024-06-07,Delhi
ORD16834,CUST585,PRD086,Sports,Decathlon,1825.00,1,2024-06-07,Delhi
ORD16835,CUST702,PRD219,Beauty,Nivea,480.00,5,2024-06-07,Pune
ORD16836,CUST830,PRD129,Home & Kitchen,Pigeon,728.00,1,2024-06-07,Bengaluru
ORD16837,CUST621,PRD079,Fashion,Biba,1249.00,2,2024-06-07,Chennai
ORD16837,CUST621,PRD446,Beauty,Plum,155.00,1,2024-06-07,Chennai
ORD16837,CUST621,PRD197,Sports,Cosco,3499.00,1,2024-06-07,Chennai
ORD16838,CUST638,PRD177,Fashion,Allen Solly,640.00,3,2024-06-07,Bengaluru
ORD16838,CUST638,PRD197,Sports,Cosco,3499.00,1,2024-06-07,Bengaluru
ORD16839,CUST350,PRD057,Electronics,Sony,1157.00,3,2024-06-07,Delhi
ORD16840,CUST879,PRD163,Electronics,Realme,1801.00,1,2024-06-07,Mumbai
ORD16841,CUST1410,PRD107,Electronics,JBL,844.00,3,2024-06-07,Mumbai
ORD16842,CUST243,PRD265,Books,HarperCollins,599.00,1,2024-06-07,Mumbai
ORD16843,CUST849,PRD339,Electronics,OnePlus,1061.00,1,2024-06-07,Pune
ORD16843,CUST849,PRD444,Electronics,Samsung,346.00,1,2024-06-07,Pune
ORD16844,CUST183,PRD252,Electronics,OnePlus,270.00,1,2024-06-07,Delhi
ORD16845,CUST409,PRD434,Home & Kitchen,Cello,2260.00,1,2024-06-07,Mumbai
ORD16845,CUST409,PRD188,Fashion,Bata,799.00,1,2024-06-07,Mumbai
ORD16846,CUST849,PRD419,Electronics,Boat,849.00,1,2024-06-07,Pune
ORD16847,CUST976,PRD510,Sports,Cosco,583.00,1,2024-06-07,Mumbai
ORD16848,CUST846,PRD583,Fashion,Biba,735.00,1,2024-06-08,Delhi
ORD16848,CUST846,PRD283,Beauty,Himalaya,318.00,4,2024-06-08,Delhi
ORD16848,CUST846,PRD231,Sports,Yonex,244.00,1,2024-06-08,Delhi
ORD16848,CUST846,PRD246,Sports,Decathlon,256.00,2,2024-06-08,Delhi
ORD16849,CUST1473,PRD595,Fashion,Sparx,934.00,1,2024-06-08,Hyderabad
ORD16849,CUST1473,PRD408,Electronics,Noise,286.00,1,2024-06-08,Hyderabad
ORD16849,CUST1473,PRD225,Electronics,Samsung,469.00,5,2024-06-08,Hyderabad
ORD16849,CUST1473,PRD522,Fashion,Woodland,302.00,4,2024-06-08,Hyderabad
ORD16850,CUST1482,PRD340,Fashion,Peter England,1499.00,1,2024-06-08,Bengaluru
ORD16851,CUST025,PRD225,Electronics,Samsung,469.00,1,2024-06-08,Mumbai
ORD16851,CUST025,PRD144,Fashion,Allen Solly,315.00,5,2024-06-08,Mumbai
ORD16852,CUST1088,PRD225,Electronics,Samsung,469.00,2,2024-06-08,Pune
ORD16853,CUST1194,PRD475,Fashion,Peter England,1447.00,1,2024-06-08,Hyderabad
ORD16854,CUST520,PRD117,Electronics,Boult,831.00,2,2024-06-08,Pune
ORD16855,CUST993,PRD476,Home & Kitchen,Wonderchef,1186.00,1,2024-06-08,Mumbai
ORD16856,CUST752,PRD443,Fashion,Puma,437.00,4,2024-06-08,Delhi
ORD16857,CUST1253,PRD521,Beauty,Plum,303.00,2,2024-06-08,Pune
ORD16858,CUST674,PRD528,Books,Bloomsbury,1299.00,2,2024-06-08,Mumbai
ORD16859,CUST1457,PRD137,Home & Kitchen,Wonderchef,737.00,2,2024-06-08,Delhi
ORD16860,CUST1276,PRD238,Home & Kitchen,Borosil,948.00,1,2024-06-08,Bengaluru
ORD16861,CUST249,PRD326,Fashion,Bata,547.00,1,2024-06-08,Hyderabad
ORD16862,CUST274,PRD330,Electronics,Noise,999.00,1,2024-06-08,Mumbai
ORD16862,CUST274,PRD343,Home & Kitchen,Hawkins,805.00,1,2024-06-08,Mumbai
ORD16863,CUST727,PRD564,Fashion,Peter England,647.00,1,2024-06-08,Mumbai
ORD16864,CUST344,PRD584,Sports,Nike,202.00,4,2024-06-08,Bengaluru
ORD16865,CUST472,PRD353,Beauty,Nivea,228.00,2,2024-06-08,Delhi
ORD16865,CUST472,PRD574,Electronics,Mi,318.00,3,2024-06-08,Delhi
ORD16866,CUST910,PRD584,Sports,Nike,202.00,2,2024-06-08,Bengaluru
ORD16867,CUST295,PRD132,Home & Kitchen,Milton,455.00,5,2024-06-08,Mumbai
ORD16868,CUST802,PRD461,Fashion,Peter England,1071.00,1,2024-06-08,Delhi
ORD16868,CUST802,PRD507,Books,Aleph,640.00,1,2024-06-08,Delhi
ORD16868,CUST802,PRD364,Electronics,Realme,769.00,1,2024-06-08,Delhi
ORD16868,CUST802,PRD263,Electronics,JBL,1847.00,1,2024-06-08,Delhi
ORD16869,CUST598,PRD030,Electronics,Mi,1686.00,2,2024-06-08,Delhi
ORD16870,CUST1420,PRD013,Fashion,Biba,2499.00,1,2024-06-08,Chennai
ORD16871,CUST1452,PRD053,Sports,Cosco,2360.00,1,2024-06-08,Ahmedabad
ORD16872,CUST443,PRD407,Sports,Puma,235.00,2,2024-06-08,Mumbai
ORD16872,CUST443,PRD204,Electronics,Boat,1299.00,3,2024-06-08,Mumbai
ORD16872,CUST443,PRD573,Fashion,Peter England,652.00,3,2024-06-08,Mumbai
ORD16873,CUST898,PRD555,Electronics,Boult,2277.00,1,2024-06-08,Kolkata
ORD16874,CUST410,PRD225,Electronics,Samsung,469.00,1,2024-06-08,Mumbai
ORD16874,CUST410,PRD250,Home & Kitchen,Pigeon,1541.00,2,2024-06-08,Mumbai
ORD16875,CUST635,PRD009,Fashion,Levis,1499.00,1,2024-06-08,Chennai
ORD16875,CUST635,PRD107,Electronics,JBL,844.00,2,2024-06-08,Chennai
ORD16875,CUST635,PRD132,Home & Kitchen,Milton,455.00,4,2024-06-08,Chennai
ORD16876,CUST1402,PRD197,Sports,Cosco,3499.00,1,2024-06-08,Delhi
ORD16877,CUST162,PRD445,Electronics,Samsung,236.00,5,2024-06-08,Delhi
ORD16878,CUST156,PRD547,Electronics,JBL,812.00,1,2024-06-08,Mumbai
ORD16879,CUST1095,PRD374,Electronics,Samsung,1706.00,1,2024-06-08,Hyderabad
ORD16880,CUST437,PRD199,Fashion,Woodland,4299.00,1,2024-06-08,Delhi
ORD16880,CUST437,PRD518,Electronics,Mi,4469.00,1,2024-06-08,Delhi
ORD16881,CUST846,PRD373,Fashion,Peter England,527.00,2,2024-06-08,Delhi
ORD16882,CUST969,PRD508,Electronics,Sony,1978.00,2,2024-06-09,Delhi
ORD16883,CUST1482,PRD436,Sports,Nivia,2199.00,1,2024-06-09,Bengaluru
ORD16883,CUST1482,PRD262,Electronics,Apple,3501.00,1,2024-06-09,Bengaluru
ORD16884,CUST705,PRD181,Home & Kitchen,Wonderchef,1046.00,1,2024-06-09,Bengaluru
ORD16885,CUST242,PRD589,Fashion,Allen Solly,661.00,1,2024-06-09,Chennai
ORD16886,CUST539,PRD452,Home & Kitchen,Wonderchef,462.00,2,2024-06-09,Kolkata
ORD16886,CUST539,PRD410,Electronics,OnePlus,4071.00,1,2024-06-09,Kolkata
ORD16887,CUST192,PRD277,Electronics,Samsung,2013.00,1,2024-06-09,Hyderabad
ORD16887,CUST192,PRD167,Beauty,Biotique,522.00,2,2024-06-09,Hyderabad
ORD16888,CUST1388,PRD162,Beauty,Nivea,177.00,3,2024-06-09,Bengaluru
ORD16889,CUST544,PRD291,Fashion,Woodland,831.00,2,2024-06-09,Chennai
ORD16890,CUST179,PRD051,Fashion,Woodland,755.00,1,2024-06-09,Ahmedabad
ORD16890,CUST179,PRD088,Home & Kitchen,Milton,649.00,2,2024-06-09,Ahmedabad
ORD16890,CUST179,PRD208,Electronics,Boult,7315.00,1,2024-06-09,Ahmedabad
ORD16891,CUST964,PRD336,Electronics,Mi,185.00,4,2024-06-09,Delhi
ORD16891,CUST964,PRD246,Sports,Decathlon,256.00,1,2024-06-09,Delhi
ORD16891,CUST964,PRD381,Fashion,Peter England,406.00,1,2024-06-09,Delhi
ORD16891,CUST964,PRD010,Beauty,Maybelline,1040.00,1,2024-06-09,Delhi
ORD16892,CUST122,PRD572,Electronics,Apple,1534.00,1,2024-06-09,Delhi
ORD16892,CUST122,PRD162,Beauty,Nivea,177.00,2,2024-06-09,Delhi
ORD16893,CUST1036,PRD468,Electronics,Mi,1890.00,1,2024-06-09,Delhi
ORD16893,CUST1036,PRD578,Books,Aleph,974.00,2,2024-06-09,Delhi
ORD16893,CUST1036,PRD284,Electronics,OnePlus,1929.00,1,2024-06-09,Delhi
ORD16893,CUST1036,PRD508,Electronics,Sony,1978.00,1,2024-06-09,Delhi
ORD16894,CUST795,PRD129,Home & Kitchen,Pigeon,728.00,2,2024-06-09,Bengaluru
ORD16895,CUST590,PRD391,Fashion,Bata,1999.00,1,2024-06-09,Mumbai
ORD16896,CUST1153,PRD035,Home & Kitchen,Hawkins,438.00,1,2024-06-09,Bengaluru
ORD16897,CUST1255,PRD025,Beauty,Nivea,157.00,1,2024-06-09,Hyderabad
ORD16897,CUST1255,PRD580,Sports,Nivia,762.00,1,2024-06-09,Hyderabad
ORD16898,CUST1435,PRD084,Fashion,Woodland,332.00,1,2024-06-09,Bengaluru
ORD16898,CUST1435,PRD093,Fashion,Woodland,562.00,1,2024-06-09,Bengaluru
ORD16898,CUST1435,PRD521,Beauty,Plum,303.00,1,2024-06-09,Bengaluru
ORD16899,CUST1242,PRD140,Home & Kitchen,Prestige,2499.00,1,2024-06-09,Hyderabad
ORD16899,CUST1242,PRD336,Electronics,Mi,185.00,1,2024-06-09,Hyderabad
ORD16900,CUST1011,PRD274,Beauty,Himalaya,188.00,5,2024-06-09,Mumbai
ORD16901,CUST1349,PRD416,Electronics,Boat,1236.00,1,2024-06-09,Hyderabad
ORD16902,CUST858,PRD128,Books,Rupa,218.00,1,2024-06-09,Chennai
ORD16903,CUST423,PRD126,Sports,Decathlon,1107.00,3,2024-06-09,Mumbai
ORD16903,CUST423,PRD600,Fashion,Allen Solly,763.00,1,2024-06-09,Mumbai
ORD16904,CUST846,PRD126,Sports,Decathlon,1107.00,1,2024-06-09,Delhi
ORD16905,CUST908,PRD455,Electronics,Noise,1484.00,1,2024-06-09,Mumbai
ORD16905,CUST908,PRD136,Sports,Adidas,3499.00,1,2024-06-09,Mumbai
ORD16906,CUST516,PRD215,Sports,Campus,638.00,1,2024-06-09,Chennai
ORD16907,CUST872,PRD214,Fashion,Bata,650.00,1,2024-06-09,Chennai
ORD16908,CUST353,PRD516,Beauty,Lakme,469.00,3,2024-06-09,Mumbai
ORD16908,CUST353,PRD065,Electronics,Sony,211.00,2,2024-06-09,Mumbai
ORD16908,CUST353,PRD521,Beauty,Plum,303.00,3,2024-06-09,Mumbai
ORD16909,CUST621,PRD040,Electronics,Apple,817.00,3,2024-06-09,Chennai
ORD16909,CUST621,PRD028,Electronics,,576.00,1,2024-06-09,Chennai
ORD16909,CUST621,PRD215,Sports,Campus,638.00,1,2024-06-09,Chennai
ORD16910,CUST638,PRD298,Home & Kitchen,Borosil,4499.00,2,2024-06-09,Bengaluru
ORD16910,CUST638,PRD180,Home & Kitchen,Cello,835.00,2,2024-06-09,Bengaluru
ORD16911,CUST747,PRD295,Books,Rupa,420.00,2,2024-06-09,Mumbai
ORD16912,CUST1449,PRD508,Electronics,Sony,1978.00,1,2024-06-09,Mumbai
ORD16913,CUST612,PRD225,Electronics,Samsung,469.00,2,2024-06-09,Kolkata
ORD16914,CUST1429,PRD431,Home & Kitchen,Wonderchef,798.00,2,2024-06-09,Chennai
ORD16915,CUST1189,PRD037,Home & Kitchen,Cello,584.00,1,2024-06-09,Delhi
ORD16916,CUST302,PRD384,Fashion,Puma,701.00,1,2024-06-09,Delhi
ORD16917,CUST873,PRD137,Home & Kitchen,Wonderchef,737.00,1,2024-06-09,Chennai
ORD16918,CUST1220,PRD035,Home & Kitchen,Hawkins,438.00,1,2024-06-09,Delhi
ORD16919,CUST927,PRD247,Sports,Campus,1130.00,1,2024-06-09,Mumbai
ORD16920,CUST344,PRD522,Fashion,Woodland,302.00,1,2024-06-09,Bengaluru
ORD16921,CUST1108,PRD479,Electronics,JBL,180.00,2,2024-06-09,Delhi
ORD16922,CUST223,PRD343,Home & Kitchen,Hawkins,805.00,1,2024-06-09,Mumbai
ORD16923,CUST1120,PRD286,Electronics,Noise,437.00,1,2024-06-09,Mumbai
ORD16923,CUST1120,PRD126,Sports,Decathlon,1107.00,1,2024-06-09,Mumbai
ORD16923,CUST1120,PRD013,Fashion,Biba,2499.00,1,2024-06-09,Mumbai
ORD16924,CUST351,PRD508,Electronics,Sony,1978.00,1,2024-06-09,Bengaluru
ORD16924,CUST351,PRD076,Sports,Nivia,579.00,1,2024-06-09,Bengaluru
ORD16924,CUST351,PRD401,Electronics,Realme,1790.00,1,2024-06-09,Bengaluru
ORD16925,CUST798,PRD551,Beauty,Nivea,535.00,1,2024-06-09,Delhi
ORD16926,CUST1304,PRD247,Sports,Campus,1130.00,1,2024-06-09,Bengaluru
ORD16926,CUST1304,PRD187,Home & Kitchen,Butterfly,438.00,1,2024-06-09,Bengaluru
ORD16927,CUST761,PRD141,Fashion,Puma,677.00,1,2024-06-09,Mumbai
ORD16928,CUST055,PRD293,Fashion,Levis,499.00,3,2024-06-09,Hyderabad
ORD16929,CUST428,PRD508,Electronics,Sony,1978.00,1,2024-06-09,Bengaluru
ORD16930,CUST209,PRD190,Home & Kitchen,Cello,701.00,3,2024-06-09,Delhi
ORD16931,CUST106,PRD225,Electronics,Samsung,469.00,2,2024-06-09,Bengaluru
ORD16932,CUST604,PRD178,Beauty,Maybelline,1099.00,1,2024-06-09,Pune
ORD16933,CUST484,PRD234,Fashion,Bata,484.00,1,2024-06-09,Chennai
ORD16933,CUST484,PRD126,Sports,Decathlon,1107.00,3,2024-06-09,Chennai
ORD16933,CUST484,PRD197,Sports,,3499.00,2,2024-06-09,Chennai
ORD16934,CUST975,PRD265,Books,HarperCollins,599.00,1,2024-06-09,Hyderabad
ORD16934,CUST975,PRD600,Fashion,Allen Solly,763.00,1,2024-06-09,Hyderabad
ORD16935,CUST1271,PRD407,Sports,Puma,235.00,2,2024-06-09,Mumbai
ORD16936,CUST311,PRD212,Electronics,Boult,149.00,1,2024-06-09,Mumbai
ORD16937,CUST704,PRD111,Beauty,Nivea,266.00,1,2024-06-09,Bengaluru
ORD16938,CUST058,PRD197,Sports,Cosco,3499.00,1,2024-06-09,Bengaluru
ORD16939,CUST1247,PRD115,Fashion,Woodland,547.00,1,2024-06-09,Chennai
ORD16940,CUST208,PRD082,Home & Kitchen,Butterfly,614.00,1,2024-06-09,Mumbai
ORD16941,CUST047,PRD278,Home & Kitchen,Cello,1899.00,2,2024-06-10,Chennai
ORD16941,CUST047,PRD262,Electronics,Apple,3501.00,1,2024-06-10,Chennai
ORD16941,CUST047,PRD381,Fashion,Peter England,406.00,1,2024-06-10,Chennai
ORD16941,CUST047,PRD322,Sports,Puma,1255.00,1,2024-06-10,Chennai
ORD16942,CUST830,PRD583,Fashion,Biba,735.00,1,2024-06-10,Bengaluru
ORD16942,CUST830,PRD304,Sports,Campus,1385.00,1,2024-06-10,Bengaluru
ORD16942,CUST830,PRD202,Sports,Nike,1517.00,1,2024-06-10,Bengaluru
ORD16943,CUST1268,PRD522,Fashion,Woodland,302.00,2,2024-06-10,Mumbai
ORD16944,CUST1212,PRD521,Beauty,Plum,303.00,2,2024-06-10,Chennai
ORD16945,CUST631,PRD401,Electronics,Realme,1790.00,2,2024-06-10,Hyderabad
ORD16946,CUST1264,PRD488,Beauty,Maybelline,409.00,1,2024-06-10,Bengaluru
ORD16947,CUST517,PRD436,Sports,Nivia,2199.00,1,2024-06-10,Bengaluru
ORD16948,CUST974,PRD129,Home & Kitchen,Pigeon,728.00,2,2024-06-10,Ahmedabad
ORD16949,CUST337,PRD294,Electronics,Mi,615.00,1,2024-06-10,Delhi
ORD16950,CUST527,PRD332,Fashion,Biba,597.00,1,2024-06-10,Pune
ORD16950,CUST527,PRD556,Fashion,Woodland,1340.00,1,2024-06-10,Pune
ORD16951,CUST1314,PRD563,Electronics,Samsung,443.00,1,2024-06-10,Delhi
ORD16952,CUST997,PRD554,Home & Kitchen,Borosil,403.00,6,2024-06-10,Bengaluru
ORD16953,CUST1333,PRD475,Fashion,Peter England,1447.00,1,2024-06-10,Bengaluru
ORD16953,CUST1333,PRD304,Sports,Campus,1385.00,1,2024-06-10,Bengaluru
ORD16954,CUST536,PRD163,Electronics,Realme,1801.00,1,2024-06-10,Bengaluru
ORD16955,CUST369,PRD031,Beauty,Lakme,547.00,1,2024-06-10,Chennai
ORD16956,CUST805,PRD439,Electronics,Boat,394.00,1,2024-06-10,Delhi
ORD16956,CUST805,PRD107,Electronics,JBL,844.00,1,2024-06-10,Delhi
ORD16957,CUST1466,PRD313,Home & Kitchen,Milton,2090.00,1,2024-06-10,Chennai
ORD16957,CUST1466,PRD140,Home & Kitchen,Prestige,2499.00,1,2024-06-10,Chennai
ORD16958,CUST890,PRD163,Electronics,Realme,1801.00,1,2024-06-10,Kolkata
ORD16959,CUST1347,PRD426,Beauty,Biotique,492.00,2,2024-06-10,Bengaluru
ORD16959,CUST1347,PRD252,Electronics,OnePlus,270.00,1,2024-06-10,Bengaluru
ORD16960,CUST1027,PRD201,Fashion,Puma,841.00,1,2024-06-10,Ahmedabad
ORD16961,CUST1379,PRD138,Beauty,Himalaya,390.00,2,2024-06-10,Kolkata
ORD16962,CUST394,PRD020,Beauty,Maybelline,169.00,2,2024-06-10,Delhi
ORD16963,CUST526,PRD359,Home & Kitchen,Milton,1125.00,2,2024-06-10,Mumbai
ORD16964,CUST977,PRD317,Home & Kitchen,Butterfly,2280.00,1,2024-06-10,Mumbai
ORD16965,CUST504,PRD577,Electronics,Mi,1502.00,2,2024-06-10,Hyderabad
ORD16966,CUST1061,PRD202,Sports,Nike,1517.00,2,2024-06-10,Bengaluru
ORD16967,CUST428,PRD521,Beauty,Plum,303.00,3,2024-06-10,Bengaluru
ORD16967,CUST428,PRD177,Fashion,Allen Solly,640.00,1,2024-06-10,Bengaluru
ORD16968,CUST1434,PRD140,Home & Kitchen,Prestige,2499.00,1,2024-06-10,Mumbai
ORD16968,CUST1434,PRD425,Electronics,Realme,1566.00,1,2024-06-10,Mumbai
ORD16968,CUST1434,PRD151,Electronics,Realme,620.00,3,2024-06-10,Mumbai
ORD16969,CUST1021,PRD508,Electronics,Sony,1978.00,1,2024-06-10,Chennai
ORD16969,CUST1021,PRD412,Electronics,Boult,1199.00,1,2024-06-10,Chennai
ORD16970,CUST643,PRD072,Books,Aleph,226.00,2,2024-06-10,Chennai
ORD16971,CUST138,PRD594,Electronics,JBL,3866.00,1,2024-06-10,Hyderabad
ORD16972,CUST545,PRD247,Sports,Campus,1130.00,1,2024-06-10,Mumbai
ORD16972,CUST545,PRD242,Home & Kitchen,Cello,890.00,1,2024-06-10,Mumbai
ORD16972,CUST545,PRD525,Books,Bloomsbury,699.00,1,2024-06-10,Mumbai
ORD16973,CUST305,PRD163,Electronics,Realme,1801.00,1,2024-06-10,Bengaluru
ORD16974,CUST365,PRD588,Electronics,JBL,3249.00,2,2024-06-10,Delhi
ORD16974,CUST365,PRD232,Fashion,Biba,822.00,1,2024-06-10,Delhi
ORD16975,CUST996,PRD053,Sports,Cosco,2360.00,2,2024-06-10,Bengaluru
ORD16975,CUST996,PRD035,Home & Kitchen,Hawkins,438.00,8,2024-06-10,Bengaluru
ORD16975,CUST996,PRD407,Sports,Puma,235.00,1,2024-06-10,Bengaluru
ORD16975,CUST996,PRD177,Fashion,,640.00,1,2024-06-10,Bengaluru
ORD16976,CUST283,PRD163,Electronics,Realme,1801.00,2,2024-06-10,Delhi
ORD16977,CUST960,PRD582,Sports,Decathlon,1095.00,1,2024-06-10,Ahmedabad
ORD16978,CUST729,PRD416,Electronics,Boat,1236.00,1,2024-06-10,Mumbai
ORD16979,CUST162,PRD385,Electronics,OnePlus,2378.00,1,2024-06-10,Delhi
ORD16979,CUST162,PRD599,Electronics,Samsung,1030.00,1,2024-06-10,Delhi
ORD16980,CUST1317,PRD225,Electronics,Samsung,469.00,4,2024-06-10,Delhi
ORD16980,CUST1317,PRD179,Electronics,Noise,1044.00,1,2024-06-10,Delhi
ORD16980,CUST1317,PRD372,Beauty,Biotique,415.00,1,2024-06-10,Delhi
ORD16980,CUST1317,PRD342,Books,Westland,462.00,1,2024-06-10,Delhi
ORD16981,CUST684,PRD324,Fashion,Allen Solly,843.00,1,2024-06-10,Delhi
ORD16982,CUST148,PRD391,Fashion,Bata,1999.00,1,2024-06-10,Mumbai
ORD16982,CUST148,PRD256,Fashion,Biba,546.00,2,2024-06-10,Mumbai
ORD16982,CUST148,PRD366,Electronics,Sony,1638.00,1,2024-06-10,Mumbai
ORD16983,CUST1441,PRD265,Books,HarperCollins,599.00,1,2024-06-11,Bengaluru
ORD16984,CUST1015,PRD341,Electronics,Noise,196.00,2,2024-06-11,Pune
ORD16985,CUST456,PRD563,Electronics,Samsung,443.00,1,2024-06-11,Bengaluru
ORD16985,CUST456,PRD441,Electronics,Sony,8613.00,1,2024-06-11,Bengaluru
ORD16985,CUST456,PRD251,Fashion,Puma,761.00,1,2024-06-11,Bengaluru
ORD16986,CUST1421,PRD584,Sports,Nike,202.00,1,2024-06-11,Bengaluru
ORD16986,CUST1421,PRD520,Books,,739.00,1,2024-06-11,Bengaluru
ORD16986,CUST1421,PRD163,Electronics,Realme,1801.00,2,2024-06-11,Bengaluru
ORD16987,CUST1180,PRD129,Home & Kitchen,Pigeon,728.00,1,2024-06-11,Mumbai
ORD16987,CUST1180,PRD137,Home & Kitchen,Wonderchef,737.00,1,2024-06-11,Mumbai
ORD16987,CUST1180,PRD295,Books,Rupa,420.00,1,2024-06-11,Mumbai
ORD16988,CUST1152,PRD493,Home & Kitchen,Milton,722.00,1,2024-06-11,Pune
ORD16988,CUST1152,PRD411,Fashion,Bata,815.00,2,2024-06-11,Pune
ORD16988,CUST1152,PRD501,Electronics,Realme,1499.00,2,2024-06-11,Pune
ORD16989,CUST621,PRD440,Beauty,Maybelline,250.00,4,2024-06-11,Chennai
ORD16989,CUST621,PRD525,Books,Bloomsbury,699.00,1,2024-06-11,Chennai
ORD16990,CUST228,PRD153,Electronics,Apple,1631.00,2,2024-06-11,Pune
ORD16991,CUST1027,PRD137,Home & Kitchen,Wonderchef,737.00,1,2024-06-11,Ahmedabad
ORD16992,CUST1300,PRD338,Fashion,Sparx,711.00,2,2024-06-11,Mumbai
ORD16993,CUST674,PRD443,Fashion,Puma,437.00,4,2024-06-11,Mumbai
ORD16993,CUST674,PRD079,Fashion,Biba,1249.00,3,2024-06-11,Mumbai
ORD16993,CUST674,PRD262,Electronics,Apple,3501.00,1,2024-06-11,Mumbai
ORD16994,CUST050,PRD126,Sports,Decathlon,1107.00,1,2024-06-11,Bengaluru
ORD16995,CUST586,PRD388,Books,Rupa,437.00,1,2024-06-11,Hyderabad
ORD16995,CUST586,PRD287,Beauty,Plum,178.00,1,2024-06-11,Hyderabad
ORD16996,CUST1282,PRD521,Beauty,Plum,303.00,2,2024-06-11,Delhi
ORD16996,CUST1282,PRD476,Home & Kitchen,Wonderchef,1186.00,1,2024-06-11,Delhi
ORD16996,CUST1282,PRD498,Fashion,Levis,2999.00,2,2024-06-11,Delhi
ORD16997,CUST162,PRD237,Electronics,Mi,1210.00,1,2024-06-11,Delhi
ORD16998,CUST1409,PRD437,Beauty,Himalaya,333.00,2,2024-06-11,Mumbai
ORD16999,CUST450,PRD464,Books,Bloomsbury,502.00,2,2024-06-11,Mumbai
ORD17000,CUST707,PRD060,Books,HarperCollins,785.00,1,2024-06-11,Mumbai
ORD17001,CUST1262,PRD397,Sports,Decathlon,1292.00,1,2024-06-11,Kolkata
ORD17002,CUST139,PRD170,Home & Kitchen,Hawkins,493.00,4,2024-06-11,Chennai
ORD17003,CUST506,PRD329,Electronics,OnePlus,1419.00,2,2024-06-11,Bengaluru
ORD17003,CUST506,PRD291,Fashion,Woodland,831.00,3,2024-06-11,Bengaluru
ORD17004,CUST1011,PRD343,Home & Kitchen,Hawkins,805.00,2,2024-06-11,Mumbai
ORD17004,CUST1011,PRD407,Sports,Puma,235.00,1,2024-06-11,Mumbai
ORD17004,CUST1011,PRD441,Electronics,Sony,8613.00,1,2024-06-11,Mumbai
ORD17005,CUST242,PRD468,Electronics,Mi,1890.00,1,2024-06-11,Chennai
ORD17006,CUST339,PRD444,Electronics,Samsung,346.00,1,2024-06-11,Bengaluru
ORD17007,CUST943,PRD379,Electronics,Realme,3493.00,1,2024-06-11,Pune
ORD17007,CUST943,PRD469,Fashion,Puma,616.00,1,2024-06-11,Pune
ORD17007,CUST943,PRD028,Electronics,Mi,576.00,2,2024-06-11,Pune
ORD17007,CUST943,PRD508,Electronics,Sony,1978.00,3,2024-06-11,Pune
ORD17008,CUST966,PRD572,Electronics,Apple,1534.00,1,2024-06-11,Bengaluru
ORD17008,CUST966,PRD500,Electronics,Samsung,18999.00,1,2024-06-11,Bengaluru
ORD17009,CUST181,PRD407,Sports,Puma,235.00,2,2024-06-11,Chennai
ORD17010,CUST369,PRD354,Electronics,Apple,474.00,3,2024-06-11,Chennai
ORD17011,CUST625,PRD532,Electronics,Noise,719.00,1,2024-06-11,Mumbai
ORD17012,CUST1092,PRD518,Electronics,Mi,4469.00,1,2024-06-11,Mumbai
ORD17013,CUST1108,PRD395,Beauty,Maybelline,618.00,1,2024-06-11,Delhi
ORD17013,CUST1108,PRD348,Electronics,Apple,2298.00,1,2024-06-11,Delhi
ORD17014,CUST873,PRD531,Electronics,Boat,2084.00,1,2024-06-11,Chennai
ORD17015,CUST365,PRD528,Books,,1299.00,2,2024-06-11,Delhi
ORD17015,CUST365,PRD197,Sports,Cosco,3499.00,1,2024-06-11,Delhi
ORD17016,CUST115,PRD307,Books,Rupa,1199.00,1,2024-06-11,Pune
ORD17017,CUST948,PRD546,Sports,Cosco,1784.00,1,2024-06-11,Hyderabad
ORD17018,CUST973,PRD177,Fashion,Allen Solly,640.00,3,2024-06-11,Delhi
ORD17018,CUST973,PRD522,Fashion,Woodland,302.00,8,2024-06-11,Delhi
ORD17019,CUST941,PRD201,Fashion,Puma,841.00,1,2024-06-11,Ahmedabad
ORD17020,CUST1059,PRD163,Electronics,Realme,1801.00,1,2024-06-11,Delhi
ORD17021,CUST1466,PRD140,Home & Kitchen,Prestige,2499.00,1,2024-06-11,Chennai
ORD17021,CUST1466,PRD580,Sports,Nivia,762.00,2,2024-06-11,Chennai
ORD17022,CUST255,PRD326,Fashion,Bata,547.00,2,2024-06-11,Mumbai
ORD17022,CUST255,PRD263,Electronics,JBL,1847.00,1,2024-06-11,Mumbai
ORD17023,CUST482,PRD295,Books,Rupa,420.00,2,2024-06-11,Mumbai
ORD17024,CUST489,PRD506,Fashion,Allen Solly,745.00,2,2024-06-11,Mumbai
ORD17024,CUST489,PRD072,Books,Aleph,226.00,3,2024-06-11,Mumbai
ORD17024,CUST489,PRD410,Electronics,OnePlus,4071.00,1,2024-06-11,Mumbai
ORD17025,CUST076,PRD508,Electronics,Sony,1978.00,1,2024-06-11,Chennai
ORD17026,CUST841,PRD220,Books,Westland,415.00,1,2024-06-11,Mumbai
ORD17027,CUST376,PRD436,Sports,Nivia,2199.00,1,2024-06-12,Pune
ORD17027,CUST376,PRD140,Home & Kitchen,Prestige,2499.00,1,2024-06-12,Pune
ORD17027,CUST376,PRD197,Sports,Cosco,3499.00,1,2024-06-12,Pune
ORD17028,CUST1283,PRD295,Books,Rupa,420.00,1,2024-06-12,Chennai
ORD17028,CUST1283,PRD136,Sports,Adidas,3499.00,1,2024-06-12,Chennai
ORD17028,CUST1283,PRD186,Beauty,Himalaya,288.00,1,2024-06-12,Chennai
ORD17028,CUST1283,PRD429,Electronics,Boult,577.00,2,2024-06-12,Chennai
ORD17029,CUST690,PRD140,Home & Kitchen,Prestige,2499.00,1,2024-06-12,Mumbai
ORD17030,CUST499,PRD038,Fashion,Bata,691.00,1,2024-06-12,Pune
ORD17030,CUST499,PRD379,Electronics,Realme,3493.00,1,2024-06-12,Pune
ORD17031,CUST271,PRD184,Fashion,Sparx,745.00,1,2024-06-12,Mumbai
ORD17031,CUST271,PRD401,Electronics,Realme,1790.00,1,2024-06-12,Mumbai
ORD17031,CUST271,PRD163,Electronics,Realme,1801.00,1,2024-06-12,Mumbai
ORD17032,CUST1300,PRD590,Fashion,Sparx,389.00,2,2024-06-12,Mumbai
ORD17033,CUST071,PRD444,Electronics,Samsung,346.00,1,2024-06-12,Bengaluru
ORD17034,CUST876,PRD340,Fashion,Peter England,1499.00,1,2024-06-12,Kolkata
ORD17035,CUST1037,PRD205,Beauty,Plum,497.00,1,2024-06-12,Delhi
ORD17036,CUST180,PRD181,Home & Kitchen,Wonderchef,1046.00,1,2024-06-12,Delhi
ORD17036,CUST180,PRD572,Electronics,Apple,1534.00,1,2024-06-12,Delhi
ORD17037,CUST1477,PRD128,Books,Rupa,218.00,2,2024-06-12,Hyderabad
ORD17038,CUST890,PRD496,Sports,Yonex,1064.00,2,2024-06-12,Kolkata
ORD17039,CUST442,PRD111,Beauty,Nivea,266.00,4,2024-06-12,Mumbai
ORD17040,CUST1339,PRD444,Electronics,Samsung,346.00,1,2024-06-12,Pune
ORD17041,CUST1075,PRD345,Home & Kitchen,Prestige,4499.00,1,2024-06-12,Delhi
ORD17042,CUST1288,PRD357,Home & Kitchen,Milton,918.00,1,2024-06-12,Pune
ORD17043,CUST586,PRD446,Beauty,Plum,155.00,4,2024-06-12,Hyderabad
ORD17044,CUST910,PRD420,Sports,Campus,624.00,1,2024-06-12,Bengaluru
ORD17045,CUST106,PRD255,Books,Rupa,223.00,2,2024-06-12,Bengaluru
ORD17045,CUST106,PRD039,Beauty,Himalaya,936.00,2,2024-06-12,Bengaluru
ORD17045,CUST106,PRD302,Books,Penguin,361.00,1,2024-06-12,Bengaluru
ORD17045,CUST106,PRD110,Home & Kitchen,Cello,1832.00,2,2024-06-12,Bengaluru
ORD17046,CUST126,PRD546,Sports,Cosco,1784.00,1,2024-06-12,Bengaluru
ORD17047,CUST362,PRD563,Electronics,Samsung,443.00,3,2024-06-12,Bengaluru
ORD17048,CUST1087,PRD139,Fashion,Woodland,566.00,3,2024-06-12,Chennai
ORD17049,CUST172,PRD521,Beauty,Plum,303.00,1,2024-06-12,Hyderabad
ORD17050,CUST905,PRD035,Home & Kitchen,Hawkins,438.00,2,2024-06-12,Chennai
ORD17051,CUST777,PRD506,Fashion,Allen Solly,745.00,3,2024-06-12,Chennai
ORD17052,CUST1175,PRD247,Sports,Campus,1130.00,1,2024-06-12,Bengaluru
ORD17053,CUST1109,PRD072,Books,Aleph,226.00,1,2024-06-12,Mumbai
ORD17054,CUST869,PRD245,Sports,Nike,3495.00,1,2024-06-12,Mumbai
ORD17054,CUST869,PRD269,Electronics,Apple,2092.00,1,2024-06-12,Mumbai
ORD17055,CUST1040,PRD004,Home & Kitchen,Pigeon,874.00,1,2024-06-12,Delhi
ORD17056,CUST269,PRD589,Fashion,Allen Solly,661.00,1,2024-06-12,Mumbai
ORD17056,CUST269,PRD476,Home & Kitchen,Wonderchef,1186.00,1,2024-06-12,Mumbai
ORD17056,CUST269,PRD417,Electronics,Boult,467.00,4,2024-06-12,Mumbai
ORD17057,CUST966,PRD232,Fashion,Biba,822.00,2,2024-06-12,Bengaluru
ORD17058,CUST1153,PRD536,Home & Kitchen,Butterfly,4499.00,2,2024-06-12,Bengaluru
ORD17059,CUST099,PRD588,Electronics,JBL,3249.00,1,2024-06-12,Mumbai
ORD17060,CUST1249,PRD046,Home & Kitchen,Cello,2604.00,1,2024-06-12,Delhi
ORD17061,CUST650,PRD234,Fashion,Bata,484.00,3,2024-06-12,Pune
ORD17062,CUST658,PRD032,Fashion,Levis,823.00,2,2024-06-13,Delhi
ORD17063,CUST1181,PRD063,Electronics,JBL,1768.00,1,2024-06-13,Chennai
ORD17064,CUST946,PRD521,Beauty,Plum,303.00,1,2024-06-13,Bengaluru
ORD17065,CUST628,PRD563,Electronics,Samsung,443.00,2,2024-06-13,Mumbai
ORD17066,CUST846,PRD130,Electronics,Sony,897.00,1,2024-06-13,Delhi
ORD17067,CUST604,PRD343,Home & Kitchen,Hawkins,805.00,2,2024-06-13,Pune
ORD17067,CUST604,PRD492,Fashion,Biba,452.00,2,2024-06-13,Pune
ORD17068,CUST1204,PRD148,Electronics,Realme,455.00,3,2024-06-13,Delhi
ORD17069,CUST266,PRD410,Electronics,OnePlus,4071.00,1,2024-06-13,Hyderabad
ORD17070,CUST752,PRD326,Fashion,Bata,547.00,1,2024-06-13,Delhi
ORD17071,CUST900,PRD225,Electronics,Samsung,469.00,1,2024-06-13,Bengaluru
ORD17072,CUST280,PRD222,Home & Kitchen,Cello,968.00,2,2024-06-13,Bengaluru
ORD17073,CUST203,PRD177,Fashion,Allen Solly,640.00,2,2024-06-13,Mumbai
ORD17074,CUST296,PRD126,Sports,Decathlon,1107.00,3,2024-06-13,Hyderabad
ORD17075,CUST279,PRD471,Home & Kitchen,Pigeon,1156.00,1,2024-06-13,Mumbai
ORD17076,CUST530,PRD163,Electronics,Realme,1801.00,3,2024-06-13,Pune
ORD17077,CUST1471,PRD197,Sports,Cosco,3499.00,1,2024-06-13,Hyderabad
ORD17078,CUST1291,PRD295,Books,Rupa,420.00,1,2024-06-13,Chennai
ORD17079,CUST1219,PRD126,Sports,Decathlon,1107.00,3,2024-06-13,Pune
ORD17080,CUST1033,PRD198,Electronics,Samsung,341.00,1,2024-06-13,Chennai
ORD17081,CUST1114,PRD407,Sports,Puma,235.00,2,2024-06-13,Hyderabad
ORD17082,CUST588,PRD475,Fashion,Peter England,1447.00,1,2024-06-13,Bengaluru
ORD17083,CUST728,PRD219,Beauty,Nivea,480.00,3,2024-06-13,Bengaluru
ORD17084,CUST1115,PRD225,Electronics,Samsung,469.00,2,2024-06-13,Mumbai
ORD17084,CUST1115,PRD461,Fashion,Peter England,1071.00,1,2024-06-13,Mumbai
ORD17085,CUST223,PRD521,Beauty,Plum,303.00,1,2024-06-13,Mumbai
ORD17086,CUST442,PRD356,Electronics,Samsung,211.00,1,2024-06-13,Mumbai
ORD17087,CUST942,PRD260,Home & Kitchen,Borosil,352.00,1,2024-06-13,Chennai
ORD17088,CUST336,PRD078,Fashion,Woodland,513.00,2,2024-06-13,Bengaluru
ORD17089,CUST992,PRD228,Electronics,Realme,1737.00,1,2024-06-13,Delhi
ORD17090,CUST1157,PRD513,Sports,Decathlon,3680.00,1,2024-06-13,Bengaluru
ORD17091,CUST372,PRD226,Electronics,Sony,413.00,2,2024-06-13,Delhi
ORD17092,CUST493,PRD223,Electronics,Samsung,450.00,6,2024-06-13,Mumbai
ORD17093,CUST1408,PRD522,Fashion,Woodland,302.00,4,2024-06-13,Bengaluru
ORD17093,CUST1408,PRD332,Fashion,Biba,597.00,1,2024-06-13,Bengaluru
ORD17094,CUST598,PRD298,Home & Kitchen,Borosil,4499.00,1,2024-06-13,Delhi
ORD17095,CUST537,PRD347,Fashion,Sparx,873.00,1,2024-06-13,Pune
ORD17095,CUST537,PRD132,Home & Kitchen,Milton,455.00,6,2024-06-13,Pune
ORD17095,CUST537,PRD486,Electronics,Sony,907.00,1,2024-06-13,Pune
ORD17096,CUST1249,PRD197,Sports,Cosco,3499.00,1,2024-06-13,Delhi
ORD17097,CUST660,PRD163,Electronics,Realme,1801.00,1,2024-06-13,Mumbai
ORD17098,CUST893,PRD089,Fashion,Peter England,652.00,1,2024-06-13,Chennai
ORD17099,CUST136,PRD431,Home & Kitchen,Wonderchef,798.00,2,2024-06-14,Delhi
ORD17100,CUST719,PRD508,Electronics,Sony,1978.00,1,2024-06-14,Delhi
ORD17101,CUST040,PRD120,Fashion,Biba,650.00,2,2024-06-14,Bengaluru
ORD17101,CUST040,PRD391,Fashion,Bata,1999.00,1,2024-06-14,Bengaluru
ORD17102,CUST192,PRD106,Sports,Nike,1746.00,2,2024-06-14,Hyderabad
ORD17102,CUST192,PRD284,Electronics,OnePlus,1929.00,3,2024-06-14,Hyderabad
ORD17102,CUST192,PRD347,Fashion,Sparx,873.00,1,2024-06-14,Hyderabad
ORD17103,CUST680,PRD122,Sports,Yonex,2499.00,1,2024-06-14,Bengaluru
ORD17104,CUST838,PRD263,Electronics,JBL,1847.00,1,2024-06-14,Mumbai
ORD17105,CUST1466,PRD561,Home & Kitchen,Hawkins,1136.00,2,2024-06-14,Chennai
ORD17106,CUST257,PRD444,Electronics,Samsung,346.00,1,2024-06-14,Delhi
ORD17106,CUST257,PRD221,Fashion,Levis,2199.00,1,2024-06-14,Delhi
ORD17106,CUST257,PRD058,Electronics,Mi,2999.00,1,2024-06-14,Delhi
ORD17106,CUST257,PRD443,Fashion,Puma,437.00,1,2024-06-14,Delhi
ORD17107,CUST476,PRD132,Home & Kitchen,Milton,455.00,1,2024-06-14,Pune
ORD17108,CUST090,PRD176,Home & Kitchen,Borosil,459.00,3,2024-06-14,Bengaluru
ORD17109,CUST1298,PRD180,Home & Kitchen,Cello,835.00,2,2024-06-14,Delhi
ORD17110,CUST1340,PRD539,Electronics,Realme,956.00,1,2024-06-14,Bengaluru
ORD17110,CUST1340,PRD391,Fashion,Bata,1999.00,1,2024-06-14,Bengaluru
ORD17111,CUST906,PRD238,Home & Kitchen,Borosil,948.00,1,2024-06-14,Kolkata
ORD17112,CUST530,PRD225,Electronics,Samsung,469.00,2,2024-06-14,Pune
ORD17113,CUST1198,PRD020,Beauty,Maybelline,169.00,1,2024-06-14,Kolkata
ORD17114,CUST752,PRD295,Books,Rupa,420.00,2,2024-06-14,Delhi
ORD17115,CUST775,PRD091,Home & Kitchen,Cello,349.00,5,2024-06-14,Delhi
ORD17116,CUST141,PRD479,Electronics,JBL,180.00,1,2024-06-14,Chennai
ORD17117,CUST626,PRD187,Home & Kitchen,Butterfly,438.00,1,2024-06-14,Mumbai
ORD17117,CUST626,PRD311,Sports,Nike,876.00,1,2024-06-14,Mumbai
ORD17118,CUST1250,PRD271,Home & Kitchen,Cello,404.00,2,2024-06-14,Mumbai
ORD17119,CUST358,PRD480,Sports,Nike,942.00,2,2024-06-14,Kolkata
ORD17119,CUST358,PRD200,Beauty,Biotique,209.00,4,2024-06-14,Kolkata
ORD17119,CUST358,PRD418,Home & Kitchen,Borosil,473.00,3,2024-06-14,Kolkata
ORD17120,CUST821,PRD292,Home & Kitchen,Cello,2099.00,1,2024-06-14,Hyderabad
ORD17121,CUST121,PRD508,Electronics,Sony,1978.00,1,2024-06-14,Delhi
ORD17122,CUST533,PRD413,Fashion,Woodland,304.00,5,2024-06-14,Delhi
ORD17122,CUST533,PRD126,Sports,Decathlon,1107.00,1,2024-06-14,Delhi
ORD17122,CUST533,PRD262,Electronics,Apple,3501.00,1,2024-06-14,Delhi
ORD17123,CUST1127,PRD307,Books,Rupa,1199.00,3,2024-06-14,Pune
ORD17123,CUST1127,PRD514,Electronics,Samsung,170.00,1,2024-06-14,Pune
ORD17124,CUST846,PRD288,Electronics,Realme,472.00,5,2024-06-14,Delhi
ORD17125,CUST1429,PRD311,Sports,Nike,876.00,2,2024-06-14,Chennai
ORD17125,CUST1429,PRD162,Beauty,Nivea,177.00,2,2024-06-14,Chennai
ORD17125,CUST1429,PRD357,Home & Kitchen,Milton,918.00,1,2024-06-14,Chennai
ORD17126,CUST362,PRD428,Electronics,OnePlus,921.00,1,2024-06-14,Bengaluru
ORD17126,CUST362,PRD423,Home & Kitchen,Pigeon,623.00,1,2024-06-14,Bengaluru
ORD17126,CUST362,PRD598,Electronics,Boult,1275.00,2,2024-06-14,Bengaluru
ORD17126,CUST362,PRD129,Home & Kitchen,Pigeon,728.00,1,2024-06-14,Bengaluru
ORD17127,CUST835,PRD220,Books,Westland,415.00,1,2024-06-14,Kolkata
ORD17128,CUST824,PRD171,Beauty,Lakme,599.00,1,2024-06-14,Bengaluru
ORD17129,CUST126,PRD026,Home & Kitchen,Milton,781.00,1,2024-06-14,Bengaluru
ORD17130,CUST417,PRD429,Electronics,Boult,577.00,1,2024-06-14,Mumbai
ORD17131,CUST485,PRD078,Fashion,Woodland,513.00,3,2024-06-14,Hyderabad
ORD17132,CUST228,PRD341,Electronics,Noise,196.00,1,2024-06-14,Pune
ORD17133,CUST908,PRD329,Electronics,OnePlus,1419.00,1,2024-06-14,Mumbai
ORD17133,CUST908,PRD279,Fashion,Peter England,462.00,1,2024-06-14,Mumbai
ORD17134,CUST100,PRD129,Home & Kitchen,Pigeon,728.00,1,2024-06-14,Mumbai
ORD17134,CUST100,PRD307,Books,Rupa,1199.00,1,2024-06-14,Mumbai
ORD17134,CUST100,PRD098,Fashion,Peter England,1499.00,1,2024-06-14,Mumbai
ORD17135,CUST1471,PRD555,Electronics,Boult,2277.00,1,2024-06-14,Hyderabad
ORD17135,CUST1471,PRD588,Electronics,JBL,3249.00,1,2024-06-14,Hyderabad
ORD17136,CUST290,PRD324,Fashion,Allen Solly,843.00,1,2024-06-14,Bengaluru
ORD17137,CUST130,PRD298,Home & Kitchen,Borosil,4499.00,1,2024-06-14,Delhi
ORD17138,CUST369,PRD225,Electronics,Samsung,469.00,6,2024-06-14,Chennai
ORD17139,CUST988,PRD228,Electronics,Realme,1737.00,1,2024-06-14,Bengaluru
ORD17140,CUST302,PRD132,Home & Kitchen,Milton,455.00,4,2024-06-14,Delhi
ORD17141,CUST268,PRD043,Electronics,Samsung,1615.00,3,2024-06-14,Chennai
ORD17141,CUST268,PRD228,Electronics,Realme,1737.00,1,2024-06-14,Chennai
ORD17142,CUST1389,PRD197,Sports,,3499.00,1,2024-06-14,Bengaluru
ORD17142,CUST1389,PRD443,Fashion,Puma,437.00,3,2024-06-14,Bengaluru
ORD17142,CUST1389,PRD187,Home & Kitchen,Butterfly,438.00,5,2024-06-14,Bengaluru
ORD17143,CUST397,PRD461,Fashion,Peter England,1071.00,1,2024-06-14,Pune
ORD17144,CUST821,PRD471,Home & Kitchen,Pigeon,1156.00,2,2024-06-14,Hyderabad
ORD17144,CUST821,PRD301,Electronics,Boult,813.00,1,2024-06-14,Hyderabad
ORD17145,CUST1058,PRD427,Beauty,Biotique,217.00,2,2024-06-14,Pune
ORD17146,CUST1253,PRD177,Fashion,Allen Solly,640.00,1,2024-06-14,Pune
ORD17147,CUST365,PRD600,Fashion,Allen Solly,763.00,2,2024-06-15,Delhi
ORD17147,CUST365,PRD197,Sports,Cosco,3499.00,1,2024-06-15,Delhi
ORD17148,CUST923,PRD211,Sports,Adidas,1428.00,1,2024-06-15,Mumbai
ORD17149,CUST1420,PRD204,Electronics,Boat,1299.00,1,2024-06-15,Chennai
ORD17149,CUST1420,PRD086,Sports,Decathlon,1825.00,2,2024-06-15,Chennai
ORD17149,CUST1420,PRD307,Books,Rupa,1199.00,2,2024-06-15,Chennai
ORD17150,CUST336,PRD170,Home & Kitchen,Hawkins,493.00,4,2024-06-15,Bengaluru
ORD17151,CUST887,PRD524,Beauty,Himalaya,249.00,2,2024-06-15,Bengaluru
ORD17152,CUST1184,PRD519,Sports,Adidas,826.00,1,2024-06-15,Bengaluru
ORD17152,CUST1184,PRD324,Fashion,Allen Solly,843.00,1,2024-06-15,Bengaluru
ORD17152,CUST1184,PRD197,Sports,Cosco,3499.00,1,2024-06-15,Bengaluru
ORD17153,CUST1056,PRD352,Home & Kitchen,Prestige,460.00,2,2024-06-15,Ahmedabad
ORD17154,CUST1197,PRD140,Home & Kitchen,Prestige,2499.00,1,2024-06-15,Mumbai
ORD17154,CUST1197,PRD132,Home & Kitchen,Milton,455.00,2,2024-06-15,Mumbai
ORD17155,CUST417,PRD135,Books,Westland,243.00,5,2024-06-15,Mumbai
ORD17155,CUST417,PRD106,Sports,Nike,1746.00,1,2024-06-15,Mumbai
ORD17156,CUST588,PRD255,Books,Rupa,223.00,6,2024-06-15,Bengaluru
ORD17157,CUST363,PRD368,Electronics,JBL,955.00,2,2024-06-15,Hyderabad
ORD17158,CUST012,PRD076,Sports,Nivia,579.00,1,2024-06-15,Mumbai
ORD17159,CUST1342,PRD475,Fashion,Peter England,1447.00,2,2024-06-15,Delhi
ORD17160,CUST1226,PRD142,Fashion,Peter England,1499.00,1,2024-06-15,Bengaluru
ORD17161,CUST357,PRD254,Electronics,Mi,1014.00,1,2024-06-15,Delhi
ORD17161,CUST357,PRD229,Electronics,Boat,976.00,1,2024-06-15,Delhi
ORD17162,CUST987,PRD122,Sports,Yonex,2499.00,1,2024-06-15,Pune
ORD17163,CUST505,PRD197,Sports,Cosco,3499.00,1,2024-06-15,Hyderabad
ORD17164,CUST1033,PRD223,Electronics,Samsung,450.00,3,2024-06-15,Chennai
ORD17164,CUST1033,PRD344,Beauty,Lakme,222.00,1,2024-06-15,Chennai
ORD17164,CUST1033,PRD409,Sports,Yonex,1739.00,1,2024-06-15,Chennai
ORD17164,CUST1033,PRD107,Electronics,JBL,844.00,1,2024-06-15,Chennai
ORD17165,CUST829,PRD127,Beauty,Biotique,208.00,2,2024-06-15,Pune
ORD17165,CUST829,PRD444,Electronics,Samsung,346.00,1,2024-06-15,Pune
ORD17166,CUST508,PRD078,Fashion,Woodland,513.00,1,2024-06-15,Mumbai
ORD17167,CUST865,PRD410,Electronics,OnePlus,4071.00,1,2024-06-15,Ahmedabad
ORD17167,CUST865,PRD416,Electronics,Boat,1236.00,1,2024-06-15,Ahmedabad
ORD17167,CUST865,PRD134,Electronics,OnePlus,346.00,2,2024-06-15,Ahmedabad
ORD17168,CUST869,PRD126,Sports,Decathlon,1107.00,2,2024-06-15,Mumbai
ORD17169,CUST075,PRD163,Electronics,Realme,1801.00,1,2024-06-15,Mumbai
ORD17169,CUST075,PRD236,Home & Kitchen,Butterfly,1329.00,1,2024-06-15,Mumbai
ORD17170,CUST1449,PRD451,Home & Kitchen,Hawkins,1999.00,1,2024-06-15,Mumbai
ORD17170,CUST1449,PRD199,Fashion,Woodland,4299.00,1,2024-06-15,Mumbai
ORD17170,CUST1449,PRD500,Electronics,Samsung,18999.00,1,2024-06-15,Mumbai
ORD17171,CUST002,PRD223,Electronics,Samsung,450.00,2,2024-06-15,Delhi
ORD17172,CUST024,PRD565,Electronics,Samsung,941.00,2,2024-06-15,Hyderabad
ORD17172,CUST024,PRD212,Electronics,Boult,149.00,3,2024-06-15,Hyderabad
ORD17173,CUST549,PRD478,Electronics,OnePlus,1494.00,1,2024-06-15,Delhi
ORD17173,CUST549,PRD329,Electronics,OnePlus,1419.00,3,2024-06-15,Delhi
ORD17174,CUST069,PRD417,Electronics,Boult,467.00,2,2024-06-15,Mumbai
ORD17175,CUST845,PRD436,Sports,Nivia,2199.00,1,2024-06-15,Pune
ORD17175,CUST845,PRD381,Fashion,Peter England,406.00,2,2024-06-15,Pune
ORD17176,CUST419,PRD500,Electronics,Samsung,18999.00,1,2024-06-15,Delhi
ORD17177,CUST228,PRD529,Beauty,Biotique,234.00,5,2024-06-15,Pune
ORD17178,CUST1086,PRD180,Home & Kitchen,Cello,835.00,1,2024-06-15,Delhi
ORD17178,CUST1086,PRD500,Electronics,Samsung,18999.00,1,2024-06-15,Delhi
ORD17178,CUST1086,PRD368,Electronics,JBL,955.00,1,2024-06-15,Delhi
ORD17179,CUST562,PRD381,Fashion,Peter England,406.00,1,2024-06-15,Bengaluru
ORD17179,CUST562,PRD177,Fashion,Allen Solly,640.00,1,2024-06-15,Bengaluru
ORD17179,CUST562,PRD513,Sports,Decathlon,3680.00,1,2024-06-15,Bengaluru
ORD17180,CUST752,PRD435,Home & Kitchen,Wonderchef,523.00,1,2024-06-15,Delhi
ORD17180,CUST752,PRD138,Beauty,Himalaya,390.00,1,2024-06-15,Delhi
ORD17181,CUST1074,PRD548,Electronics,Boult,2691.00,1,2024-06-15,Kolkata
ORD17182,CUST572,PRD012,Home & Kitchen,Cello,615.00,1,2024-06-15,Mumbai
ORD17183,CUST1471,PRD210,Fashion,Sparx,599.00,1,2024-06-15,Hyderabad
ORD17184,CUST604,PRD407,Sports,Puma,235.00,2,2024-06-15,Pune
ORD17185,CUST1370,PRD180,Home & Kitchen,Cello,835.00,1,2024-06-15,Mumbai
ORD17186,CUST1114,PRD420,Sports,Campus,624.00,1,2024-06-16,Hyderabad
ORD17186,CUST1114,PRD429,Electronics,Boult,577.00,1,2024-06-16,Hyderabad
ORD17187,CUST583,PRD298,Home & Kitchen,Borosil,4499.00,1,2024-06-16,Mumbai
ORD17188,CUST962,PRD307,Books,Rupa,1199.00,1,2024-06-16,Delhi
ORD17188,CUST962,PRD068,Fashion,Peter England,1019.00,1,2024-06-16,Delhi
ORD17189,CUST183,PRD521,Beauty,Plum,303.00,1,2024-06-16,Delhi
ORD17190,CUST490,PRD174,Fashion,Bata,1462.00,1,2024-06-16,Ahmedabad
ORD17190,CUST490,PRD103,Fashion,Woodland,1106.00,1,2024-06-16,Ahmedabad
ORD17191,CUST028,PRD397,Sports,Decathlon,1292.00,1,2024-06-16,Mumbai
ORD17192,CUST440,PRD092,Beauty,Maybelline,184.00,1,2024-06-16,Hyderabad
ORD17193,CUST1038,PRD030,Electronics,Mi,1686.00,1,2024-06-16,Mumbai
ORD17194,CUST672,PRD262,Electronics,Apple,3501.00,1,2024-06-16,Bengaluru
ORD17194,CUST672,PRD174,Fashion,Bata,1462.00,2,2024-06-16,Bengaluru
ORD17195,CUST591,PRD076,Sports,Nivia,579.00,1,2024-06-16,Pune
ORD17195,CUST591,PRD055,Beauty,Maybelline,497.00,2,2024-06-16,Pune
ORD17196,CUST506,PRD373,Fashion,Peter England,527.00,1,2024-06-16,Bengaluru
ORD17197,CUST1194,PRD093,Fashion,Woodland,562.00,1,2024-06-16,Hyderabad
ORD17198,CUST666,PRD075,Fashion,Sparx,1008.00,1,2024-06-16,Chennai
ORD17199,CUST752,PRD363,Home & Kitchen,Milton,399.00,2,2024-06-16,Delhi
ORD17200,CUST105,PRD177,Fashion,Allen Solly,640.00,2,2024-06-16,Mumbai
ORD17200,CUST105,PRD367,Electronics,Realme,505.00,1,2024-06-16,Mumbai
ORD17200,CUST105,PRD453,Home & Kitchen,Milton,1220.00,1,2024-06-16,Mumbai
ORD17201,CUST907,PRD437,Beauty,Himalaya,333.00,3,2024-06-16,Mumbai
ORD17202,CUST069,PRD174,Fashion,Bata,1462.00,1,2024-06-16,Mumbai
ORD17203,CUST328,PRD036,Electronics,JBL,313.00,4,2024-06-16,Ahmedabad
ORD17204,CUST417,PRD225,Electronics,Samsung,469.00,4,2024-06-16,Mumbai
ORD17205,CUST974,PRD316,Home & Kitchen,Milton,458.00,4,2024-06-16,Ahmedabad
ORD17206,CUST1165,PRD097,Beauty,Plum,617.00,2,2024-06-16,Mumbai
ORD17206,CUST1165,PRD225,Electronics,Samsung,469.00,3,2024-06-16,Mumbai
ORD17207,CUST437,PRD519,Sports,Adidas,826.00,1,2024-06-16,Delhi
ORD17208,CUST603,PRD381,Fashion,Peter England,406.00,2,2024-06-16,Mumbai
ORD17209,CUST1206,PRD522,Fashion,Woodland,302.00,1,2024-06-16,Bengaluru
ORD17209,CUST1206,PRD500,Electronics,Samsung,18999.00,1,2024-06-16,Bengaluru
ORD17209,CUST1206,PRD538,Sports,Nivia,347.00,3,2024-06-16,Bengaluru
ORD17210,CUST084,PRD439,Electronics,Boat,394.00,3,2024-06-16,Delhi
ORD17211,CUST898,PRD137,Home & Kitchen,Wonderchef,737.00,3,2024-06-16,Kolkata
ORD17211,CUST898,PRD194,Electronics,Apple,821.00,1,2024-06-16,Kolkata
ORD17212,CUST910,PRD163,Electronics,Realme,1801.00,1,2024-06-16,Bengaluru
ORD17213,CUST1303,PRD225,Electronics,Samsung,469.00,2,2024-06-16,Chennai
ORD17214,CUST283,PRD129,Home & Kitchen,Pigeon,728.00,1,2024-06-16,Delhi
ORD17215,CUST823,PRD359,Home & Kitchen,Milton,1125.00,1,2024-06-16,Mumbai
ORD17216,CUST1031,PRD204,Electronics,Boat,1299.00,1,2024-06-16,Hyderabad
ORD17217,CUST904,PRD225,Electronics,Samsung,469.00,2,2024-06-16,Ahmedabad
ORD17218,CUST530,PRD461,Fashion,Peter England,1071.00,1,2024-06-16,Pune
ORD17219,CUST562,PRD340,Fashion,Peter England,1499.00,3,2024-06-16,Bengaluru
ORD17219,CUST562,PRD043,Electronics,Samsung,1615.00,2,2024-06-16,Bengaluru
ORD17220,CUST132,PRD354,Electronics,Apple,474.00,4,2024-06-16,Chennai
ORD17221,CUST1226,PRD162,Beauty,Nivea,177.00,1,2024-06-16,Bengaluru
ORD17222,CUST1154,PRD588,Electronics,JBL,3249.00,1,2024-06-16,Bengaluru
ORD17222,CUST1154,PRD118,Home & Kitchen,Hawkins,2389.00,1,2024-06-16,Bengaluru
ORD17222,CUST1154,PRD361,Fashion,Allen Solly,1073.00,2,2024-06-16,Bengaluru
ORD17223,CUST894,PRD247,Sports,Campus,1130.00,2,2024-06-16,Mumbai
ORD17224,CUST1382,PRD030,Electronics,Mi,1686.00,2,2024-06-16,Bengaluru
ORD17224,CUST1382,PRD444,Electronics,Samsung,346.00,3,2024-06-16,Bengaluru
ORD17225,CUST811,PRD140,Home & Kitchen,Prestige,2499.00,1,2024-06-16,Kolkata
ORD17226,CUST589,PRD535,Fashion,Bata,670.00,1,2024-06-16,Delhi
ORD17227,CUST635,PRD471,Home & Kitchen,Pigeon,1156.00,1,2024-06-16,Chennai
ORD17228,CUST1337,PRD197,Sports,Cosco,3499.00,1,2024-06-16,Pune
ORD17229,CUST128,PRD553,Books,Rupa,163.00,6,2024-06-16,Delhi
ORD17229,CUST128,PRD307,Books,,1199.00,2,2024-06-16,Delhi
ORD17229,CUST128,PRD006,Beauty,Lakme,160.00,2,2024-06-16,Delhi
ORD17230,CUST512,PRD403,Books,Rupa,201.00,4,2024-06-16,Bengaluru
ORD17231,CUST313,PRD444,Electronics,Samsung,346.00,5,2024-06-16,Bengaluru
ORD17232,CUST1367,PRD019,Fashion,Woodland,707.00,1,2024-06-17,Bengaluru
ORD17233,CUST676,PRD115,Fashion,Woodland,547.00,2,2024-06-17,Pune
ORD17234,CUST1329,PRD103,Fashion,Woodland,1106.00,3,2024-06-17,Hyderabad
ORD17235,CUST360,PRD338,Fashion,Sparx,711.00,1,2024-06-17,Pune
ORD17236,CUST549,PRD521,Beauty,Plum,303.00,2,2024-06-17,Delhi
ORD17236,CUST549,PRD409,Sports,Yonex,1739.00,1,2024-06-17,Delhi
ORD17237,CUST699,PRD333,Home & Kitchen,Wonderchef,422.00,4,2024-06-17,Kolkata
ORD17238,CUST119,PRD501,Electronics,Realme,1499.00,1,2024-06-17,Mumbai
ORD17238,CUST119,PRD443,Fashion,Puma,437.00,1,2024-06-17,Mumbai
ORD17239,CUST1015,PRD035,Home & Kitchen,Hawkins,438.00,5,2024-06-17,Pune
ORD17240,CUST821,PRD385,Electronics,OnePlus,2378.00,1,2024-06-17,Hyderabad
ORD17241,CUST1181,PRD391,Fashion,Bata,1999.00,1,2024-06-17,Chennai
ORD17241,CUST1181,PRD400,Fashion,Sparx,1492.00,1,2024-06-17,Chennai
ORD17242,CUST1243,PRD040,Electronics,Apple,817.00,1,2024-06-17,Hyderabad
ORD17242,CUST1243,PRD385,Electronics,OnePlus,2378.00,1,2024-06-17,Hyderabad
ORD17243,CUST601,PRD064,Electronics,Noise,539.00,1,2024-06-17,Mumbai
ORD17244,CUST309,PRD599,Electronics,Samsung,1030.00,1,2024-06-17,Chennai
ORD17244,CUST309,PRD056,Home & Kitchen,Milton,1613.00,1,2024-06-17,Chennai
ORD17245,CUST100,PRD536,Home & Kitchen,Butterfly,4499.00,1,2024-06-17,Mumbai
ORD17245,CUST100,PRD163,Electronics,Realme,1801.00,2,2024-06-17,Mumbai
ORD17245,CUST100,PRD340,Fashion,Peter England,1499.00,1,2024-06-17,Mumbai
ORD17246,CUST067,PRD025,Beauty,Nivea,157.00,6,2024-06-17,Mumbai
ORD17246,CUST067,PRD234,Fashion,Bata,484.00,3,2024-06-17,Mumbai
ORD17246,CUST067,PRD228,Electronics,Realme,1737.00,1,2024-06-17,Mumbai
ORD17246,CUST067,PRD483,Beauty,Lakme,162.00,3,2024-06-17,Mumbai
ORD17247,CUST896,PRD464,Books,Bloomsbury,502.00,1,2024-06-17,Hyderabad
ORD17248,CUST1139,PRD232,Fashion,Biba,822.00,2,2024-06-17,Chennai
ORD17248,CUST1139,PRD524,Beauty,Himalaya,249.00,1,2024-06-17,Chennai
ORD17248,CUST1139,PRD431,Home & Kitchen,Wonderchef,798.00,1,2024-06-17,Chennai
ORD17249,CUST348,PRD407,Sports,Puma,235.00,1,2024-06-17,Mumbai
ORD17250,CUST096,PRD536,Home & Kitchen,Butterfly,4499.00,1,2024-06-17,Delhi
ORD17250,CUST096,PRD262,Electronics,Apple,3501.00,1,2024-06-17,Delhi
ORD17251,CUST1266,PRD225,Electronics,Samsung,469.00,1,2024-06-17,Mumbai
ORD17252,CUST1025,PRD521,Beauty,Plum,303.00,6,2024-06-17,Kolkata
ORD17252,CUST1025,PRD563,Electronics,Samsung,443.00,3,2024-06-17,Kolkata
ORD17253,CUST1403,PRD245,Sports,Nike,3495.00,1,2024-06-17,Kolkata
ORD17253,CUST1403,PRD498,Fashion,Levis,2999.00,1,2024-06-17,Kolkata
ORD17254,CUST1455,PRD498,Fashion,Levis,2999.00,1,2024-06-17,Hyderabad
ORD17255,CUST1154,PRD240,Home & Kitchen,Pigeon,1232.00,1,2024-06-17,Bengaluru
ORD17256,CUST1222,PRD407,Sports,Puma,235.00,1,2024-06-17,Kolkata
ORD17257,CUST1102,PRD284,Electronics,OnePlus,1929.00,2,2024-06-17,Delhi
ORD17258,CUST269,PRD163,Electronics,Realme,1801.00,3,2024-06-17,Mumbai
ORD17258,CUST269,PRD558,Sports,Adidas,858.00,1,2024-06-17,Mumbai
ORD17259,CUST181,PRD437,Beauty,Himalaya,333.00,1,2024-06-17,Chennai
ORD17260,CUST824,PRD090,Fashion,Biba,621.00,1,2024-06-17,Bengaluru
ORD17261,CUST069,PRD549,Fashion,Biba,767.00,2,2024-06-17,Mumbai
ORD17261,CUST069,PRD110,Home & Kitchen,Cello,1832.00,2,2024-06-17,Mumbai
ORD17262,CUST879,PRD025,Beauty,Nivea,157.00,2,2024-06-17,Mumbai
ORD17262,CUST879,PRD163,Electronics,Realme,1801.00,2,2024-06-17,Mumbai
ORD17263,CUST705,PRD381,Fashion,Peter England,406.00,1,2024-06-17,Bengaluru
ORD17264,CUST857,PRD437,Beauty,Himalaya,333.00,3,2024-06-17,Mumbai
ORD17264,CUST857,PRD225,Electronics,Samsung,469.00,2,2024-06-17,Mumbai
ORD17264,CUST857,PRD163,Electronics,Realme,1801.00,1,2024-06-17,Mumbai
ORD17265,CUST033,PRD238,Home & Kitchen,Borosil,948.00,1,2024-06-17,Kolkata
ORD17266,CUST021,PRD259,Electronics,Realme,1941.00,1,2024-06-17,Pune
ORD17266,CUST021,PRD225,Electronics,Samsung,469.00,2,2024-06-17,Pune
ORD17266,CUST021,PRD444,Electronics,Samsung,346.00,3,2024-06-17,Pune
ORD17267,CUST574,PRD086,Sports,Decathlon,1825.00,1,2024-06-17,Hyderabad
ORD17268,CUST1137,PRD071,Beauty,Himalaya,243.00,3,2024-06-17,Delhi
ORD17269,CUST845,PRD271,Home & Kitchen,Cello,404.00,1,2024-06-17,Pune
ORD17269,CUST845,PRD476,Home & Kitchen,Wonderchef,1186.00,1,2024-06-17,Pune
ORD17270,CUST940,PRD248,Home & Kitchen,Wonderchef,980.00,1,2024-06-17,Delhi
ORD17271,CUST1366,PRD285,Electronics,Sony,613.00,1,2024-06-17,Delhi
ORD17271,CUST1366,PRD091,Home & Kitchen,Cello,349.00,1,2024-06-17,Delhi
ORD17271,CUST1366,PRD138,Beauty,Himalaya,390.00,4,2024-06-17,Delhi
ORD17271,CUST1366,PRD080,Electronics,Realme,1211.00,1,2024-06-17,Delhi
ORD17272,CUST325,PRD357,Home & Kitchen,Milton,918.00,1,2024-06-17,Mumbai
ORD17273,CUST499,PRD108,Sports,Yonex,899.00,1,2024-06-17,Pune
ORD17273,CUST499,PRD137,Home & Kitchen,Wonderchef,737.00,1,2024-06-17,Pune
ORD17274,CUST040,PRD163,Electronics,Realme,1801.00,1,2024-06-17,Bengaluru
ORD17274,CUST040,PRD126,Sports,Decathlon,1107.00,1,2024-06-17,Bengaluru
ORD17275,CUST1212,PRD407,Sports,Puma,235.00,2,2024-06-17,Chennai
ORD17276,CUST180,PRD421,Electronics,Realme,507.00,1,2024-06-17,Delhi
ORD17277,CUST1489,PRD208,Electronics,Boult,7315.00,1,2024-06-17,Pune
ORD17278,CUST099,PRD140,Home & Kitchen,Prestige,2499.00,1,2024-06-18,Mumbai
ORD17279,CUST906,PRD312,Sports,Nike,3499.00,1,2024-06-18,Kolkata
ORD17280,CUST391,PRD059,Home & Kitchen,Wonderchef,592.00,2,2024-06-18,Pune
ORD17281,CUST604,PRD600,Fashion,Allen Solly,763.00,1,2024-06-18,Pune
ORD17282,CUST1429,PRD295,Books,Rupa,420.00,1,2024-06-18,Chennai
ORD17282,CUST1429,PRD522,Fashion,Woodland,302.00,1,2024-06-18,Chennai
ORD17282,CUST1429,PRD371,Beauty,Lakme,268.00,2,2024-06-18,Chennai
ORD17283,CUST886,PRD161,Home & Kitchen,Cello,1367.00,2,2024-06-18,Pune
ORD17283,CUST886,PRD389,Fashion,Biba,1746.00,1,2024-06-18,Pune
ORD17283,CUST886,PRD163,Electronics,Realme,1801.00,1,2024-06-18,Pune
ORD17284,CUST910,PRD122,Sports,Yonex,2499.00,1,2024-06-18,Bengaluru
ORD17285,CUST351,PRD006,Beauty,Lakme,160.00,8,2024-06-18,Bengaluru
ORD17286,CUST1189,PRD272,Electronics,JBL,188.00,5,2024-06-18,Delhi
ORD17286,CUST1189,PRD283,Beauty,Himalaya,318.00,6,2024-06-18,Delhi
ORD17287,CUST975,PRD173,Sports,Cosco,555.00,1,2024-06-18,Hyderabad
ORD17287,CUST975,PRD444,Electronics,Samsung,346.00,1,2024-06-18,Hyderabad
ORD17287,CUST975,PRD340,Fashion,Peter England,1499.00,1,2024-06-18,Hyderabad
ORD17288,CUST1283,PRD488,Beauty,Maybelline,409.00,3,2024-06-18,Chennai
ORD17289,CUST905,PRD433,Home & Kitchen,Pigeon,755.00,1,2024-06-18,Chennai
ORD17290,CUST955,PRD429,Electronics,Boult,577.00,2,2024-06-18,Chennai
ORD17290,CUST955,PRD037,Home & Kitchen,Cello,584.00,2,2024-06-18,Chennai
ORD17290,CUST955,PRD500,Electronics,Samsung,18999.00,1,2024-06-18,Chennai
ORD17291,CUST877,PRD065,Electronics,Sony,211.00,2,2024-06-18,Ahmedabad
ORD17292,CUST927,PRD220,Books,Westland,415.00,4,2024-06-18,Mumbai
ORD17293,CUST898,PRD163,Electronics,Realme,1801.00,1,2024-06-18,Kolkata
ORD17294,CUST635,PRD307,Books,Rupa,1199.00,2,2024-06-18,Chennai
ORD17295,CUST743,PRD070,Home & Kitchen,Wonderchef,1246.00,1,2024-06-18,Pune
ORD17296,CUST667,PRD180,Home & Kitchen,Cello,835.00,2,2024-06-18,Kolkata
ORD17297,CUST203,PRD574,Electronics,Mi,318.00,2,2024-06-18,Mumbai
ORD17298,CUST319,PRD029,Beauty,Lakme,431.00,2,2024-06-18,Delhi
ORD17299,CUST064,PRD356,Electronics,Samsung,211.00,2,2024-06-18,Bengaluru
ORD17299,CUST064,PRD264,Home & Kitchen,Prestige,518.00,2,2024-06-18,Bengaluru
ORD17300,CUST1052,PRD264,Home & Kitchen,Prestige,518.00,1,2024-06-18,Chennai
ORD17301,CUST991,PRD225,Electronics,Samsung,469.00,2,2024-06-18,Mumbai
ORD17302,CUST475,PRD422,Sports,Cosco,864.00,1,2024-06-18,Kolkata
ORD17303,CUST1030,PRD317,Home & Kitchen,Butterfly,2280.00,1,2024-06-18,Mumbai
ORD17303,CUST1030,PRD500,Electronics,Samsung,18999.00,1,2024-06-18,Mumbai
ORD17303,CUST1030,PRD163,Electronics,Realme,1801.00,2,2024-06-18,Mumbai
ORD17303,CUST1030,PRD427,Beauty,Biotique,217.00,2,2024-06-18,Mumbai
ORD17304,CUST292,PRD407,Sports,Puma,235.00,4,2024-06-18,Mumbai
ORD17305,CUST048,PRD574,Electronics,Mi,318.00,1,2024-06-18,Mumbai
ORD17306,CUST1245,PRD410,Electronics,OnePlus,4071.00,1,2024-06-18,Chennai
ORD17307,CUST1481,PRD107,Electronics,JBL,844.00,1,2024-06-18,Kolkata
ORD17307,CUST1481,PRD163,Electronics,Realme,1801.00,2,2024-06-18,Kolkata
ORD17308,CUST689,PRD287,Beauty,Plum,178.00,3,2024-06-18,Delhi
ORD17309,CUST308,PRD227,Home & Kitchen,Hawkins,1799.00,2,2024-06-18,Pune
ORD17309,CUST308,PRD015,Beauty,Plum,264.00,1,2024-06-18,Pune
ORD17309,CUST308,PRD471,Home & Kitchen,Pigeon,1156.00,1,2024-06-18,Pune
ORD17310,CUST724,PRD382,Electronics,Realme,247.00,1,2024-06-18,Chennai
ORD17311,CUST440,PRD521,Beauty,Plum,303.00,2,2024-06-18,Hyderabad
ORD17312,CUST254,PRD471,Home & Kitchen,Pigeon,1156.00,3,2024-06-18,Hyderabad
ORD17313,CUST846,PRD323,Fashion,Woodland,312.00,3,2024-06-18,Delhi
ORD17314,CUST974,PRD521,Beauty,Plum,303.00,2,2024-06-18,Ahmedabad
ORD17315,CUST435,PRD289,Electronics,Boult,826.00,1,2024-06-18,Delhi
ORD17316,CUST172,PRD253,Home & Kitchen,Milton,1106.00,1,2024-06-18,Hyderabad
ORD17316,CUST172,PRD020,Beauty,Maybelline,169.00,3,2024-06-18,Hyderabad
ORD17316,CUST172,PRD129,Home & Kitchen,Pigeon,728.00,1,2024-06-18,Hyderabad
ORD17317,CUST1047,PRD026,Home & Kitchen,Milton,781.00,2,2024-06-18,Mumbai
ORD17318,CUST503,PRD140,Home & Kitchen,Prestige,2499.00,1,2024-06-18,Mumbai
ORD17319,CUST924,PRD263,Electronics,JBL,1847.00,1,2024-06-18,Chennai
ORD17320,CUST089,PRD556,Fashion,Woodland,1340.00,1,2024-06-18,Pune
ORD17321,CUST1165,PRD295,Books,Rupa,420.00,1,2024-06-18,Mumbai
ORD17322,CUST326,PRD381,Fashion,Peter England,406.00,2,2024-06-18,Bengaluru
ORD17322,CUST326,PRD376,Fashion,Sparx,1189.00,1,2024-06-18,Bengaluru
ORD17323,CUST309,PRD444,Electronics,Samsung,346.00,5,2024-06-18,Chennai
ORD17324,CUST1385,PRD463,Beauty,Plum,432.00,3,2024-06-18,Hyderabad
ORD17324,CUST1385,PRD349,Books,Bloomsbury,864.00,1,2024-06-18,Hyderabad
ORD17325,CUST1187,PRD191,Fashion,Levis,651.00,1,2024-06-18,Hyderabad
ORD17325,CUST1187,PRD225,Electronics,Samsung,469.00,2,2024-06-18,Hyderabad
ORD17325,CUST1187,PRD086,Sports,Decathlon,1825.00,1,2024-06-18,Hyderabad
ORD17325,CUST1187,PRD137,Home & Kitchen,Wonderchef,737.00,1,2024-06-18,Hyderabad
ORD17326,CUST558,PRD265,Books,HarperCollins,599.00,1,2024-06-18,Ahmedabad
ORD17327,CUST716,PRD419,Electronics,Boat,849.00,2,2024-06-18,Chennai
ORD17328,CUST1044,PRD530,Home & Kitchen,Prestige,1101.00,1,2024-06-19,Ahmedabad
ORD17329,CUST204,PRD129,Home & Kitchen,Pigeon,728.00,1,2024-06-19,Delhi
ORD17330,CUST355,PRD201,Fashion,Puma,841.00,3,2024-06-19,Ahmedabad
ORD17331,CUST330,PRD485,Electronics,Apple,420.00,2,2024-06-19,Pune
ORD17332,CUST854,PRD596,Electronics,Sony,440.00,1,2024-06-19,Bengaluru
ORD17332,CUST854,PRD337,Electronics,Boult,482.00,1,2024-06-19,Bengaluru
ORD17333,CUST1324,PRD161,Home & Kitchen,Cello,1367.00,1,2024-06-19,Mumbai
ORD17334,CUST711,PRD033,Electronics,Mi,160.00,3,2024-06-19,Ahmedabad
ORD17335,CUST1435,PRD250,Home & Kitchen,Pigeon,1541.00,1,2024-06-19,Bengaluru
ORD17335,CUST1435,PRD324,Fashion,Allen Solly,843.00,3,2024-06-19,Bengaluru
ORD17336,CUST354,PRD147,Home & Kitchen,Borosil,615.00,1,2024-06-19,Hyderabad
ORD17336,CUST354,PRD126,Sports,Decathlon,1107.00,2,2024-06-19,Hyderabad
ORD17336,CUST354,PRD577,Electronics,Mi,1502.00,2,2024-06-19,Hyderabad
ORD17337,CUST130,PRD340,Fashion,Peter England,1499.00,1,2024-06-19,Delhi
ORD17338,CUST622,PRD123,Fashion,Allen Solly,1816.00,1,2024-06-19,Delhi
ORD17338,CUST622,PRD031,Beauty,Lakme,547.00,1,2024-06-19,Delhi
ORD17339,CUST299,PRD223,Electronics,Samsung,450.00,2,2024-06-19,Kolkata
ORD17340,CUST157,PRD070,Home & Kitchen,Wonderchef,1246.00,1,2024-06-19,Delhi
ORD17341,CUST911,PRD529,Beauty,Biotique,234.00,3,2024-06-19,Mumbai
ORD17342,CUST1422,PRD369,Sports,Decathlon,237.00,3,2024-06-19,Delhi
ORD17343,CUST973,PRD433,Home & Kitchen,Pigeon,755.00,1,2024-06-19,Delhi
ORD17344,CUST422,PRD181,Home & Kitchen,Wonderchef,1046.00,2,2024-06-19,Delhi
ORD17344,CUST422,PRD044,Fashion,Woodland,1002.00,3,2024-06-19,Delhi
ORD17344,CUST422,PRD535,Fashion,Bata,670.00,1,2024-06-19,Delhi
ORD17344,CUST422,PRD225,Electronics,Samsung,469.00,3,2024-06-19,Delhi
ORD17345,CUST173,PRD134,Electronics,OnePlus,346.00,1,2024-06-19,Delhi
ORD17346,CUST1446,PRD082,Home & Kitchen,Butterfly,614.00,1,2024-06-19,Mumbai
ORD17347,CUST1429,PRD482,Electronics,Mi,1499.00,1,2024-06-19,Chennai
ORD17347,CUST1429,PRD197,Sports,Cosco,3499.00,2,2024-06-19,Chennai
ORD17347,CUST1429,PRD149,Electronics,Noise,4288.00,1,2024-06-19,Chennai
ORD17348,CUST843,PRD368,Electronics,JBL,955.00,2,2024-06-19,Mumbai
ORD17349,CUST941,PRD030,Electronics,Mi,1686.00,1,2024-06-19,Ahmedabad
ORD17350,CUST758,PRD577,Electronics,Mi,1502.00,1,2024-06-19,Chennai
ORD17350,CUST758,PRD425,Electronics,Realme,1566.00,1,2024-06-19,Chennai
ORD17351,CUST144,PRD012,Home & Kitchen,Cello,615.00,2,2024-06-19,Mumbai
ORD17352,CUST169,PRD480,Sports,Nike,942.00,1,2024-06-19,Hyderabad
ORD17352,CUST169,PRD393,Fashion,Allen Solly,521.00,1,2024-06-19,Hyderabad
ORD17353,CUST1327,PRD137,Home & Kitchen,Wonderchef,737.00,1,2024-06-19,Bengaluru
ORD17354,CUST775,PRD417,Electronics,Boult,467.00,5,2024-06-19,Delhi
ORD17354,CUST775,PRD129,Home & Kitchen,Pigeon,728.00,1,2024-06-19,Delhi
ORD17355,CUST612,PRD225,Electronics,Samsung,469.00,3,2024-06-19,Kolkata
ORD17356,CUST1094,PRD521,Beauty,Plum,303.00,1,2024-06-19,Ahmedabad
ORD17356,CUST1094,PRD439,Electronics,Boat,394.00,1,2024-06-19,Ahmedabad
ORD17357,CUST1388,PRD543,Fashion,Woodland,511.00,2,2024-06-19,Bengaluru
ORD17358,CUST926,PRD215,Sports,Campus,638.00,1,2024-06-19,Delhi
ORD17359,CUST172,PRD027,Fashion,Puma,488.00,2,2024-06-19,Hyderabad
ORD17359,CUST172,PRD434,Home & Kitchen,Cello,2260.00,1,2024-06-19,Hyderabad
ORD17360,CUST765,PRD522,Fashion,Woodland,302.00,3,2024-06-19,Hyderabad
ORD17361,CUST1081,PRD006,Beauty,Lakme,160.00,1,2024-06-19,Hyderabad
ORD17361,CUST1081,PRD533,Beauty,Plum,379.00,5,2024-06-19,Hyderabad
ORD17361,CUST1081,PRD526,Beauty,Plum,712.00,1,2024-06-19,Hyderabad
ORD17361,CUST1081,PRD521,Beauty,Plum,303.00,2,2024-06-19,Hyderabad
ORD17362,CUST504,PRD550,Fashion,Biba,2786.00,1,2024-06-19,Hyderabad
ORD17362,CUST504,PRD073,Electronics,Mi,1540.00,1,2024-06-19,Hyderabad
ORD17362,CUST504,PRD422,Sports,Cosco,864.00,1,2024-06-19,Hyderabad
ORD17363,CUST1255,PRD045,Fashion,Sparx,959.00,1,2024-06-19,Hyderabad
ORD17364,CUST1449,PRD307,Books,Rupa,1199.00,3,2024-06-19,Mumbai
ORD17365,CUST243,PRD515,Fashion,Allen Solly,589.00,1,2024-06-19,Mumbai
ORD17366,CUST830,PRD584,Sports,Nike,202.00,6,2024-06-19,Bengaluru
ORD17367,CUST369,PRD169,Home & Kitchen,Milton,801.00,2,2024-06-19,Chennai
ORD17367,CUST369,PRD427,Beauty,Biotique,217.00,3,2024-06-19,Chennai
ORD17368,CUST805,PRD336,Electronics,Mi,185.00,4,2024-06-19,Delhi
ORD17369,CUST137,PRD384,Fashion,Puma,701.00,1,2024-06-19,Mumbai
ORD17370,CUST714,PRD110,Home & Kitchen,Cello,1832.00,2,2024-06-19,Delhi
ORD17370,CUST714,PRD076,Sports,Nivia,579.00,1,2024-06-19,Delhi
ORD17371,CUST043,PRD079,Fashion,Biba,1249.00,1,2024-06-19,Mumbai
ORD17371,CUST043,PRD574,Electronics,Mi,318.00,4,2024-06-19,Mumbai
ORD17372,CUST626,PRD074,Beauty,Plum,209.00,2,2024-06-19,Mumbai
ORD17373,CUST1161,PRD425,Electronics,Realme,1566.00,1,2024-06-19,Bengaluru
ORD17374,CUST312,PRD072,Books,Aleph,226.00,2,2024-06-20,Delhi
ORD17374,CUST312,PRD071,Beauty,Himalaya,243.00,1,2024-06-20,Delhi
ORD17375,CUST161,PRD096,Electronics,Mi,167.00,3,2024-06-20,Pune
ORD17376,CUST1408,PRD107,Electronics,JBL,844.00,1,2024-06-20,Bengaluru
ORD17376,CUST1408,PRD068,Fashion,Peter England,1019.00,1,2024-06-20,Bengaluru
ORD17377,CUST158,PRD285,Electronics,Sony,613.00,2,2024-06-20,Bengaluru
ORD17378,CUST676,PRD405,Beauty,Maybelline,227.00,3,2024-06-20,Pune
ORD17379,CUST1113,PRD508,Electronics,Sony,1978.00,1,2024-06-20,Kolkata
ORD17380,CUST940,PRD033,Electronics,Mi,160.00,4,2024-06-20,Delhi
ORD17381,CUST628,PRD072,Books,Aleph,226.00,2,2024-06-20,Mumbai
ORD17381,CUST628,PRD452,Home & Kitchen,Wonderchef,462.00,3,2024-06-20,Mumbai
ORD17381,CUST628,PRD010,Beauty,Maybelline,1040.00,3,2024-06-20,Mumbai
ORD17381,CUST628,PRD543,Fashion,Woodland,511.00,1,2024-06-20,Mumbai
ORD17382,CUST062,PRD364,Electronics,Realme,769.00,2,2024-06-20,Mumbai
ORD17382,CUST062,PRD500,Electronics,Samsung,18999.00,1,2024-06-20,Mumbai
ORD17382,CUST062,PRD564,Fashion,Peter England,647.00,1,2024-06-20,Mumbai
ORD17383,CUST845,PRD468,Electronics,Mi,1890.00,1,2024-06-20,Pune
ORD17384,CUST626,PRD361,Fashion,Allen Solly,1073.00,1,2024-06-20,Mumbai
ORD17385,CUST1071,PRD166,Electronics,Boult,1527.00,2,2024-06-20,Hyderabad
ORD17385,CUST1071,PRD423,Home & Kitchen,Pigeon,623.00,1,2024-06-20,Hyderabad
ORD17386,CUST140,PRD225,Electronics,Samsung,469.00,5,2024-06-20,Mumbai
ORD17387,CUST250,PRD560,Electronics,Samsung,2449.00,1,2024-06-20,Delhi
ORD17387,CUST250,PRD347,Fashion,Sparx,873.00,1,2024-06-20,Delhi
ORD17387,CUST250,PRD563,Electronics,Samsung,443.00,2,2024-06-20,Delhi
ORD17387,CUST250,PRD027,Fashion,Puma,488.00,1,2024-06-20,Delhi
ORD17388,CUST100,PRD518,Electronics,Mi,4469.00,1,2024-06-20,Mumbai
ORD17389,CUST087,PRD515,Fashion,Allen Solly,589.00,1,2024-06-20,Mumbai
ORD17389,CUST087,PRD435,Home & Kitchen,Wonderchef,523.00,1,2024-06-20,Mumbai
ORD17390,CUST223,PRD120,Fashion,Biba,650.00,1,2024-06-20,Mumbai
ORD17391,CUST1009,PRD134,Electronics,OnePlus,346.00,3,2024-06-20,Kolkata
ORD17391,CUST1009,PRD588,Electronics,JBL,3249.00,1,2024-06-20,Kolkata
ORD17392,CUST1345,PRD409,Sports,Yonex,1739.00,1,2024-06-20,Pune
ORD17393,CUST123,PRD280,Electronics,Apple,4376.00,1,2024-06-20,Bengaluru
ORD17393,CUST123,PRD080,Electronics,Realme,1211.00,1,2024-06-20,Bengaluru
ORD17393,CUST123,PRD600,Fashion,Allen Solly,763.00,1,2024-06-20,Bengaluru
ORD17394,CUST326,PRD307,Books,Rupa,1199.00,1,2024-06-20,Bengaluru
ORD17395,CUST1473,PRD488,Beauty,Maybelline,409.00,5,2024-06-20,Hyderabad
ORD17396,CUST621,PRD400,Fashion,Sparx,1492.00,1,2024-06-20,Chennai
ORD17397,CUST523,PRD029,Beauty,Lakme,431.00,4,2024-06-20,Mumbai
ORD17398,CUST546,PRD428,Electronics,OnePlus,921.00,1,2024-06-20,Mumbai
ORD17398,CUST546,PRD197,Sports,Cosco,3499.00,1,2024-06-20,Mumbai
ORD17398,CUST546,PRD521,Beauty,Plum,303.00,6,2024-06-20,Mumbai
ORD17398,CUST546,PRD049,Home & Kitchen,Milton,1532.00,1,2024-06-20,Mumbai
ORD17399,CUST196,PRD332,Fashion,Biba,597.00,1,2024-06-20,Kolkata
ORD17400,CUST013,PRD488,Beauty,Maybelline,409.00,2,2024-06-20,Chennai
ORD17401,CUST1181,PRD317,Home & Kitchen,Butterfly,2280.00,1,2024-06-20,Chennai
ORD17402,CUST683,PRD225,Electronics,Samsung,469.00,2,2024-06-20,Mumbai
ORD17402,CUST683,PRD178,Beauty,Maybelline,1099.00,3,2024-06-20,Mumbai
ORD17403,CUST309,PRD292,Home & Kitchen,Cello,2099.00,1,2024-06-20,Chennai
ORD17404,CUST538,PRD401,Electronics,Realme,1790.00,1,2024-06-20,Mumbai
ORD17404,CUST538,PRD054,Sports,Nike,1327.00,1,2024-06-20,Mumbai
ORD17405,CUST1487,PRD076,Sports,Nivia,579.00,1,2024-06-20,Ahmedabad
ORD17406,CUST325,PRD412,Electronics,Boult,1199.00,2,2024-06-20,Mumbai
ORD17407,CUST1241,PRD240,Home & Kitchen,Pigeon,1232.00,1,2024-06-20,Delhi
ORD17408,CUST711,PRD438,Electronics,Realme,1087.00,1,2024-06-20,Ahmedabad
ORD17409,CUST1275,PRD600,Fashion,Allen Solly,763.00,1,2024-06-20,Delhi
ORD17410,CUST1263,PRD333,Home & Kitchen,Wonderchef,422.00,6,2024-06-21,Mumbai
ORD17411,CUST119,PRD027,Fashion,Puma,488.00,6,2024-06-21,Mumbai
ORD17411,CUST119,PRD197,Sports,Cosco,3499.00,1,2024-06-21,Mumbai
ORD17412,CUST885,PRD034,Electronics,Noise,150.00,2,2024-06-21,Chennai
ORD17412,CUST885,PRD584,Sports,Nike,202.00,3,2024-06-21,Chennai
ORD17412,CUST885,PRD568,Fashion,Sparx,1466.00,1,2024-06-21,Chennai
ORD17413,CUST269,PRD471,Home & Kitchen,Pigeon,1156.00,2,2024-06-21,Mumbai
ORD17414,CUST1185,PRD128,Books,Rupa,218.00,1,2024-06-21,Bengaluru
ORD17414,CUST1185,PRD295,Books,Rupa,420.00,5,2024-06-21,Bengaluru
ORD17414,CUST1185,PRD180,Home & Kitchen,Cello,835.00,1,2024-06-21,Bengaluru
ORD17415,CUST128,PRD581,Fashion,Woodland,637.00,1,2024-06-21,Delhi
ORD17415,CUST128,PRD293,Fashion,Levis,499.00,1,2024-06-21,Delhi
ORD17415,CUST128,PRD261,Fashion,Sparx,324.00,1,2024-06-21,Delhi
ORD17415,CUST128,PRD294,Electronics,Mi,615.00,2,2024-06-21,Delhi
ORD17416,CUST1435,PRD237,Electronics,Mi,1210.00,1,2024-06-21,Bengaluru
ORD17416,CUST1435,PRD475,Fashion,Peter England,1447.00,1,2024-06-21,Bengaluru
ORD17417,CUST1113,PRD006,Beauty,Lakme,160.00,4,2024-06-21,Kolkata
ORD17418,CUST181,PRD357,Home & Kitchen,Milton,918.00,2,2024-06-21,Chennai
ORD17419,CUST015,PRD203,Sports,Campus,720.00,3,2024-06-21,Delhi
ORD17420,CUST409,PRD586,Fashion,Biba,738.00,1,2024-06-21,Mumbai
ORD17420,CUST409,PRD050,Fashion,Allen Solly,312.00,1,2024-06-21,Mumbai
ORD17421,CUST1181,PRD289,Electronics,Boult,826.00,1,2024-06-21,Chennai
ORD17422,CUST161,PRD094,Books,Rupa,415.00,3,2024-06-21,Pune
ORD17422,CUST161,PRD381,Fashion,Peter England,406.00,2,2024-06-21,Pune
ORD17423,CUST1355,PRD057,Electronics,Sony,1157.00,1,2024-06-21,Hyderabad
ORD17424,CUST1203,PRD135,Books,Westland,243.00,2,2024-06-21,Bengaluru
ORD17425,CUST047,PRD054,Sports,Nike,1327.00,1,2024-06-21,Chennai
ORD17425,CUST047,PRD525,Books,Bloomsbury,699.00,3,2024-06-21,Chennai
ORD17426,CUST140,PRD550,Fashion,Biba,2786.00,1,2024-06-21,Mumbai
ORD17427,CUST142,PRD295,Books,Rupa,420.00,1,2024-06-21,Delhi
ORD17427,CUST142,PRD563,Electronics,Samsung,443.00,6,2024-06-21,Delhi
ORD17428,CUST363,PRD073,Electronics,Mi,1540.00,1,2024-06-21,Hyderabad
ORD17428,CUST363,PRD595,Fashion,Sparx,934.00,2,2024-06-21,Hyderabad
ORD17428,CUST363,PRD500,Electronics,Samsung,18999.00,1,2024-06-21,Hyderabad
ORD17428,CUST363,PRD140,Home & Kitchen,Prestige,2499.00,1,2024-06-21,Hyderabad
ORD17429,CUST1026,PRD444,Electronics,Samsung,346.00,1,2024-06-21,Mumbai
ORD17430,CUST1388,PRD518,Electronics,Mi,4469.00,1,2024-06-21,Bengaluru
ORD17431,CUST1089,PRD321,Beauty,Himalaya,237.00,1,2024-06-21,Kolkata
ORD17432,CUST1326,PRD426,Beauty,Biotique,492.00,3,2024-06-21,Delhi
ORD17433,CUST778,PRD054,Sports,Nike,1327.00,2,2024-06-21,Chennai
ORD17434,CUST088,PRD295,Books,Rupa,420.00,1,2024-06-21,Delhi
ORD17435,CUST711,PRD102,Sports,Cosco,569.00,1,2024-06-22,Ahmedabad
ORD17436,CUST1274,PRD401,Electronics,Realme,1790.00,1,2024-06-22,Bengaluru
ORD17437,CUST291,PRD555,Electronics,Boult,2277.00,1,2024-06-22,Mumbai
ORD17438,CUST565,PRD449,Sports,Decathlon,1146.00,2,2024-06-22,Hyderabad
ORD17439,CUST641,PRD333,Home & Kitchen,Wonderchef,422.00,8,2024-06-22,Hyderabad
ORD17439,CUST641,PRD328,Books,Westland,163.00,1,2024-06-22,Hyderabad
ORD17440,CUST886,PRD410,Electronics,OnePlus,4071.00,1,2024-06-22,Pune
ORD17441,CUST1324,PRD140,Home & Kitchen,Prestige,2499.00,1,2024-06-22,Mumbai
ORD17442,CUST484,PRD385,Electronics,OnePlus,2378.00,2,2024-06-22,Chennai
ORD17443,CUST1475,PRD240,Home & Kitchen,Pigeon,1232.00,1,2024-06-22,Bengaluru
ORD17443,CUST1475,PRD506,Fashion,Allen Solly,745.00,1,2024-06-22,Bengaluru
ORD17444,CUST1340,PRD392,Home & Kitchen,,1205.00,1,2024-06-22,Bengaluru
ORD17445,CUST1049,PRD180,Home & Kitchen,Cello,835.00,1,2024-06-22,Hyderabad
ORD17446,CUST618,PRD093,Fashion,Woodland,562.00,2,2024-06-22,Mumbai
ORD17446,CUST618,PRD444,Electronics,Samsung,346.00,5,2024-06-22,Mumbai
ORD17446,CUST618,PRD107,Electronics,JBL,844.00,1,2024-06-22,Mumbai
ORD17447,CUST096,PRD577,Electronics,Mi,1502.00,2,2024-06-22,Delhi
ORD17447,CUST096,PRD533,Beauty,Plum,379.00,3,2024-06-22,Delhi
ORD17448,CUST795,PRD343,Home & Kitchen,Hawkins,805.00,2,2024-06-22,Bengaluru
ORD17448,CUST795,PRD176,Home & Kitchen,Borosil,459.00,1,2024-06-22,Bengaluru
ORD17449,CUST574,PRD247,Sports,Campus,1130.00,1,2024-06-22,Hyderabad
ORD17450,CUST168,PRD393,Fashion,Allen Solly,521.00,1,2024-06-22,Delhi
ORD17450,CUST168,PRD162,Beauty,Nivea,177.00,1,2024-06-22,Delhi
ORD17450,CUST168,PRD285,Electronics,Sony,613.00,1,2024-06-22,Delhi
ORD17450,CUST168,PRD013,Fashion,Biba,2499.00,1,2024-06-22,Delhi
ORD17451,CUST1392,PRD453,Home & Kitchen,Milton,1220.00,1,2024-06-22,Delhi
ORD17451,CUST1392,PRD538,Sports,Nivia,347.00,3,2024-06-22,Delhi
ORD17452,CUST469,PRD420,Sports,Campus,624.00,2,2024-06-22,Pune
ORD17453,CUST1295,PRD452,Home & Kitchen,Wonderchef,462.00,2,2024-06-22,Chennai
ORD17454,CUST204,PRD140,Home & Kitchen,Prestige,2499.00,1,2024-06-22,Delhi
ORD17455,CUST680,PRD476,Home & Kitchen,Wonderchef,1186.00,1,2024-06-22,Bengaluru
ORD17456,CUST537,PRD525,Books,Bloomsbury,699.00,1,2024-06-22,Pune
ORD17457,CUST1010,PRD204,Electronics,Boat,1299.00,1,2024-06-22,Pune
ORD17457,CUST1010,PRD500,Electronics,Samsung,18999.00,1,2024-06-22,Pune
ORD17458,CUST1466,PRD226,Electronics,Sony,413.00,1,2024-06-22,Chennai
ORD17459,CUST138,PRD197,Sports,Cosco,3499.00,1,2024-06-22,Hyderabad
ORD17460,CUST555,PRD195,Books,Bloomsbury,599.00,1,2024-06-22,Pune
ORD17461,CUST1243,PRD322,Sports,Puma,1255.00,3,2024-06-22,Hyderabad
ORD17462,CUST570,PRD340,Fashion,Peter England,1499.00,2,2024-06-22,Hyderabad
ORD17463,CUST1134,PRD258,Books,Aleph,364.00,3,2024-06-22,Mumbai
ORD17464,CUST630,PRD026,Home & Kitchen,Milton,781.00,1,2024-06-22,Hyderabad
ORD17465,CUST499,PRD113,Fashion,Levis,2999.00,1,2024-06-22,Pune
ORD17465,CUST499,PRD255,Books,Rupa,223.00,1,2024-06-22,Pune
ORD17466,CUST598,PRD535,Fashion,Bata,670.00,1,2024-06-22,Delhi
ORD17466,CUST598,PRD498,Fashion,Levis,2999.00,1,2024-06-22,Delhi
ORD17466,CUST598,PRD177,Fashion,Allen Solly,640.00,2,2024-06-22,Delhi
ORD17466,CUST598,PRD560,Electronics,Samsung,2449.00,1,2024-06-22,Delhi
ORD17467,CUST1493,PRD208,Electronics,Boult,7315.00,1,2024-06-22,Mumbai
ORD17468,CUST1355,PRD439,Electronics,Boat,394.00,3,2024-06-22,Hyderabad
ORD17468,CUST1355,PRD079,Fashion,Biba,1249.00,2,2024-06-22,Hyderabad
ORD17469,CUST1189,PRD035,Home & Kitchen,Hawkins,438.00,3,2024-06-22,Delhi
ORD17470,CUST278,PRD134,Electronics,OnePlus,346.00,3,2024-06-22,Mumbai
ORD17471,CUST1036,PRD401,Electronics,Realme,1790.00,2,2024-06-22,Delhi
ORD17472,CUST087,PRD357,Home & Kitchen,Milton,918.00,1,2024-06-22,Mumbai
ORD17473,CUST494,PRD077,Electronics,Samsung,3801.00,1,2024-06-23,Mumbai
ORD17473,CUST494,PRD572,Electronics,Apple,1534.00,1,2024-06-23,Mumbai
ORD17474,CUST1178,PRD065,Electronics,Sony,211.00,2,2024-06-23,Bengaluru
ORD17475,CUST122,PRD163,Electronics,Realme,1801.00,1,2024-06-23,Delhi
ORD17475,CUST122,PRD385,Electronics,OnePlus,2378.00,1,2024-06-23,Delhi
ORD17475,CUST122,PRD417,Electronics,Boult,467.00,2,2024-06-23,Delhi
ORD17476,CUST1366,PRD563,Electronics,Samsung,443.00,6,2024-06-23,Delhi
ORD17476,CUST1366,PRD140,Home & Kitchen,Prestige,2499.00,2,2024-06-23,Delhi
ORD17477,CUST956,PRD204,Electronics,Boat,1299.00,1,2024-06-23,Mumbai
ORD17478,CUST204,PRD112,Beauty,Lakme,628.00,1,2024-06-23,Delhi
ORD17478,CUST204,PRD134,Electronics,OnePlus,346.00,4,2024-06-23,Delhi
ORD17478,CUST204,PRD219,Beauty,Nivea,480.00,1,2024-06-23,Delhi
ORD17479,CUST1457,PRD381,Fashion,Peter England,406.00,1,2024-06-23,Delhi
ORD17479,CUST1457,PRD548,Electronics,Boult,2691.00,2,2024-06-23,Delhi
ORD17479,CUST1457,PRD104,Home & Kitchen,Butterfly,875.00,2,2024-06-23,Delhi
ORD17480,CUST746,PRD228,Electronics,Realme,1737.00,2,2024-06-23,Mumbai
ORD17480,CUST746,PRD107,Electronics,JBL,844.00,1,2024-06-23,Mumbai
ORD17481,CUST902,PRD007,Books,HarperCollins,336.00,2,2024-06-23,Hyderabad
ORD17481,CUST902,PRD204,Electronics,Boat,1299.00,3,2024-06-23,Hyderabad
ORD17482,CUST138,PRD361,Fashion,Allen Solly,1073.00,1,2024-06-23,Hyderabad
ORD17482,CUST138,PRD476,Home & Kitchen,Wonderchef,1186.00,3,2024-06-23,Hyderabad
ORD17483,CUST962,PRD468,Electronics,Mi,1890.00,1,2024-06-23,Delhi
ORD17483,CUST962,PRD410,Electronics,OnePlus,4071.00,1,2024-06-23,Delhi
ORD17484,CUST952,PRD471,Home & Kitchen,Pigeon,1156.00,1,2024-06-23,Bengaluru
ORD17484,CUST952,PRD204,Electronics,Boat,1299.00,1,2024-06-23,Bengaluru
ORD17484,CUST952,PRD324,Fashion,Allen Solly,843.00,1,2024-06-23,Bengaluru
ORD17485,CUST859,PRD244,Books,Westland,441.00,1,2024-06-23,Hyderabad
ORD17486,CUST461,PRD153,Electronics,Apple,1631.00,2,2024-06-23,Delhi
ORD17487,CUST1237,PRD391,Fashion,Bata,1999.00,1,2024-06-23,Hyderabad
ORD17488,CUST514,PRD535,Fashion,Bata,670.00,1,2024-06-23,Bengaluru
ORD17489,CUST1405,PRD521,Beauty,Plum,303.00,1,2024-06-23,Bengaluru
ORD17489,CUST1405,PRD444,Electronics,Samsung,346.00,1,2024-06-23,Bengaluru
ORD17490,CUST284,PRD461,Fashion,Peter England,1071.00,3,2024-06-23,Delhi
ORD17491,CUST597,PRD219,Beauty,Nivea,480.00,5,2024-06-23,Bengaluru
ORD17491,CUST597,PRD563,Electronics,Samsung,443.00,1,2024-06-23,Bengaluru
ORD17492,CUST212,PRD354,Electronics,Apple,474.00,5,2024-06-23,Bengaluru
ORD17492,CUST212,PRD500,Electronics,Samsung,18999.00,1,2024-06-23,Bengaluru
ORD17492,CUST212,PRD502,Electronics,Boult,1312.00,1,2024-06-23,Bengaluru
ORD17493,CUST439,PRD090,Fashion,Biba,621.00,1,2024-06-23,Mumbai
ORD17494,CUST422,PRD197,Sports,Cosco,3499.00,1,2024-06-23,Delhi
ORD17494,CUST422,PRD528,Books,Bloomsbury,1299.00,1,2024-06-23,Delhi
ORD17494,CUST422,PRD188,Fashion,Bata,799.00,1,2024-06-23,Delhi
ORD17495,CUST249,PRD215,Sports,Campus,638.00,1,2024-06-23,Hyderabad
ORD17496,CUST520,PRD284,Electronics,OnePlus,1929.00,1,2024-06-23,Pune
ORD17497,CUST198,PRD452,Home & Kitchen,Wonderchef,462.00,1,2024-06-23,Ahmedabad
ORD17498,CUST1261,PRD174,Fashion,Bata,1462.00,1,2024-06-23,Mumbai
ORD17498,CUST1261,PRD197,Sports,Cosco,3499.00,1,2024-06-23,Mumbai
ORD17498,CUST1261,PRD139,Fashion,Woodland,566.00,1,2024-06-23,Mumbai
ORD17499,CUST1156,PRD097,Beauty,Plum,617.00,1,2024-06-23,Chennai
ORD17499,CUST1156,PRD508,Electronics,Sony,1978.00,1,2024-06-23,Chennai
ORD17499,CUST1156,PRD207,Beauty,Maybelline,467.00,2,2024-06-23,Chennai
ORD17500,CUST512,PRD436,Sports,Nivia,2199.00,1,2024-06-23,Bengaluru
ORD17500,CUST512,PRD337,Electronics,Boult,482.00,1,2024-06-23,Bengaluru
ORD17500,CUST512,PRD236,Home & Kitchen,Butterfly,1329.00,1,2024-06-23,Bengaluru
ORD17500,CUST512,PRD376,Fashion,Sparx,1189.00,1,2024-06-23,Bengaluru
ORD17501,CUST1386,PRD525,Books,Bloomsbury,699.00,1,2024-06-23,Delhi
ORD17502,CUST406,PRD395,Beauty,Maybelline,618.00,1,2024-06-23,Bengaluru
ORD17503,CUST025,PRD443,Fashion,Puma,437.00,1,2024-06-23,Mumbai
ORD17504,CUST674,PRD018,Fashion,Puma,418.00,1,2024-06-23,Mumbai
ORD17504,CUST674,PRD595,Fashion,Sparx,934.00,1,2024-06-23,Mumbai
ORD17504,CUST674,PRD163,Electronics,Realme,1801.00,1,2024-06-23,Mumbai
ORD17504,CUST674,PRD215,Sports,Campus,638.00,1,2024-06-23,Mumbai
ORD17505,CUST618,PRD186,Beauty,Himalaya,288.00,2,2024-06-23,Mumbai
ORD17506,CUST628,PRD128,Books,Rupa,218.00,2,2024-06-23,Mumbai
ORD17507,CUST105,PRD563,Electronics,Samsung,443.00,1,2024-06-23,Mumbai
ORD17507,CUST105,PRD126,Sports,Decathlon,1107.00,1,2024-06-23,Mumbai
ORD17508,CUST977,PRD410,Electronics,OnePlus,4071.00,1,2024-06-23,Mumbai
ORD17509,CUST227,PRD221,Fashion,Levis,2199.00,1,2024-06-23,Mumbai
ORD17510,CUST1194,PRD299,Home & Kitchen,Borosil,457.00,1,2024-06-23,Hyderabad
ORD17510,CUST1194,PRD030,Electronics,Mi,1686.00,1,2024-06-23,Hyderabad
ORD17511,CUST743,PRD381,Fashion,Peter England,406.00,2,2024-06-23,Pune
ORD17511,CUST743,PRD238,Home & Kitchen,Borosil,948.00,1,2024-06-23,Pune
ORD17512,CUST641,PRD310,Sports,Decathlon,2499.00,1,2024-06-23,Hyderabad
ORD17513,CUST1276,PRD536,Home & Kitchen,Butterfly,4499.00,1,2024-06-23,Bengaluru
ORD17513,CUST1276,PRD129,Home & Kitchen,Pigeon,728.00,1,2024-06-23,Bengaluru
ORD17513,CUST1276,PRD272,Electronics,JBL,188.00,2,2024-06-23,Bengaluru
ORD17514,CUST857,PRD318,Books,Westland,448.00,1,2024-06-23,Mumbai
ORD17514,CUST857,PRD543,Fashion,Woodland,511.00,1,2024-06-23,Mumbai
ORD17515,CUST194,PRD129,Home & Kitchen,Pigeon,728.00,1,2024-06-23,Mumbai
ORD17516,CUST052,PRD480,Sports,Nike,942.00,1,2024-06-23,Hyderabad
ORD17517,CUST579,PRD014,Sports,Yonex,1280.00,1,2024-06-23,Chennai
ORD17518,CUST1138,PRD469,Fashion,Puma,616.00,3,2024-06-23,Hyderabad
ORD17519,CUST015,PRD554,Home & Kitchen,Borosil,403.00,4,2024-06-23,Delhi
ORD17520,CUST945,PRD409,Sports,Yonex,1739.00,1,2024-06-23,Bengaluru
ORD17520,CUST945,PRD486,Electronics,Sony,907.00,2,2024-06-23,Bengaluru
ORD17521,CUST1367,PRD577,Electronics,Mi,1502.00,1,2024-06-23,Bengaluru
ORD17521,CUST1367,PRD381,Fashion,Peter England,406.00,6,2024-06-23,Bengaluru
ORD17522,CUST1294,PRD225,Electronics,Samsung,469.00,1,2024-06-23,Kolkata
ORD17523,CUST571,PRD410,Electronics,OnePlus,4071.00,1,2024-06-23,Delhi
ORD17523,CUST571,PRD079,Fashion,Biba,1249.00,1,2024-06-23,Delhi
ORD17524,CUST965,PRD225,Electronics,Samsung,469.00,2,2024-06-23,Mumbai
ORD17525,CUST095,PRD246,Sports,Decathlon,256.00,2,2024-06-23,Hyderabad
ORD17526,CUST512,PRD029,Beauty,Lakme,431.00,1,2024-06-24,Bengaluru
ORD17527,CUST357,PRD295,Books,Rupa,420.00,1,2024-06-24,Delhi
ORD17527,CUST357,PRD443,Fashion,Puma,437.00,5,2024-06-24,Delhi
ORD17527,CUST357,PRD266,Beauty,Himalaya,637.00,2,2024-06-24,Delhi
ORD17527,CUST357,PRD369,Sports,Decathlon,237.00,2,2024-06-24,Delhi
ORD17528,CUST1275,PRD475,Fashion,Peter England,1447.00,2,2024-06-24,Delhi
ORD17528,CUST1275,PRD565,Electronics,Samsung,941.00,2,2024-06-24,Delhi
ORD17529,CUST499,PRD291,Fashion,Woodland,831.00,1,2024-06-24,Pune
ORD17529,CUST499,PRD264,Home & Kitchen,Prestige,518.00,2,2024-06-24,Pune
ORD17530,CUST809,PRD554,Home & Kitchen,Borosil,403.00,2,2024-06-24,Mumbai
ORD17531,CUST099,PRD120,Fashion,Biba,650.00,1,2024-06-24,Mumbai
ORD17532,CUST1487,PRD225,Electronics,Samsung,469.00,3,2024-06-24,Ahmedabad
ORD17533,CUST1002,PRD019,Fashion,Woodland,707.00,1,2024-06-24,Mumbai
ORD17533,CUST1002,PRD534,Fashion,Biba,1872.00,1,2024-06-24,Mumbai
ORD17534,CUST562,PRD391,Fashion,Bata,1999.00,1,2024-06-24,Bengaluru
ORD17535,CUST414,PRD480,Sports,Nike,942.00,2,2024-06-24,Ahmedabad
ORD17535,CUST414,PRD282,Fashion,Levis,846.00,1,2024-06-24,Ahmedabad
ORD17535,CUST414,PRD128,Books,Rupa,218.00,1,2024-06-24,Ahmedabad
ORD17536,CUST570,PRD245,Sports,Nike,3495.00,1,2024-06-24,Hyderabad
ORD17537,CUST1337,PRD343,Home & Kitchen,Hawkins,805.00,1,2024-06-24,Pune
ORD17538,CUST936,PRD173,Sports,Cosco,555.00,1,2024-06-24,Bengaluru
ORD17538,CUST936,PRD555,Electronics,Boult,2277.00,1,2024-06-24,Bengaluru
ORD17539,CUST1403,PRD452,Home & Kitchen,Wonderchef,462.00,1,2024-06-24,Kolkata
ORD17539,CUST1403,PRD195,Books,Bloomsbury,599.00,1,2024-06-24,Kolkata
ORD17540,CUST1382,PRD256,Fashion,Biba,546.00,3,2024-06-24,Bengaluru
ORD17541,CUST544,PRD498,Fashion,Levis,2999.00,1,2024-06-24,Chennai
ORD17542,CUST1157,PRD030,Electronics,Mi,1686.00,1,2024-06-24,Bengaluru
ORD17542,CUST1157,PRD373,Fashion,,527.00,1,2024-06-24,Bengaluru
ORD17543,CUST630,PRD514,Electronics,Samsung,170.00,1,2024-06-24,Hyderabad
ORD17544,CUST588,PRD207,Beauty,Maybelline,467.00,1,2024-06-24,Bengaluru
ORD17545,CUST246,PRD461,Fashion,Peter England,1071.00,2,2024-06-24,Mumbai
ORD17546,CUST045,PRD563,Electronics,Samsung,443.00,1,2024-06-24,Delhi
ORD17547,CUST905,PRD600,Fashion,Allen Solly,763.00,2,2024-06-24,Chennai
ORD17548,CUST590,PRD306,Home & Kitchen,Wonderchef,732.00,1,2024-06-24,Mumbai
ORD17549,CUST600,PRD089,Fashion,Peter England,652.00,2,2024-06-24,Pune
ORD17550,CUST525,PRD372,Beauty,Biotique,415.00,5,2024-06-24,Ahmedabad
ORD17550,CUST525,PRD251,Fashion,Puma,761.00,1,2024-06-24,Ahmedabad
ORD17551,CUST925,PRD488,Beauty,Maybelline,409.00,3,2024-06-24,Delhi
ORD17552,CUST003,PRD506,Fashion,Allen Solly,745.00,1,2024-06-24,Ahmedabad
ORD17553,CUST081,PRD163,Electronics,Realme,1801.00,1,2024-06-24,Pune
ORD17554,CUST101,PRD310,Sports,Decathlon,2499.00,1,2024-06-24,Mumbai
ORD17555,CUST1456,PRD072,Books,Aleph,226.00,1,2024-06-24,Ahmedabad
ORD17556,CUST1419,PRD162,Beauty,Nivea,177.00,1,2024-06-24,Pune
ORD17557,CUST603,PRD224,Sports,Nivia,634.00,2,2024-06-24,Mumbai
ORD17558,CUST672,PRD381,Fashion,Peter England,406.00,1,2024-06-24,Bengaluru
ORD17558,CUST672,PRD215,Sports,Campus,638.00,2,2024-06-24,Bengaluru
ORD17559,CUST1338,PRD140,Home & Kitchen,Prestige,2499.00,1,2024-06-24,Chennai
ORD17560,CUST1003,PRD172,Electronics,Realme,318.00,2,2024-06-24,Mumbai
ORD17560,CUST1003,PRD574,Electronics,Mi,318.00,1,2024-06-24,Mumbai
ORD17561,CUST484,PRD410,Electronics,,4071.00,1,2024-06-24,Chennai
ORD17562,CUST1304,PRD461,Fashion,Peter England,1071.00,1,2024-06-24,Bengaluru
ORD17562,CUST1304,PRD147,Home & Kitchen,Borosil,615.00,1,2024-06-24,Bengaluru
ORD17562,CUST1304,PRD204,Electronics,Boat,1299.00,1,2024-06-24,Bengaluru
ORD17562,CUST1304,PRD225,Electronics,Samsung,469.00,2,2024-06-24,Bengaluru
ORD17563,CUST278,PRD102,Sports,Cosco,569.00,1,2024-06-24,Mumbai
ORD17563,CUST278,PRD002,Home & Kitchen,Milton,1281.00,1,2024-06-24,Mumbai
ORD17564,CUST691,PRD108,Sports,Yonex,899.00,1,2024-06-24,Mumbai
ORD17564,CUST691,PRD236,Home & Kitchen,Butterfly,1329.00,1,2024-06-24,Mumbai
ORD17564,CUST691,PRD215,Sports,Campus,638.00,1,2024-06-24,Mumbai
ORD17564,CUST691,PRD429,Electronics,Boult,577.00,1,2024-06-24,Mumbai
ORD17565,CUST035,PRD600,Fashion,Allen Solly,763.00,1,2024-06-24,Hyderabad
ORD17565,CUST035,PRD552,Beauty,Nivea,154.00,1,2024-06-24,Hyderabad
ORD17566,CUST1366,PRD163,Electronics,Realme,1801.00,1,2024-06-24,Delhi
ORD17567,CUST168,PRD357,Home & Kitchen,Milton,918.00,2,2024-06-24,Delhi
ORD17568,CUST161,PRD350,Home & Kitchen,Borosil,4499.00,1,2024-06-25,Pune
ORD17569,CUST1361,PRD391,Fashion,Bata,1999.00,1,2024-06-25,Mumbai
ORD17569,CUST1361,PRD079,Fashion,Biba,1249.00,1,2024-06-25,Mumbai
ORD17569,CUST1361,PRD508,Electronics,Sony,1978.00,1,2024-06-25,Mumbai
ORD17570,CUST064,PRD300,Home & Kitchen,Butterfly,1761.00,1,2024-06-25,Bengaluru
ORD17571,CUST476,PRD174,Fashion,Bata,1462.00,1,2024-06-25,Pune
ORD17571,CUST476,PRD451,Home & Kitchen,Hawkins,1999.00,2,2024-06-25,Pune
ORD17571,CUST476,PRD163,Electronics,Realme,1801.00,2,2024-06-25,Pune
ORD17572,CUST163,PRD074,Beauty,Plum,209.00,4,2024-06-25,Mumbai
ORD17573,CUST255,PRD140,Home & Kitchen,Prestige,2499.00,1,2024-06-25,Mumbai
ORD17573,CUST255,PRD227,Home & Kitchen,Hawkins,1799.00,1,2024-06-25,Mumbai
ORD17574,CUST1152,PRD225,Electronics,Samsung,469.00,6,2024-06-25,Pune
ORD17574,CUST1152,PRD137,Home & Kitchen,Wonderchef,737.00,3,2024-06-25,Pune
ORD17574,CUST1152,PRD295,Books,Rupa,420.00,2,2024-06-25,Pune
ORD17575,CUST1258,PRD513,Sports,Decathlon,3680.00,1,2024-06-25,Delhi
ORD17576,CUST472,PRD588,Electronics,JBL,3249.00,1,2024-06-25,Delhi
ORD17576,CUST472,PRD307,Books,Rupa,1199.00,1,2024-06-25,Delhi
ORD17577,CUST355,PRD363,Home & Kitchen,Milton,399.00,2,2024-06-25,Ahmedabad
ORD17577,CUST355,PRD177,Fashion,Allen Solly,640.00,2,2024-06-25,Ahmedabad
ORD17578,CUST1031,PRD048,Beauty,Lakme,799.00,2,2024-06-25,Hyderabad
ORD17578,CUST1031,PRD011,Electronics,Noise,1933.00,2,2024-06-25,Hyderabad
ORD17578,CUST1031,PRD344,Beauty,Lakme,222.00,8,2024-06-25,Hyderabad
ORD17579,CUST1335,PRD143,Books,Rupa,497.00,8,2024-06-25,Hyderabad
ORD17579,CUST1335,PRD200,Beauty,Biotique,209.00,1,2024-06-25,Hyderabad
ORD17579,CUST1335,PRD563,Electronics,Samsung,443.00,2,2024-06-25,Hyderabad
ORD17579,CUST1335,PRD177,Fashion,Allen Solly,640.00,1,2024-06-25,Hyderabad
ORD17580,CUST885,PRD140,Home & Kitchen,Prestige,2499.00,1,2024-06-25,Chennai
ORD17581,CUST169,PRD513,Sports,Decathlon,3680.00,1,2024-06-25,Hyderabad
ORD17581,CUST169,PRD385,Electronics,OnePlus,2378.00,1,2024-06-25,Hyderabad
ORD17581,CUST169,PRD357,Home & Kitchen,Milton,918.00,2,2024-06-25,Hyderabad
ORD17582,CUST1062,PRD492,Fashion,Biba,452.00,2,2024-06-25,Chennai
ORD17582,CUST1062,PRD359,Home & Kitchen,Milton,1125.00,1,2024-06-25,Chennai
ORD17583,CUST009,PRD381,Fashion,Peter England,406.00,2,2024-06-25,Ahmedabad
ORD17584,CUST1165,PRD295,Books,Rupa,420.00,1,2024-06-25,Mumbai
ORD17585,CUST1094,PRD265,Books,HarperCollins,599.00,2,2024-06-25,Ahmedabad
ORD17586,CUST167,PRD219,Beauty,Nivea,480.00,1,2024-06-25,Bengaluru
ORD17586,CUST167,PRD401,Electronics,Realme,1790.00,1,2024-06-25,Bengaluru
ORD17587,CUST1226,PRD006,Beauty,Lakme,160.00,4,2024-06-25,Bengaluru
ORD17587,CUST1226,PRD385,Electronics,OnePlus,2378.00,1,2024-06-25,Bengaluru
ORD17588,CUST1202,PRD140,Home & Kitchen,Prestige,2499.00,1,2024-06-25,Pune
ORD17589,CUST331,PRD525,Books,Bloomsbury,699.00,3,2024-06-25,Mumbai
ORD17589,CUST331,PRD129,Home & Kitchen,Pigeon,728.00,1,2024-06-25,Mumbai
ORD17590,CUST249,PRD361,Fashion,Allen Solly,1073.00,1,2024-06-25,Hyderabad
ORD17591,CUST141,PRD468,Electronics,Mi,1890.00,1,2024-06-25,Chennai
ORD17591,CUST141,PRD364,Electronics,Realme,769.00,1,2024-06-25,Chennai
ORD17591,CUST141,PRD030,Electronics,Mi,1686.00,3,2024-06-25,Chennai
ORD17591,CUST141,PRD513,Sports,Decathlon,3680.00,1,2024-06-25,Chennai
ORD17592,CUST809,PRD515,Fashion,Allen Solly,589.00,2,2024-06-25,Mumbai
ORD17592,CUST809,PRD456,Fashion,Sparx,519.00,1,2024-06-25,Mumbai
ORD17593,CUST1122,PRD107,Electronics,JBL,844.00,1,2024-06-25,Pune
ORD17593,CUST1122,PRD571,Home & Kitchen,Hawkins,1757.00,2,2024-06-25,Pune
ORD17594,CUST723,PRD008,Beauty,Nivea,983.00,1,2024-06-25,Mumbai
ORD17595,CUST902,PRD573,Fashion,Peter England,652.00,1,2024-06-25,Hyderabad
ORD17596,CUST931,PRD389,Fashion,Biba,1746.00,1,2024-06-25,Hyderabad
ORD17597,CUST174,PRD589,Fashion,Allen Solly,661.00,1,2024-06-25,Pune
ORD17598,CUST1417,PRD291,Fashion,Woodland,831.00,1,2024-06-25,Bengaluru
ORD17599,CUST483,PRD503,Fashion,Sparx,561.00,3,2024-06-25,Kolkata
ORD17600,CUST237,PRD337,Electronics,Boult,482.00,1,2024-06-25,Mumbai
ORD17601,CUST1292,PRD508,Electronics,Sony,1978.00,1,2024-06-25,Hyderabad
ORD17602,CUST423,PRD036,Electronics,JBL,313.00,1,2024-06-25,Mumbai
ORD17602,CUST423,PRD214,Fashion,Bata,650.00,1,2024-06-25,Mumbai
ORD17603,CUST118,PRD324,Fashion,Allen Solly,843.00,2,2024-06-25,Mumbai
ORD17604,CUST1411,PRD219,Beauty,Nivea,480.00,5,2024-06-25,Mumbai
ORD17605,CUST140,PRD452,Home & Kitchen,Wonderchef,462.00,4,2024-06-25,Mumbai
ORD17606,CUST1174,PRD366,Electronics,Sony,1638.00,1,2024-06-25,Delhi
ORD17606,CUST1174,PRD522,Fashion,Woodland,302.00,3,2024-06-25,Delhi
ORD17606,CUST1174,PRD262,Electronics,Apple,3501.00,1,2024-06-25,Delhi
ORD17606,CUST1174,PRD335,Beauty,Nivea,305.00,3,2024-06-25,Delhi
ORD17607,CUST492,PRD127,Beauty,Biotique,208.00,5,2024-06-25,Delhi
ORD17608,CUST247,PRD555,Electronics,Boult,2277.00,1,2024-06-25,Pune
ORD17608,CUST247,PRD177,Fashion,Allen Solly,640.00,3,2024-06-25,Pune
ORD17609,CUST1237,PRD295,Books,Rupa,420.00,1,2024-06-25,Hyderabad
ORD17609,CUST1237,PRD086,Sports,Decathlon,1825.00,1,2024-06-25,Hyderabad
ORD17610,CUST699,PRD207,Beauty,Maybelline,467.00,1,2024-06-25,Kolkata
ORD17611,CUST1314,PRD535,Fashion,Bata,670.00,1,2024-06-25,Delhi
ORD17611,CUST1314,PRD401,Electronics,Realme,1790.00,1,2024-06-25,Delhi
ORD17612,CUST1446,PRD032,Fashion,Levis,823.00,1,2024-06-26,Mumbai
ORD17612,CUST1446,PRD261,Fashion,Sparx,324.00,1,2024-06-26,Mumbai
ORD17612,CUST1446,PRD390,Electronics,Apple,1322.00,1,2024-06-26,Mumbai
ORD17613,CUST1030,PRD076,Sports,Nivia,579.00,2,2024-06-26,Mumbai
ORD17613,CUST1030,PRD391,Fashion,Bata,1999.00,2,2024-06-26,Mumbai
ORD17614,CUST1199,PRD445,Electronics,Samsung,236.00,6,2024-06-26,Bengaluru
ORD17615,CUST598,PRD208,Electronics,Boult,7315.00,2,2024-06-26,Delhi
ORD17616,CUST1259,PRD427,Beauty,Biotique,217.00,3,2024-06-26,Mumbai
ORD17616,CUST1259,PRD293,Fashion,Levis,499.00,3,2024-06-26,Mumbai
ORD17617,CUST204,PRD508,Electronics,Sony,1978.00,1,2024-06-26,Delhi
ORD17618,CUST1471,PRD290,Electronics,Apple,504.00,2,2024-06-26,Hyderabad
ORD17618,CUST1471,PRD363,Home & Kitchen,Milton,399.00,2,2024-06-26,Hyderabad
ORD17618,CUST1471,PRD166,Electronics,Boult,1527.00,1,2024-06-26,Hyderabad
ORD17619,CUST142,PRD385,Electronics,OnePlus,2378.00,1,2024-06-26,Delhi
ORD17619,CUST142,PRD436,Sports,Nivia,2199.00,1,2024-06-26,Delhi
ORD17619,CUST142,PRD092,Beauty,Maybelline,184.00,1,2024-06-26,Delhi
ORD17619,CUST142,PRD488,Beauty,Maybelline,409.00,2,2024-06-26,Delhi
ORD17620,CUST614,PRD152,Electronics,Sony,699.00,2,2024-06-26,Delhi
ORD17621,CUST1026,PRD299,Home & Kitchen,Borosil,457.00,6,2024-06-26,Mumbai
ORD17622,CUST126,PRD548,Electronics,Boult,2691.00,1,2024-06-26,Bengaluru
ORD17623,CUST1271,PRD381,Fashion,Peter England,406.00,4,2024-06-26,Mumbai
ORD17624,CUST738,PRD385,Electronics,OnePlus,2378.00,1,2024-06-26,Ahmedabad
ORD17625,CUST1047,PRD337,Electronics,Boult,482.00,4,2024-06-26,Mumbai
ORD17625,CUST1047,PRD439,Electronics,Boat,394.00,1,2024-06-26,Mumbai
ORD17626,CUST944,PRD509,Electronics,Noise,1956.00,2,2024-06-26,Chennai
ORD17627,CUST702,PRD505,Beauty,Nivea,307.00,1,2024-06-26,Pune
ORD17628,CUST980,PRD381,Fashion,Peter England,406.00,1,2024-06-26,Delhi
ORD17629,CUST978,PRD407,Sports,Puma,235.00,1,2024-06-26,Mumbai
ORD17629,CUST978,PRD546,Sports,Cosco,1784.00,3,2024-06-26,Mumbai
ORD17629,CUST978,PRD077,Electronics,Samsung,3801.00,1,2024-06-26,Mumbai
ORD17630,CUST128,PRD379,Electronics,Realme,3493.00,2,2024-06-26,Delhi
ORD17630,CUST128,PRD563,Electronics,Samsung,443.00,3,2024-06-26,Delhi
ORD17631,CUST1408,PRD019,Fashion,Woodland,707.00,1,2024-06-26,Bengaluru
ORD17631,CUST1408,PRD103,Fashion,Woodland,1106.00,1,2024-06-26,Bengaluru
ORD17632,CUST002,PRD577,Electronics,Mi,1502.00,1,2024-06-26,Delhi
ORD17633,CUST828,PRD203,Sports,Campus,720.00,1,2024-06-26,Ahmedabad
ORD17633,CUST828,PRD092,Beauty,Maybelline,184.00,1,2024-06-26,Ahmedabad
ORD17634,CUST1204,PRD307,Books,Rupa,1199.00,1,2024-06-26,Delhi
ORD17634,CUST1204,PRD268,Fashion,Levis,360.00,2,2024-06-26,Delhi
ORD17635,CUST1403,PRD271,Home & Kitchen,Cello,404.00,2,2024-06-26,Kolkata
ORD17636,CUST143,PRD080,Electronics,Realme,1211.00,1,2024-06-26,Delhi
ORD17637,CUST554,PRD533,Beauty,Plum,379.00,4,2024-06-26,Bengaluru
ORD17638,CUST725,PRD343,Home & Kitchen,Hawkins,805.00,1,2024-06-26,Hyderabad
ORD17638,CUST725,PRD225,Electronics,Samsung,469.00,4,2024-06-26,Hyderabad
ORD17639,CUST191,PRD163,Electronics,Realme,1801.00,3,2024-06-26,Delhi
ORD17640,CUST492,PRD293,Fashion,Levis,499.00,1,2024-06-26,Delhi
ORD17640,CUST492,PRD577,Electronics,Mi,1502.00,2,2024-06-26,Delhi
ORD17641,CUST365,PRD357,Home & Kitchen,Milton,918.00,1,2024-06-26,Delhi
ORD17641,CUST365,PRD258,Books,Aleph,364.00,2,2024-06-26,Delhi
ORD17642,CUST1189,PRD439,Electronics,Boat,394.00,3,2024-06-26,Delhi
ORD17642,CUST1189,PRD413,Fashion,Woodland,304.00,5,2024-06-26,Delhi
ORD17643,CUST450,PRD373,Fashion,Peter England,527.00,2,2024-06-26,Mumbai
ORD17644,CUST1380,PRD183,Books,Aleph,566.00,1,2024-06-26,Delhi
ORD17644,CUST1380,PRD020,Beauty,Maybelline,169.00,5,2024-06-26,Delhi
ORD17645,CUST955,PRD236,Home & Kitchen,Butterfly,1329.00,1,2024-06-26,Chennai
ORD17646,CUST974,PRD197,Sports,Cosco,3499.00,1,2024-06-26,Ahmedabad
ORD17647,CUST661,PRD328,Books,Westland,163.00,2,2024-06-26,Mumbai
ORD17647,CUST661,PRD353,Beauty,Nivea,228.00,1,2024-06-26,Mumbai
ORD17648,CUST869,PRD163,Electronics,Realme,1801.00,1,2024-06-26,Mumbai
ORD17649,CUST458,PRD128,Books,Rupa,218.00,6,2024-06-27,Delhi
ORD17649,CUST458,PRD072,Books,Aleph,226.00,3,2024-06-27,Delhi
ORD17649,CUST458,PRD245,Sports,Nike,3495.00,2,2024-06-27,Delhi
ORD17650,CUST183,PRD033,Electronics,Mi,160.00,8,2024-06-27,Delhi
ORD17651,CUST1071,PRD407,Sports,Puma,235.00,2,2024-06-27,Hyderabad
ORD17652,CUST1468,PRD545,Electronics,Sony,1990.00,3,2024-06-27,Bengaluru
ORD17653,CUST472,PRD163,Electronics,Realme,1801.00,2,2024-06-27,Delhi
ORD17654,CUST355,PRD180,Home & Kitchen,Cello,835.00,2,2024-06-27,Ahmedabad
ORD17654,CUST355,PRD006,Beauty,Lakme,160.00,5,2024-06-27,Ahmedabad
ORD17655,CUST172,PRD381,Fashion,Peter England,406.00,1,2024-06-27,Hyderabad
ORD17656,CUST520,PRD326,Fashion,Bata,547.00,1,2024-06-27,Pune
ORD17657,CUST914,PRD410,Electronics,OnePlus,4071.00,1,2024-06-27,Hyderabad
ORD17658,CUST882,PRD240,Home & Kitchen,Pigeon,1232.00,1,2024-06-27,Bengaluru
ORD17658,CUST882,PRD374,Electronics,Samsung,1706.00,1,2024-06-27,Bengaluru
ORD17659,CUST659,PRD029,Beauty,Lakme,431.00,3,2024-06-27,Ahmedabad
ORD17660,CUST1402,PRD197,Sports,Cosco,3499.00,1,2024-06-27,Delhi
ORD17661,CUST588,PRD007,Books,HarperCollins,336.00,1,2024-06-27,Bengaluru
ORD17662,CUST001,PRD464,Books,Bloomsbury,502.00,1,2024-06-27,Hyderabad
ORD17663,CUST1250,PRD170,Home & Kitchen,Hawkins,493.00,1,2024-06-27,Mumbai
ORD17663,CUST1250,PRD135,Books,Westland,243.00,3,2024-06-27,Mumbai
ORD17664,CUST261,PRD321,Beauty,Himalaya,237.00,1,2024-06-27,Pune
ORD17665,CUST490,PRD162,Beauty,Nivea,177.00,2,2024-06-27,Ahmedabad
ORD17665,CUST490,PRD570,Books,HarperCollins,310.00,1,2024-06-27,Ahmedabad
ORD17665,CUST490,PRD568,Fashion,Sparx,1466.00,1,2024-06-27,Ahmedabad
ORD17666,CUST599,PRD562,Books,Westland,999.00,1,2024-06-27,Bengaluru
ORD17667,CUST410,PRD220,Books,Westland,415.00,1,2024-06-27,Mumbai
ORD17668,CUST1456,PRD600,Fashion,Allen Solly,763.00,1,2024-06-27,Ahmedabad
ORD17669,CUST1320,PRD129,Home & Kitchen,Pigeon,728.00,1,2024-06-27,Mumbai
ORD17670,CUST533,PRD096,Electronics,,167.00,3,2024-06-27,Delhi
ORD17670,CUST533,PRD548,Electronics,Boult,2691.00,1,2024-06-27,Delhi
ORD17670,CUST533,PRD247,Sports,Campus,1130.00,2,2024-06-27,Delhi
ORD17671,CUST138,PRD350,Home & Kitchen,Borosil,4499.00,1,2024-06-27,Hyderabad
ORD17672,CUST689,PRD051,Fashion,Woodland,755.00,2,2024-06-27,Delhi
ORD17673,CUST1194,PRD535,Fashion,Bata,670.00,1,2024-06-27,Hyderabad
ORD17673,CUST1194,PRD235,Electronics,Boult,1773.00,1,2024-06-27,Hyderabad
ORD17673,CUST1194,PRD046,Home & Kitchen,Cello,2604.00,1,2024-06-27,Hyderabad
ORD17673,CUST1194,PRD137,Home & Kitchen,Wonderchef,737.00,1,2024-06-27,Hyderabad
ORD17674,CUST954,PRD521,Beauty,Plum,303.00,2,2024-06-27,Kolkata
ORD17675,CUST538,PRD593,Beauty,Himalaya,289.00,1,2024-06-27,Mumbai
ORD17675,CUST538,PRD137,Home & Kitchen,Wonderchef,737.00,1,2024-06-27,Mumbai
ORD17676,CUST1213,PRD329,Electronics,OnePlus,1419.00,1,2024-06-27,Chennai
ORD17676,CUST1213,PRD586,Fashion,Biba,738.00,3,2024-06-27,Chennai
ORD17677,CUST489,PRD225,Electronics,Samsung,469.00,2,2024-06-27,Mumbai
ORD17677,CUST489,PRD318,Books,Westland,448.00,2,2024-06-27,Mumbai
ORD17677,CUST489,PRD572,Electronics,Apple,1534.00,1,2024-06-27,Mumbai
ORD17678,CUST259,PRD430,Fashion,Biba,527.00,1,2024-06-27,Hyderabad
ORD17678,CUST259,PRD478,Electronics,OnePlus,1494.00,2,2024-06-27,Hyderabad
ORD17679,CUST614,PRD035,Home & Kitchen,Hawkins,438.00,1,2024-06-27,Delhi
ORD17679,CUST614,PRD210,Fashion,Sparx,599.00,1,2024-06-27,Delhi
ORD17680,CUST743,PRD304,Sports,Campus,1385.00,2,2024-06-27,Pune
ORD17681,CUST341,PRD247,Sports,Campus,1130.00,1,2024-06-27,Delhi
ORD17682,CUST250,PRD421,Electronics,Realme,507.00,1,2024-06-27,Delhi
ORD17682,CUST250,PRD348,Electronics,Apple,2298.00,1,2024-06-27,Delhi
ORD17683,CUST762,PRD381,Fashion,Peter England,406.00,1,2024-06-27,Ahmedabad
ORD17684,CUST319,PRD019,Fashion,Woodland,707.00,1,2024-06-27,Delhi
ORD17685,CUST982,PRD452,Home & Kitchen,Wonderchef,462.00,4,2024-06-27,Hyderabad
ORD17686,CUST1327,PRD293,Fashion,Levis,499.00,3,2024-06-27,Bengaluru
ORD17686,CUST1327,PRD030,Electronics,Mi,1686.00,1,2024-06-27,Bengaluru
ORD17687,CUST142,PRD306,Home & Kitchen,Wonderchef,732.00,2,2024-06-28,Delhi
ORD17687,CUST142,PRD577,Electronics,Mi,1502.00,2,2024-06-28,Delhi
ORD17687,CUST142,PRD588,Electronics,JBL,3249.00,1,2024-06-28,Delhi
ORD17688,CUST454,PRD401,Electronics,Realme,1790.00,1,2024-06-28,Chennai
ORD17689,CUST972,PRD320,Electronics,Mi,313.00,4,2024-06-28,Mumbai
ORD17690,CUST1405,PRD084,Fashion,Woodland,332.00,2,2024-06-28,Bengaluru
ORD17691,CUST554,PRD225,Electronics,Samsung,469.00,5,2024-06-28,Bengaluru
ORD17692,CUST107,PRD129,Home & Kitchen,Pigeon,728.00,1,2024-06-28,Mumbai
ORD17693,CUST550,PRD152,Electronics,Sony,699.00,1,2024-06-28,Delhi
ORD17694,CUST768,PRD508,Electronics,Sony,1978.00,1,2024-06-28,Kolkata
ORD17695,CUST1298,PRD107,Electronics,JBL,844.00,1,2024-06-28,Delhi
ORD17696,CUST1108,PRD130,Electronics,Sony,897.00,1,2024-06-28,Delhi
ORD17696,CUST1108,PRD508,Electronics,Sony,1978.00,1,2024-06-28,Delhi
ORD17697,CUST902,PRD524,Beauty,Himalaya,249.00,1,2024-06-28,Hyderabad
ORD17698,CUST331,PRD332,Fashion,Biba,597.00,1,2024-06-28,Mumbai
ORD17698,CUST331,PRD326,Fashion,Bata,547.00,1,2024-06-28,Mumbai
ORD17698,CUST331,PRD312,Sports,Nike,3499.00,1,2024-06-28,Mumbai
ORD17699,CUST519,PRD232,Fashion,Biba,822.00,2,2024-06-28,Hyderabad
ORD17700,CUST704,PRD588,Electronics,JBL,3249.00,1,2024-06-28,Bengaluru
ORD17700,CUST704,PRD130,Electronics,Sony,897.00,1,2024-06-28,Bengaluru
ORD17701,CUST514,PRD177,Fashion,Allen Solly,640.00,2,2024-06-28,Bengaluru
ORD17702,CUST1449,PRD546,Sports,Cosco,1784.00,1,2024-06-28,Mumbai
ORD17702,CUST1449,PRD298,Home & Kitchen,Borosil,4499.00,1,2024-06-28,Mumbai
ORD17703,CUST846,PRD476,Home & Kitchen,Wonderchef,1186.00,1,2024-06-28,Delhi
ORD17703,CUST846,PRD201,Fashion,Puma,841.00,1,2024-06-28,Delhi
ORD17704,CUST507,PRD155,Sports,Cosco,663.00,1,2024-06-28,Pune
ORD17705,CUST266,PRD332,Fashion,Biba,597.00,2,2024-06-28,Hyderabad
ORD17705,CUST266,PRD128,Books,Rupa,218.00,3,2024-06-28,Hyderabad
ORD17706,CUST744,PRD174,Fashion,Bata,1462.00,1,2024-06-28,Pune
ORD17707,CUST374,PRD377,Sports,Adidas,558.00,2,2024-06-28,Chennai
ORD17708,CUST013,PRD133,Sports,Nike,1173.00,1,2024-06-28,Chennai
ORD17709,CUST977,PRD187,Home & Kitchen,Butterfly,438.00,6,2024-06-28,Mumbai
ORD17709,CUST977,PRD078,Fashion,Woodland,513.00,1,2024-06-28,Mumbai
ORD17710,CUST1377,PRD228,Electronics,Realme,1737.00,1,2024-06-28,Delhi
ORD17711,CUST829,PRD551,Beauty,Nivea,535.00,1,2024-06-28,Pune
ORD17712,CUST589,PRD600,Fashion,,763.00,2,2024-06-28,Delhi
ORD17712,CUST589,PRD081,Home & Kitchen,Hawkins,616.00,1,2024-06-28,Delhi
ORD17712,CUST589,PRD586,Fashion,Biba,738.00,1,2024-06-28,Delhi
ORD17713,CUST1441,PRD247,Sports,Campus,1130.00,1,2024-06-28,Bengaluru
ORD17714,CUST893,PRD059,Home & Kitchen,Wonderchef,592.00,1,2024-06-28,Chennai
ORD17714,CUST893,PRD252,Electronics,OnePlus,270.00,2,2024-06-28,Chennai
ORD17714,CUST893,PRD590,Fashion,Sparx,389.00,3,2024-06-28,Chennai
ORD17715,CUST115,PRD524,Beauty,Himalaya,249.00,4,2024-06-28,Pune
ORD17716,CUST757,PRD191,Fashion,Levis,651.00,1,2024-06-28,Mumbai
ORD17716,CUST757,PRD439,Electronics,Boat,394.00,1,2024-06-28,Mumbai
ORD17716,CUST757,PRD246,Sports,Decathlon,256.00,1,2024-06-28,Mumbai
ORD17717,CUST305,PRD508,Electronics,Sony,1978.00,2,2024-06-28,Bengaluru
ORD17718,CUST207,PRD517,Fashion,Biba,1273.00,1,2024-06-28,Kolkata
ORD17719,CUST623,PRD334,Beauty,Maybelline,599.00,1,2024-06-28,Pune
ORD17720,CUST105,PRD174,Fashion,Bata,1462.00,1,2024-06-28,Mumbai
ORD17720,CUST105,PRD252,Electronics,OnePlus,270.00,1,2024-06-28,Mumbai
ORD17720,CUST105,PRD508,Electronics,Sony,1978.00,1,2024-06-28,Mumbai
ORD17720,CUST105,PRD284,Electronics,OnePlus,1929.00,3,2024-06-28,Mumbai
ORD17721,CUST526,PRD255,Books,Rupa,223.00,1,2024-06-28,Mumbai
ORD17722,CUST1306,PRD240,Home & Kitchen,Pigeon,1232.00,1,2024-06-28,Delhi
ORD17722,CUST1306,PRD535,Fashion,Bata,670.00,1,2024-06-28,Delhi
ORD17723,CUST802,PRD508,Electronics,Sony,1978.00,2,2024-06-28,Delhi
ORD17724,CUST528,PRD295,Books,Rupa,420.00,1,2024-06-28,Pune
ORD17725,CUST661,PRD381,Fashion,Peter England,406.00,1,2024-06-28,Mumbai
ORD17725,CUST661,PRD452,Home & Kitchen,Wonderchef,462.00,1,2024-06-28,Mumbai
ORD17726,CUST568,PRD163,Electronics,Realme,1801.00,1,2024-06-28,Bengaluru
ORD17727,CUST230,PRD365,Home & Kitchen,Butterfly,960.00,1,2024-06-29,Kolkata
ORD17728,CUST1314,PRD067,Fashion,Woodland,1999.00,2,2024-06-29,Delhi
ORD17728,CUST1314,PRD066,Electronics,JBL,487.00,6,2024-06-29,Delhi
ORD17728,CUST1314,PRD179,Electronics,Noise,1044.00,1,2024-06-29,Delhi
ORD17728,CUST1314,PRD304,Sports,Campus,1385.00,1,2024-06-29,Delhi
ORD17729,CUST691,PRD508,Electronics,Sony,1978.00,1,2024-06-29,Mumbai
ORD17730,CUST676,PRD249,Fashion,Levis,335.00,1,2024-06-29,Pune
ORD17730,CUST676,PRD427,Beauty,Biotique,217.00,4,2024-06-29,Pune
ORD17731,CUST1063,PRD122,Sports,Yonex,2499.00,1,2024-06-29,Bengaluru
ORD17732,CUST1428,PRD113,Fashion,Levis,2999.00,1,2024-06-29,Mumbai
ORD17733,CUST843,PRD299,Home & Kitchen,Borosil,457.00,2,2024-06-29,Mumbai
ORD17733,CUST843,PRD191,Fashion,Levis,651.00,1,2024-06-29,Mumbai
ORD17734,CUST376,PRD508,Electronics,Sony,1978.00,1,2024-06-29,Pune
ORD17735,CUST100,PRD381,Fashion,Peter England,406.00,1,2024-06-29,Mumbai
ORD17736,CUST337,PRD535,Fashion,Bata,670.00,1,2024-06-29,Delhi
ORD17737,CUST630,PRD410,Electronics,OnePlus,4071.00,1,2024-06-29,Hyderabad
ORD17738,CUST369,PRD041,Sports,Yonex,1121.00,2,2024-06-29,Chennai
ORD17738,CUST369,PRD524,Beauty,Himalaya,249.00,1,2024-06-29,Chennai
ORD17738,CUST369,PRD295,Books,Rupa,420.00,1,2024-06-29,Chennai
ORD17739,CUST1182,PRD515,Fashion,Allen Solly,589.00,1,2024-06-29,Delhi
ORD17740,CUST410,PRD072,Books,Aleph,226.00,2,2024-06-29,Mumbai
ORD17740,CUST410,PRD592,Fashion,Levis,555.00,2,2024-06-29,Mumbai
ORD17741,CUST508,PRD409,Sports,Yonex,1739.00,1,2024-06-29,Mumbai
ORD17742,CUST1411,PRD488,Beauty,Maybelline,409.00,2,2024-06-29,Mumbai
ORD17743,CUST034,PRD419,Electronics,Boat,849.00,2,2024-06-29,Mumbai
ORD17744,CUST137,PRD508,Electronics,Sony,1978.00,3,2024-06-29,Mumbai
ORD17745,CUST142,PRD032,Fashion,Levis,823.00,1,2024-06-29,Delhi
ORD17745,CUST142,PRD500,Electronics,Samsung,18999.00,1,2024-06-29,Delhi
ORD17746,CUST750,PRD444,Electronics,Samsung,346.00,2,2024-06-29,Chennai
ORD17746,CUST750,PRD358,Electronics,Apple,205.00,1,2024-06-29,Chennai
ORD17747,CUST606,PRD595,Fashion,Sparx,934.00,2,2024-06-29,Kolkata
ORD17748,CUST978,PRD332,Fashion,Biba,597.00,1,2024-06-29,Mumbai
ORD17749,CUST1297,PRD463,Beauty,Plum,432.00,1,2024-06-29,Hyderabad
ORD17749,CUST1297,PRD261,Fashion,Sparx,324.00,1,2024-06-29,Hyderabad
ORD17750,CUST489,PRD166,Electronics,Boult,1527.00,2,2024-06-29,Mumbai
ORD17750,CUST489,PRD322,Sports,Puma,1255.00,1,2024-06-29,Mumbai
ORD17750,CUST489,PRD286,Electronics,Noise,437.00,1,2024-06-29,Mumbai
ORD17751,CUST095,PRD499,Home & Kitchen,Milton,1157.00,1,2024-06-29,Hyderabad
ORD17752,CUST1092,PRD238,Home & Kitchen,Borosil,948.00,1,2024-06-29,Mumbai
ORD17753,CUST339,PRD439,Electronics,Boat,394.00,1,2024-06-29,Bengaluru
ORD17753,CUST339,PRD343,Home & Kitchen,Hawkins,805.00,3,2024-06-29,Bengaluru
ORD17753,CUST339,PRD427,Beauty,Biotique,217.00,1,2024-06-29,Bengaluru
ORD17754,CUST714,PRD201,Fashion,Puma,841.00,1,2024-06-29,Delhi
ORD17754,CUST714,PRD163,Electronics,Realme,1801.00,2,2024-06-29,Delhi
ORD17755,CUST708,PRD232,Fashion,Biba,822.00,1,2024-06-29,Delhi
ORD17756,CUST474,PRD180,Home & Kitchen,Cello,835.00,1,2024-06-29,Hyderabad
ORD17757,CUST394,PRD227,Home & Kitchen,Hawkins,1799.00,1,2024-06-29,Delhi
ORD17758,CUST1201,PRD126,Sports,Decathlon,1107.00,1,2024-06-29,Mumbai
ORD17759,CUST461,PRD356,Electronics,Samsung,211.00,1,2024-06-29,Delhi
ORD17760,CUST141,PRD134,Electronics,OnePlus,346.00,5,2024-06-29,Chennai
ORD17760,CUST141,PRD200,Beauty,Biotique,209.00,1,2024-06-29,Chennai
ORD17761,CUST187,PRD179,Electronics,Noise,1044.00,1,2024-06-29,Chennai
ORD17761,CUST187,PRD498,Fashion,Levis,2999.00,1,2024-06-29,Chennai
ORD17762,CUST1204,PRD223,Electronics,Samsung,450.00,1,2024-06-29,Delhi
ORD17763,CUST138,PRD521,Beauty,,303.00,1,2024-06-29,Hyderabad
ORD17763,CUST138,PRD150,Beauty,Maybelline,726.00,1,2024-06-29,Hyderabad
ORD17764,CUST773,PRD524,Beauty,Himalaya,249.00,5,2024-06-29,Mumbai
ORD17764,CUST773,PRD197,Sports,Cosco,3499.00,2,2024-06-29,Mumbai
ORD17765,CUST373,PRD444,Electronics,Samsung,346.00,3,2024-06-29,Mumbai
ORD17765,CUST373,PRD488,Beauty,Maybelline,409.00,1,2024-06-29,Mumbai
ORD17766,CUST621,PRD131,Beauty,Plum,667.00,2,2024-06-29,Chennai
ORD17767,CUST789,PRD409,Sports,Yonex,1739.00,1,2024-06-29,Chennai
ORD17768,CUST309,PRD330,Electronics,Noise,999.00,1,2024-06-29,Chennai
ORD17769,CUST1458,PRD247,Sports,Campus,1130.00,1,2024-06-29,Bengaluru
ORD17770,CUST1034,PRD029,Beauty,Lakme,431.00,1,2024-06-29,Bengaluru
ORD17771,CUST534,PRD546,Sports,Cosco,1784.00,3,2024-06-29,Ahmedabad
ORD17771,CUST534,PRD301,Electronics,Boult,813.00,1,2024-06-29,Ahmedabad
ORD17771,CUST534,PRD508,Electronics,Sony,1978.00,3,2024-06-29,Ahmedabad
ORD17772,CUST1240,PRD407,Sports,Puma,235.00,4,2024-06-29,Mumbai
ORD17772,CUST1240,PRD238,Home & Kitchen,Borosil,948.00,1,2024-06-29,Mumbai
ORD17772,CUST1240,PRD323,Fashion,Woodland,312.00,4,2024-06-29,Mumbai
ORD17772,CUST1240,PRD328,Books,Westland,163.00,1,2024-06-29,Mumbai
ORD17773,CUST1206,PRD163,Electronics,Realme,1801.00,1,2024-06-29,Bengaluru
ORD17774,CUST846,PRD381,Fashion,Peter England,406.00,3,2024-06-29,Delhi
ORD17774,CUST846,PRD429,Electronics,Boult,577.00,2,2024-06-29,Delhi
ORD17774,CUST846,PRD117,Electronics,Boult,831.00,1,2024-06-29,Delhi
ORD17774,CUST846,PRD464,Books,Bloomsbury,502.00,2,2024-06-29,Delhi
ORD17775,CUST1120,PRD103,Fashion,Woodland,1106.00,2,2024-06-29,Mumbai
ORD17776,CUST079,PRD078,Fashion,Woodland,513.00,2,2024-06-29,Mumbai
ORD17776,CUST079,PRD203,Sports,Campus,720.00,2,2024-06-29,Mumbai
ORD17777,CUST933,PRD295,Books,Rupa,420.00,2,2024-06-29,Pune
ORD17778,CUST080,PRD204,Electronics,Boat,1299.00,3,2024-06-29,Mumbai
ORD17778,CUST080,PRD379,Electronics,Realme,3493.00,1,2024-06-29,Mumbai
ORD17778,CUST080,PRD157,Electronics,OnePlus,2785.00,1,2024-06-29,Mumbai
ORD17779,CUST1275,PRD446,Beauty,Plum,155.00,1,2024-06-29,Delhi
ORD17779,CUST1275,PRD104,Home & Kitchen,Butterfly,875.00,3,2024-06-29,Delhi
ORD17779,CUST1275,PRD427,Beauty,Biotique,217.00,4,2024-06-29,Delhi
ORD17780,CUST618,PRD107,Electronics,JBL,844.00,3,2024-06-29,Mumbai
ORD17781,CUST593,PRD577,Electronics,Mi,1502.00,1,2024-06-29,Delhi
ORD17782,CUST493,PRD425,Electronics,Realme,1566.00,1,2024-06-29,Mumbai
ORD17782,CUST493,PRD163,Electronics,Realme,1801.00,1,2024-06-29,Mumbai
ORD17783,CUST1243,PRD129,Home & Kitchen,Pigeon,728.00,1,2024-06-30,Hyderabad
ORD17783,CUST1243,PRD197,Sports,Cosco,3499.00,1,2024-06-30,Hyderabad
ORD17784,CUST474,PRD317,Home & Kitchen,Butterfly,2280.00,1,2024-06-30,Hyderabad
ORD17784,CUST474,PRD555,Electronics,Boult,2277.00,1,2024-06-30,Hyderabad
ORD17785,CUST536,PRD163,Electronics,Realme,1801.00,1,2024-06-30,Bengaluru
ORD17785,CUST536,PRD285,Electronics,Sony,613.00,2,2024-06-30,Bengaluru
ORD17785,CUST536,PRD525,Books,Bloomsbury,699.00,1,2024-06-30,Bengaluru
ORD17785,CUST536,PRD255,Books,Rupa,223.00,1,2024-06-30,Bengaluru
ORD17786,CUST885,PRD398,Fashion,Biba,591.00,2,2024-06-30,Chennai
ORD17786,CUST885,PRD444,Electronics,Samsung,346.00,1,2024-06-30,Chennai
ORD17787,CUST823,PRD502,Electronics,Boult,1312.00,1,2024-06-30,Mumbai
ORD17787,CUST823,PRD107,Electronics,JBL,844.00,1,2024-06-30,Mumbai
ORD17788,CUST765,PRD013,Fashion,Biba,2499.00,1,2024-06-30,Hyderabad
ORD17788,CUST765,PRD091,Home & Kitchen,Cello,349.00,2,2024-06-30,Hyderabad
ORD17788,CUST765,PRD302,Books,Penguin,361.00,5,2024-06-30,Hyderabad
ORD17789,CUST137,PRD091,Home & Kitchen,Cello,349.00,1,2024-06-30,Mumbai
ORD17789,CUST137,PRD590,Fashion,Sparx,389.00,1,2024-06-30,Mumbai
ORD17790,CUST508,PRD163,Electronics,Realme,1801.00,1,2024-06-30,Mumbai
ORD17791,CUST504,PRD379,Electronics,Realme,3493.00,1,2024-06-30,Hyderabad
ORD17792,CUST351,PRD510,Sports,Cosco,583.00,2,2024-06-30,Bengaluru
ORD17792,CUST351,PRD484,Beauty,Himalaya,150.00,1,2024-06-30,Bengaluru
ORD17792,CUST351,PRD401,Electronics,Realme,1790.00,1,2024-06-30,Bengaluru
ORD17793,CUST308,PRD084,Fashion,Woodland,332.00,1,2024-06-30,Pune
ORD17794,CUST261,PRD114,Fashion,Bata,1028.00,1,2024-06-30,Pune
ORD17795,CUST923,PRD467,Home & Kitchen,Prestige,845.00,1,2024-06-30,Mumbai
ORD17796,CUST461,PRD029,Beauty,Lakme,431.00,1,2024-06-30,Delhi
ORD17797,CUST274,PRD519,Sports,Adidas,826.00,1,2024-06-30,Mumbai
ORD17798,CUST138,PRD225,Electronics,Samsung,469.00,3,2024-06-30,Hyderabad
ORD17799,CUST067,PRD174,Fashion,Bata,1462.00,1,2024-06-30,Mumbai
ORD17800,CUST1397,PRD107,Electronics,JBL,844.00,1,2024-06-30,Mumbai
ORD17801,CUST816,PRD163,Electronics,Realme,1801.00,1,2024-06-30,Pune
ORD17801,CUST816,PRD168,Home & Kitchen,Prestige,1522.00,1,2024-06-30,Pune
ORD17801,CUST816,PRD238,Home & Kitchen,Borosil,948.00,1,2024-06-30,Pune
ORD17801,CUST816,PRD530,Home & Kitchen,Prestige,1101.00,1,2024-06-30,Pune
ORD17802,CUST187,PRD238,Home & Kitchen,Borosil,948.00,1,2024-06-30,Chennai
ORD17802,CUST187,PRD163,Electronics,Realme,1801.00,1,2024-06-30,Chennai
ORD17802,CUST187,PRD328,Books,Westland,163.00,2,2024-06-30,Chennai
ORD17803,CUST1054,PRD293,Fashion,Levis,499.00,1,2024-06-30,Bengaluru
ORD17803,CUST1054,PRD367,Electronics,Realme,505.00,1,2024-06-30,Bengaluru
ORD17803,CUST1054,PRD504,Electronics,Mi,155.00,3,2024-06-30,Bengaluru
ORD17804,CUST1409,PRD478,Electronics,OnePlus,1494.00,1,2024-06-30,Mumbai
ORD17804,CUST1409,PRD111,Beauty,Nivea,266.00,1,2024-06-30,Mumbai
ORD17805,CUST962,PRD521,Beauty,Plum,303.00,1,2024-06-30,Delhi
ORD17805,CUST962,PRD228,Electronics,Realme,1737.00,1,2024-06-30,Delhi
ORD17806,CUST105,PRD354,Electronics,Apple,474.00,1,2024-06-30,Mumbai
ORD17807,CUST1274,PRD232,Fashion,Biba,822.00,1,2024-06-30,Bengaluru
ORD17808,CUST625,PRD249,Fashion,Levis,335.00,1,2024-06-30,Mumbai
ORD17809,CUST838,PRD091,Home & Kitchen,Cello,349.00,3,2024-06-30,Mumbai
ORD17809,CUST838,PRD211,Sports,Adidas,1428.00,2,2024-06-30,Mumbai
ORD17809,CUST838,PRD129,Home & Kitchen,Pigeon,728.00,1,2024-06-30,Mumbai
ORD17810,CUST1419,PRD289,Electronics,Boult,826.00,1,2024-06-30,Pune
ORD17811,CUST801,PRD140,Home & Kitchen,Prestige,2499.00,1,2024-06-30,Bengaluru
ORD17812,CUST1487,PRD222,Home & Kitchen,Cello,968.00,2,2024-06-30,Ahmedabad
ORD17813,CUST880,PRD416,Electronics,Boat,1236.00,1,2024-06-30,Mumbai
ORD17814,CUST1455,PRD307,Books,Rupa,1199.00,1,2024-06-30,Hyderabad
ORD17815,CUST156,PRD475,Fashion,Peter England,1447.00,1,2024-06-30,Mumbai
ORD17816,CUST1485,PRD102,Sports,Cosco,569.00,2,2024-06-30,Chennai
ORD17816,CUST1485,PRD148,Electronics,Realme,455.00,3,2024-06-30,Chennai
ORD17816,CUST1485,PRD127,Beauty,Biotique,208.00,3,2024-06-30,Chennai
ORD17816,CUST1485,PRD030,Electronics,Mi,1686.00,2,2024-06-30,Chennai
ORD17817,CUST1014,PRD246,Sports,Decathlon,256.00,4,2024-06-30,Delhi
ORD17818,CUST618,PRD180,Home & Kitchen,Cello,835.00,1,2024-06-30,Mumbai
ORD17819,CUST720,PRD521,Beauty,Plum,303.00,2,2024-06-30,Mumbai
ORD17819,CUST720,PRD205,Beauty,Plum,497.00,4,2024-06-30,Mumbai
ORD17820,CUST060,PRD583,Fashion,Biba,735.00,1,2024-06-30,Mumbai
ORD17821,CUST365,PRD174,Fashion,Bata,1462.00,2,2024-06-30,Delhi
ORD17821,CUST365,PRD513,Sports,Decathlon,3680.00,1,2024-06-30,Delhi
ORD17822,CUST522,PRD204,Electronics,Boat,1299.00,1,2024-06-30,Chennai
ORD17822,CUST522,PRD490,Electronics,Mi,1499.00,1,2024-06-30,Chennai
ORD17822,CUST522,PRD545,Electronics,Sony,1990.00,1,2024-06-30,Chennai
ORD17822,CUST522,PRD174,Fashion,Bata,1462.00,2,2024-06-30,Chennai
ORD17823,CUST1370,PRD392,Home & Kitchen,Pigeon,1205.00,1,2024-06-30,Mumbai
ORD17824,CUST747,PRD247,Sports,Campus,1130.00,1,2024-06-30,Mumbai
ORD17825,CUST715,PRD411,Fashion,Bata,815.00,1,2024-06-30,Chennai
ORD17826,CUST1226,PRD020,Beauty,Maybelline,169.00,3,2024-06-30,Bengaluru
ORD17826,CUST1226,PRD469,Fashion,Puma,616.00,2,2024-06-30,Bengaluru
ORD17827,CUST419,PRD197,Sports,Cosco,3499.00,1,2024-06-30,Delhi
ORD17827,CUST419,PRD163,Electronics,Realme,1801.00,1,2024-06-30,Delhi
ORD17827,CUST419,PRD588,Electronics,JBL,3249.00,1,2024-06-30,Delhi
ORD17828,CUST734,PRD107,Electronics,JBL,844.00,1,2024-06-30,Chennai
