product_id,name,category,brand,price,rating,description,tags
PRD001,Prestige Pressure Cooker Lite,Home & Kitchen,Prestige,1327.0,3.6,Prestige Pressure Cooker Lite. Induction friendly pressure cooker with a 7 litre capacity and safety valve. A practical gift for a new home or a wedding. Dishwasher safe and easy to clean after heavy Indian cooking.,cooker kitchen cooking induction steel prestige pressure cooker
PRD002,Milton Bedsheet Set Plus,Home & Kitchen,Milton,1281.0,4.0,"Milton Bedsheet Set Plus. Cotton double bedsheet with 2 pillow covers, soft weave and colourfast dye. Backed by a replacement guarantee against manufacturing defects. Dishwasher safe and easy to clean after heavy Indian cooking.",bedsheet cotton home bedroom milton bedsheet set
PRD003,JBL Smart Watch Classic,Electronics,JBL,3498.0,3.5,"JBL Smart Watch Classic. Smart watch with a 11 day battery, SpO2 tracking, heart rate monitor and call support. Tuned for punchy bass with a clear mid range for podcasts and calls. Type C fast charging gives a full day of use from a ten minute top up.",watch smartwatch fitness tracker battery jbl smart watch
PRD004,Pigeon Non-Stick Tawa,Home & Kitchen,Pigeon,874.0,4.6,"Pigeon Non-Stick Tawa. Non stick tawa with a heat resistant handle, perfect for rotis and dosas. Food grade stainless steel with no plastic in contact with food. A practical gift for a new home or a wedding.",tawa kitchen cooking nonstick pan pigeon non-stick tawa
PRD005,JBL Smart Watch Pro,Electronics,JBL,3912.0,4.5,"JBL Smart Watch Pro. Smart watch with a 14 day battery, SpO2 tracking, heart rate monitor and call support. Designed and tested in India for daily commute use. Pairs instantly over Bluetooth 5.3 and remembers the last two devices.",watch smartwatch fitness tracker battery jbl smart watch
PRD006,Lakme Face Wash Pro,Beauty,Lakme,160.0,4.6,"Lakme Face Wash Pro. Gentle daily face wash with neem and aloe for oil control and clear skin. Formulated for Indian weather, from dry winters to humid monsoons. Travel friendly pack that fits in a handbag.",facewash skincare beauty cleanser daily lakme face wash
PRD007,HarperCollins Children's Storybook Lite,Books,HarperCollins,336.0,3.7,"HarperCollins Children's Storybook Lite. An illustrated children's storybook with 28 short bedtime stories. A thoughtful gift for a curious friend or a student. Written in clear, accessible language for the general reader.",book children stories illustrated reading harpercollins children's storybook
PRD008,Nivea Hair Serum Pro,Beauty,Nivea,983.0,3.8,"Nivea Hair Serum Pro. Anti frizz hair serum with argan oil for smooth, shiny and manageable hair. A little goes a long way, so one pack lasts for months. Absorbs quickly without leaving a sticky residue.",serum hair beauty frizz argan nivea hair serum
PRD009,Levis Running Shorts,Fashion,Levis,1499.0,3.2,"Levis Running Shorts. Quick dry running shorts with an elastic waistband and side pockets. Pairs easily with both formal trousers and weekend denim. Skin friendly dye, free from harsh azo chemicals.",shorts running sports clothing quickdry levis running shorts
PRD010,Maybelline Hair Serum,Beauty,Maybelline,1040.0,3.7,"Maybelline Hair Serum. Anti frizz hair serum with argan oil for smooth, shiny and manageable hair. Travel friendly pack that fits in a handbag. Formulated for Indian weather, from dry winters to humid monsoons.",serum hair beauty frizz argan maybelline hair serum
PRD011,Noise Smart Watch Lite,Electronics,Noise,1933.0,3.6,"Noise Smart Watch Lite. Smart watch with a 15 day battery, SpO2 tracking, heart rate monitor and call support. Tuned for punchy bass with a clear mid range for podcasts and calls. Type C fast charging gives a full day of use from a ten minute top up.",watch smartwatch fitness tracker battery noise smart watch
PRD012,Cello Non-Stick Tawa 2.0,Home & Kitchen,Cello,615.0,3.9,"Cello Non-Stick Tawa 2.0. Non stick tawa with a heat resistant handle, perfect for rotis and dosas. Ergonomic handle stays cool while cooking. Works on gas stoves as well as induction cooktops.",tawa kitchen cooking nonstick pan cello non-stick tawa
PRD013,Biba Cotton Kurta Pro,Fashion,Biba,2499.0,3.3,"Biba Cotton Kurta Pro. Breathable cotton kurta with a regular fit, ideal for daily wear and festive occasions. Pairs easily with both formal trousers and weekend denim. A staple piece that works from office desk to evening out.",kurta cotton ethnic clothing comfortable biba cotton kurta
PRD014,Yonex Yoga Mat Plus,Sports,Yonex,1280.0,3.4,"Yonex Yoga Mat Plus. Anti skid yoga mat, 8mm thick with a textured grip surface and carry strap. Comes with a carry bag for easy storage and transport. Sweat resistant finish wipes clean after every session.",yoga mat fitness exercise antiskid yonex yoga mat
PRD015,Plum Hair Serum Classic,Beauty,Plum,264.0,4.4,"Plum Hair Serum Classic. Anti frizz hair serum with argan oil for smooth, shiny and manageable hair. Free from parabens, sulphates and mineral oil. Formulated for Indian weather, from dry winters to humid monsoons.",serum hair beauty frizz argan plum hair serum
PRD016,Sony Smart Watch,Electronics,Sony,1624.0,4.3,"Sony Smart Watch. Smart watch with a 15 day battery, SpO2 tracking, heart rate monitor and call support. Type C fast charging gives a full day of use from a ten minute top up. Tuned for punchy bass with a clear mid range for podcasts and calls.",watch smartwatch fitness tracker battery sony smart watch
PRD017,Boat Rockerz 255 Earphones,Electronics,Boat,1299.0,4.2,"Wireless neckband earphones with 40 hour playback, IPX5 sweat resistance and fast charging.",wireless bluetooth earphones neckband sports battery
PRD018,Puma Cotton T-Shirt Max,Fashion,Puma,418.0,4.1,Puma Cotton T-Shirt Max. Soft combed cotton t shirt with a round neck and colourfast print. Machine washable fabric that holds colour after repeated washes. Breathable weave keeps you cool through humid afternoons.,tshirt cotton casual clothing comfortable puma cotton t-shirt
PRD019,Woodland Sports Sandals Plus,Fashion,Woodland,707.0,3.6,"Woodland Sports Sandals Plus. Durable sports sandals with adjustable straps and a cushioned anti-skid sole. Machine washable fabric that holds colour after repeated washes. Skin friendly dye, free from harsh azo chemicals.",sandals sports comfortable anti-skid outdoor woodland sports sandals
PRD020,Maybelline Kajal Pencil Plus,Beauty,Maybelline,169.0,4.4,"Maybelline Kajal Pencil Plus. Smudge proof kajal pencil with an intense matte black finish that lasts all day. Formulated for Indian weather, from dry winters to humid monsoons. Absorbs quickly without leaving a sticky residue.",kajal makeup eyes beauty smudgeproof maybelline kajal pencil
PRD021,Sparx Sports Sandals,Fashion,Sparx,853.0,4.5,Sparx Sports Sandals. Durable sports sandals with adjustable straps and a cushioned anti-skid sole. Machine washable fabric that holds colour after repeated washes. Reinforced stitching at stress points for a longer life.,sandals sports comfortable anti-skid outdoor sparx sports sandals
PRD022,Hawkins Bedsheet Set 2.0,Home & Kitchen,Hawkins,1213.0,3.5,"Hawkins Bedsheet Set 2.0. Cotton double bedsheet with 2 pillow covers, soft weave and colourfast dye. Compact enough to store on a regular kitchen shelf. Works on gas stoves as well as induction cooktops.",bedsheet cotton home bedroom hawkins bedsheet set
PRD023,Pigeon Bedsheet Set Plus,Home & Kitchen,Pigeon,857.0,4.0,"Pigeon Bedsheet Set Plus. Cotton double bedsheet with 2 pillow covers, soft weave and colourfast dye. Compact enough to store on a regular kitchen shelf. Backed by a replacement guarantee against manufacturing defects.",bedsheet cotton home bedroom pigeon bedsheet set
PRD024,Levis Running Shorts Classic,Fashion,Levis,408.0,4.5,Levis Running Shorts Classic. Quick dry running shorts with an elastic waistband and side pockets. Pairs easily with both formal trousers and weekend denim. Available in a regular fit that suits most Indian body types.,shorts running sports clothing quickdry levis running shorts
PRD025,Nivea Face Wash Max,Beauty,Nivea,157.0,3.8,"Nivea Face Wash Max. Gentle daily face wash with neem and aloe for oil control and clear skin. A little goes a long way, so one pack lasts for months. Travel friendly pack that fits in a handbag.",facewash skincare beauty cleanser daily nivea face wash
PRD026,Milton Steel Lunch Box Plus,Home & Kitchen,Milton,781.0,3.2,Milton Steel Lunch Box Plus. Leak proof stainless steel lunch box with 3 compartments and an insulated sleeve. Dishwasher safe and easy to clean after heavy Indian cooking. Food grade stainless steel with no plastic in contact with food.,lunchbox steel kitchen tiffin insulated milton steel lunch box
PRD027,Puma Cotton T-Shirt Max M128,Fashion,Puma,488.0,4.6,Puma Cotton T-Shirt Max M128. Soft combed cotton t shirt with a round neck and colourfast print. Available in a regular fit that suits most Indian body types. A staple piece that works from office desk to evening out.,tshirt cotton casual clothing comfortable puma cotton t-shirt
PRD028,Mi Bluetooth Mouse,Electronics,Mi,576.0,3.6,Mi Bluetooth Mouse. Silent click wireless mouse with adjustable DPI and 13 month battery life. Designed and tested in India for daily commute use. Comes with a one year manufacturer warranty and free doorstep service.,mouse wireless bluetooth computer silent mi bluetooth mouse
PRD029,Lakme Sunscreen SPF 50 2.0,Beauty,Lakme,431.0,4.5,"Lakme Sunscreen SPF 50 2.0. Non greasy broad spectrum SPF 50 sunscreen suitable for daily Indian sun exposure. A little goes a long way, so one pack lasts for months. Free from parabens, sulphates and mineral oil.",sunscreen spf skincare beauty protection lakme sunscreen spf 50
PRD030,Mi Power Bank Max,Electronics,Mi,1686.0,4.0,Mi Power Bank Max. Fast charging power bank with 11000mAh capacity and dual output ports. Lightweight build that slips easily into a laptop bag or jacket pocket. Tuned for punchy bass with a clear mid range for podcasts and calls.,powerbank charger battery portable fast mi power bank
PRD031,Lakme Sunscreen SPF 50 2.0 M132,Beauty,Lakme,547.0,4.7,"Lakme Sunscreen SPF 50 2.0 M132. Non greasy broad spectrum SPF 50 sunscreen suitable for daily Indian sun exposure. Free from parabens, sulphates and mineral oil. Formulated for Indian weather, from dry winters to humid monsoons.",sunscreen spf skincare beauty protection lakme sunscreen spf 50
PRD032,Levis Leather Belt Classic,Fashion,Levis,823.0,3.9,Levis Leather Belt Classic. Genuine leather belt with a brushed metal buckle and reversible strap. Machine washable fabric that holds colour after repeated washes. Breathable weave keeps you cool through humid afternoons.,belt leather accessory formal levis leather belt
PRD033,Mi USB-C Cable Classic,Electronics,Mi,160.0,3.8,Mi USB-C Cable Classic. Braided USB C fast charging cable rated for 60W with reinforced connectors. Tuned for punchy bass with a clear mid range for podcasts and calls. Pairs instantly over Bluetooth 5.3 and remembers the last two devices.,cable usbc charging fast braided mi usb-c cable
PRD034,Noise USB-C Cable Max,Electronics,Noise,150.0,4.6,Noise USB-C Cable Max. Braided USB C fast charging cable rated for 80W with reinforced connectors. Type C fast charging gives a full day of use from a ten minute top up. Tuned for punchy bass with a clear mid range for podcasts and calls.,cable usbc charging fast braided noise usb-c cable
PRD035,Hawkins Steel Lunch Box Pro,Home & Kitchen,Hawkins,438.0,4.0,Hawkins Steel Lunch Box Pro. Leak proof stainless steel lunch box with 2 compartments and an insulated sleeve. Ergonomic handle stays cool while cooking. Works on gas stoves as well as induction cooktops.,lunchbox steel kitchen tiffin insulated hawkins steel lunch box
PRD036,JBL Wired Earphones 2.0,Electronics,JBL,313.0,3.7,"JBL Wired Earphones 2.0. In ear wired earphones with a moulded fit, tangle free cable and inline mic. Tuned for punchy bass with a clear mid range for podcasts and calls. Lightweight build that slips easily into a laptop bag or jacket pocket.",earphones wired audio music mic jbl wired earphones
PRD037,Cello Non-Stick Tawa Plus,Home & Kitchen,Cello,584.0,4.3,"Cello Non-Stick Tawa Plus. Non stick tawa with a heat resistant handle, perfect for rotis and dosas. Backed by a replacement guarantee against manufacturing defects. A practical gift for a new home or a wedding.",tawa kitchen cooking nonstick pan cello non-stick tawa
PRD038,Bata Cotton Kurta Max,Fashion,Bata,691.0,3.6,"Bata Cotton Kurta Max. Breathable cotton kurta with a regular fit, ideal for daily wear and festive occasions. Pairs easily with both formal trousers and weekend denim. Available in a regular fit that suits most Indian body types.",kurta cotton ethnic clothing comfortable bata cotton kurta
PRD039,Himalaya Hair Serum Plus,Beauty,Himalaya,936.0,3.7,"Himalaya Hair Serum Plus. Anti frizz hair serum with argan oil for smooth, shiny and manageable hair. Formulated for Indian weather, from dry winters to humid monsoons. Dermatologically tested and suitable for sensitive skin.",serum hair beauty frizz argan himalaya hair serum
PRD040,Apple Bluetooth Mouse Max,Electronics,Apple,817.0,3.9,Apple Bluetooth Mouse Max. Silent click wireless mouse with adjustable DPI and 12 month battery life. Environment noise cancellation makes voice calls clear on busy streets. Tuned for punchy bass with a clear mid range for podcasts and calls.,mouse wireless bluetooth computer silent apple bluetooth mouse
PRD041,Yonex Cricket Bat Plus,Sports,Yonex,1121.0,3.4,Yonex Cricket Bat Plus. Kashmir willow cricket bat with a short handle and sturdy toe guard. Sweat resistant finish wipes clean after every session. Suits beginners while still holding up for regular players.,cricket bat sports willow game yonex cricket bat
PRD042,Prestige Electric Kettle Plus,Home & Kitchen,Prestige,2999.0,4.4,Prestige Electric Kettle Plus. Rapid boil electric kettle with a 1 litre capacity and auto shut off. Dishwasher safe and easy to clean after heavy Indian cooking. Food grade stainless steel with no plastic in contact with food.,kettle electric kitchen tea coffee boil prestige electric kettle
PRD043,Samsung Smart Watch Pro,Electronics,Samsung,1615.0,4.0,"Samsung Smart Watch Pro. Smart watch with a 11 day battery, SpO2 tracking, heart rate monitor and call support. Lightweight build that slips easily into a laptop bag or jacket pocket. Pairs instantly over Bluetooth 5.3 and remembers the last two devices.",watch smartwatch fitness tracker battery samsung smart watch
PRD044,Woodland Formal Shirt Pro,Fashion,Woodland,1002.0,4.8,Woodland Formal Shirt Pro. Wrinkle resistant formal shirt in a slim fit with a spread collar. A staple piece that works from office desk to evening out. Pairs easily with both formal trousers and weekend denim.,shirt formal office clothing slim woodland formal shirt
PRD045,Sparx Formal Shirt,Fashion,Sparx,959.0,3.8,Sparx Formal Shirt. Wrinkle resistant formal shirt in a slim fit with a spread collar. Machine washable fabric that holds colour after repeated washes. Available in a regular fit that suits most Indian body types.,shirt formal office clothing slim sparx formal shirt
PRD046,Cello Pressure Cooker Max,Home & Kitchen,Cello,2604.0,4.2,Cello Pressure Cooker Max. Induction friendly pressure cooker with a 3 litre capacity and safety valve. Food grade stainless steel with no plastic in contact with food. Compact enough to store on a regular kitchen shelf.,cooker kitchen cooking induction steel cello pressure cooker
PRD047,Apple Smart Watch Lite,Electronics,Apple,1555.0,3.5,"Apple Smart Watch Lite. Smart watch with a 6 day battery, SpO2 tracking, heart rate monitor and call support. Pairs instantly over Bluetooth 5.3 and remembers the last two devices. Tuned for punchy bass with a clear mid range for podcasts and calls.",watch smartwatch fitness tracker battery apple smart watch
PRD048,Lakme Face Wash 2.0,Beauty,Lakme,799.0,4.6,Lakme Face Wash 2.0. Gentle daily face wash with neem and aloe for oil control and clear skin. Absorbs quickly without leaving a sticky residue. Dermatologically tested and suitable for sensitive skin.,facewash skincare beauty cleanser daily lakme face wash
PRD049,Milton Pressure Cooker,Home & Kitchen,Milton,1532.0,3.7,Milton Pressure Cooker. Induction friendly pressure cooker with a 4 litre capacity and safety valve. A practical gift for a new home or a wedding. Ergonomic handle stays cool while cooking.,cooker kitchen cooking induction steel milton pressure cooker
PRD050,Allen Solly Cotton T-Shirt,Fashion,Allen Solly,312.0,4.2,"Allen Solly Cotton T-Shirt. Soft combed cotton t shirt with a round neck and colourfast print. Machine washable fabric that holds colour after repeated washes. Skin friendly dye, free from harsh azo chemicals.",tshirt cotton casual clothing comfortable allen solly cotton t-shirt
PRD051,Woodland Cotton Kurta 2.0,Fashion,Woodland,755.0,3.4,"Woodland Cotton Kurta 2.0. Breathable cotton kurta with a regular fit, ideal for daily wear and festive occasions. A staple piece that works from office desk to evening out. Available in a regular fit that suits most Indian body types.",kurta cotton ethnic clothing comfortable woodland cotton kurta
PRD052,Boult Power Bank,Electronics,Boult,1689.0,4.8,Boult Power Bank. Fast charging power bank with 18000mAh capacity and dual output ports. Type C fast charging gives a full day of use from a ten minute top up. Environment noise cancellation makes voice calls clear on busy streets.,powerbank charger battery portable fast boult power bank
PRD053,Cosco Dumbbell Set Pro,Sports,Cosco,2360.0,3.4,Cosco Dumbbell Set Pro. PVC coated dumbbell set of 10kg pairs with a knurled grip. Durable materials that survive a full season of use. Comes with a carry bag for easy storage and transport.,dumbbell fitness gym weights exercise cosco dumbbell set
PRD054,Nike Cricket Bat 2.0,Sports,Nike,1327.0,3.6,Nike Cricket Bat 2.0. Kashmir willow cricket bat with a short handle and sturdy toe guard. Sweat resistant finish wipes clean after every session. Tested for grip on both indoor courts and rough outdoor surfaces.,cricket bat sports willow game nike cricket bat
PRD055,Maybelline Sunscreen SPF 50 Plus,Beauty,Maybelline,497.0,4.0,"Maybelline Sunscreen SPF 50 Plus. Non greasy broad spectrum SPF 50 sunscreen suitable for daily Indian sun exposure. Absorbs quickly without leaving a sticky residue. Formulated for Indian weather, from dry winters to humid monsoons.",sunscreen spf skincare beauty protection maybelline sunscreen spf 50
PRD056,Milton Steel Lunch Box Plus M157,Home & Kitchen,Milton,1613.0,4.1,Milton Steel Lunch Box Plus M157. Leak proof stainless steel lunch box with 3 compartments and an insulated sleeve. Compact enough to store on a regular kitchen shelf. A practical gift for a new home or a wedding.,lunchbox steel kitchen tiffin insulated milton steel lunch box
PRD057,Sony Bluetooth Speaker Plus,Electronics,Sony,1157.0,3.3,"Sony Bluetooth Speaker Plus. Portable bluetooth speaker with 23 hour playback, deep bass and IPX6 splash resistance. Tuned for punchy bass with a clear mid range for podcasts and calls. Type C fast charging gives a full day of use from a ten minute top up.",speaker bluetooth wireless audio bass portable sony bluetooth speaker
PRD058,Mi Power Bank Max M159,Electronics,Mi,2999.0,3.4,Mi Power Bank Max M159. Fast charging power bank with 16000mAh capacity and dual output ports. Tuned for punchy bass with a clear mid range for podcasts and calls. Environment noise cancellation makes voice calls clear on busy streets.,powerbank charger battery portable fast mi power bank
PRD059,Wonderchef Storage Container Set 2.0,Home & Kitchen,Wonderchef,592.0,3.7,"Wonderchef Storage Container Set 2.0. Airtight storage container set of 6, stackable and dishwasher safe. Compact enough to store on a regular kitchen shelf. Dishwasher safe and easy to clean after heavy Indian cooking.",container storage kitchen airtight set wonderchef storage container set
PRD060,HarperCollins Cookbook,Books,HarperCollins,785.0,4.6,HarperCollins Cookbook. A regional Indian cookbook with 80 tested home style recipes and cooking tips. Widely recommended by readers and reviewers alike. A thoughtful gift for a curious friend or a student.,book cookbook cooking recipes kitchen gift harpercollins cookbook
PRD061,Prestige Non-Stick Tawa Pro,Home & Kitchen,Prestige,1999.0,3.3,"Prestige Non-Stick Tawa Pro. Non stick tawa with a heat resistant handle, perfect for rotis and dosas. Compact enough to store on a regular kitchen shelf. Dishwasher safe and easy to clean after heavy Indian cooking.",tawa kitchen cooking nonstick pan prestige non-stick tawa
PRD062,Cello Pressure Cooker Classic,Home & Kitchen,Cello,1709.0,4.6,Cello Pressure Cooker Classic. Induction friendly pressure cooker with a 7 litre capacity and safety valve. Works on gas stoves as well as induction cooktops. Food grade stainless steel with no plastic in contact with food.,cooker kitchen cooking induction steel cello pressure cooker
PRD063,JBL Bluetooth Speaker Lite,Electronics,JBL,1768.0,4.1,"JBL Bluetooth Speaker Lite. Portable bluetooth speaker with 21 hour playback, deep bass and IPX6 splash resistance. Comes with a one year manufacturer warranty and free doorstep service. Environment noise cancellation makes voice calls clear on busy streets.",speaker bluetooth wireless audio bass portable jbl bluetooth speaker
PRD064,Noise Wired Earphones Lite,Electronics,Noise,539.0,3.4,"Noise Wired Earphones Lite. In ear wired earphones with a moulded fit, tangle free cable and inline mic. Type C fast charging gives a full day of use from a ten minute top up. Lightweight build that slips easily into a laptop bag or jacket pocket.",earphones wired audio music mic noise wired earphones
PRD065,Sony USB-C Cable Max,Electronics,Sony,211.0,3.2,Sony USB-C Cable Max. Braided USB C fast charging cable rated for 100W with reinforced connectors. Type C fast charging gives a full day of use from a ten minute top up. Lightweight build that slips easily into a laptop bag or jacket pocket.,cable usbc charging fast braided sony usb-c cable
PRD066,JBL Wired Earphones Classic,Electronics,JBL,487.0,3.4,"JBL Wired Earphones Classic. In ear wired earphones with a moulded fit, tangle free cable and inline mic. Comes with a one year manufacturer warranty and free doorstep service. Environment noise cancellation makes voice calls clear on busy streets.",earphones wired audio music mic jbl wired earphones
PRD067,Woodland Sports Sandals Lite,Fashion,Woodland,1999.0,4.3,Woodland Sports Sandals Lite. Durable sports sandals with adjustable straps and a cushioned anti-skid sole. Reinforced stitching at stress points for a longer life. Breathable weave keeps you cool through humid afternoons.,sandals sports comfortable anti-skid outdoor woodland sports sandals
PRD068,Peter England Formal Shirt Max,Fashion,Peter England,1019.0,4.1,"Peter England Formal Shirt Max. Wrinkle resistant formal shirt in a slim fit with a spread collar. Skin friendly dye, free from harsh azo chemicals. Pairs easily with both formal trousers and weekend denim.",shirt formal office clothing slim peter england formal shirt
PRD069,Woodland Formal Shirt,Fashion,Woodland,1644.0,4.8,Woodland Formal Shirt. Wrinkle resistant formal shirt in a slim fit with a spread collar. Reinforced stitching at stress points for a longer life. Machine washable fabric that holds colour after repeated washes.,shirt formal office clothing slim woodland formal shirt
PRD070,Wonderchef Pressure Cooker,Home & Kitchen,Wonderchef,1246.0,3.6,Wonderchef Pressure Cooker. Induction friendly pressure cooker with a 6 litre capacity and safety valve. Works on gas stoves as well as induction cooktops. Ergonomic handle stays cool while cooking.,cooker kitchen cooking induction steel wonderchef pressure cooker
PRD071,Himalaya Moisturising Cream Pro,Beauty,Himalaya,243.0,4.2,"Himalaya Moisturising Cream Pro. Lightweight moisturising cream with vitamin E for 32 hour hydration. A little goes a long way, so one pack lasts for months. Cruelty free and never tested on animals.",cream moisturiser skincare beauty hydration himalaya moisturising cream
PRD072,Aleph Children's Storybook Plus,Books,Aleph,226.0,3.6,"Aleph Children's Storybook Plus. An illustrated children's storybook with 17 short bedtime stories. A thoughtful gift for a curious friend or a student. Written in clear, accessible language for the general reader.",book children stories illustrated reading aleph children's storybook
PRD073,Mi Power Bank 2.0,Electronics,Mi,1540.0,3.5,Mi Power Bank 2.0. Fast charging power bank with 14000mAh capacity and dual output ports. Designed and tested in India for daily commute use. Comes with a one year manufacturer warranty and free doorstep service.,powerbank charger battery portable fast mi power bank
PRD074,Plum Moisturising Cream,Beauty,Plum,209.0,4.4,"Plum Moisturising Cream. Lightweight moisturising cream with vitamin E for 27 hour hydration. Dermatologically tested and suitable for sensitive skin. Free from parabens, sulphates and mineral oil.",cream moisturiser skincare beauty hydration plum moisturising cream
PRD075,Sparx Leather Belt 2.0,Fashion,Sparx,1008.0,3.9,Sparx Leather Belt 2.0. Genuine leather belt with a brushed metal buckle and reversible strap. Machine washable fabric that holds colour after repeated washes. Breathable weave keeps you cool through humid afternoons.,belt leather accessory formal sparx leather belt
PRD076,Nivia Football Max,Sports,Nivia,579.0,3.9,"Nivia Football Max. Machine stitched football with a durable rubber bladder, size 5. Durable materials that survive a full season of use. Suits beginners while still holding up for regular players.",football sports ball game outdoor nivia football
PRD077,Samsung Smart Watch 2.0,Electronics,Samsung,3801.0,3.3,"Samsung Smart Watch 2.0. Smart watch with a 16 day battery, SpO2 tracking, heart rate monitor and call support. Pairs instantly over Bluetooth 5.3 and remembers the last two devices. Tuned for punchy bass with a clear mid range for podcasts and calls.",watch smartwatch fitness tracker battery samsung smart watch
PRD078,Woodland Sports Sandals,Fashion,Woodland,513.0,4.0,Woodland Sports Sandals. Durable sports sandals with adjustable straps and a cushioned anti-skid sole. Breathable weave keeps you cool through humid afternoons. Available in a regular fit that suits most Indian body types.,sandals sports comfortable anti-skid outdoor woodland sports sandals
PRD079,Biba Cotton Kurta 2.0,Fashion,Biba,1249.0,4.0,"Biba Cotton Kurta 2.0. Breathable cotton kurta with a regular fit, ideal for daily wear and festive occasions. Machine washable fabric that holds colour after repeated washes. Skin friendly dye, free from harsh azo chemicals.",kurta cotton ethnic clothing comfortable biba cotton kurta
PRD080,Realme Bluetooth Speaker Classic,Electronics,Realme,1211.0,3.7,"Realme Bluetooth Speaker Classic. Portable bluetooth speaker with 8 hour playback, deep bass and IPX6 splash resistance. Lightweight build that slips easily into a laptop bag or jacket pocket. Type C fast charging gives a full day of use from a ten minute top up.",speaker bluetooth wireless audio bass portable realme bluetooth speaker
PRD081,Hawkins Steel Lunch Box Plus,Home & Kitchen,Hawkins,616.0,3.8,Hawkins Steel Lunch Box Plus. Leak proof stainless steel lunch box with 2 compartments and an insulated sleeve. A practical gift for a new home or a wedding. Works on gas stoves as well as induction cooktops.,lunchbox steel kitchen tiffin insulated hawkins steel lunch box
PRD082,Butterfly Storage Container Set Max,Home & Kitchen,Butterfly,614.0,4.2,"Butterfly Storage Container Set Max. Airtight storage container set of 10, stackable and dishwasher safe. Food grade stainless steel with no plastic in contact with food. A practical gift for a new home or a wedding.",container storage kitchen airtight set butterfly storage container set
PRD083,Sparx Cotton Kurta Classic,Fashion,Sparx,627.0,3.8,"Sparx Cotton Kurta Classic. Breathable cotton kurta with a regular fit, ideal for daily wear and festive occasions. Breathable weave keeps you cool through humid afternoons. A staple piece that works from office desk to evening out.",kurta cotton ethnic clothing comfortable sparx cotton kurta
PRD084,Woodland Cotton T-Shirt 2.0,Fashion,Woodland,332.0,4.4,Woodland Cotton T-Shirt 2.0. Soft combed cotton t shirt with a round neck and colourfast print. Available in a regular fit that suits most Indian body types. A staple piece that works from office desk to evening out.,tshirt cotton casual clothing comfortable woodland cotton t-shirt
PRD085,Biotique Sunscreen SPF 50 Max,Beauty,Biotique,666.0,4.2,"Biotique Sunscreen SPF 50 Max. Non greasy broad spectrum SPF 50 sunscreen suitable for daily Indian sun exposure. Formulated for Indian weather, from dry winters to humid monsoons. Cruelty free and never tested on animals.",sunscreen spf skincare beauty protection biotique sunscreen spf 50
PRD086,Decathlon Dumbbell Set Lite,Sports,Decathlon,1825.0,4.2,Decathlon Dumbbell Set Lite. PVC coated dumbbell set of 10kg pairs with a knurled grip. Comes with a carry bag for easy storage and transport. Sweat resistant finish wipes clean after every session.,dumbbell fitness gym weights exercise decathlon dumbbell set
PRD087,Rupa Self-Help Book,Books,Rupa,699.0,4.2,Rupa Self-Help Book. A practical self help book on building habits that actually stick. Widely recommended by readers and reviewers alike. Compact paperback edition that travels well.,book selfhelp habits reading motivation rupa self-help book
PRD088,Milton Thermosteel Flask 1L,Home & Kitchen,Milton,649.0,4.4,Vacuum insulated stainless steel flask that keeps drinks hot or cold for up to 24 hours.,flask thermos insulated steel coffee tea travel
PRD089,Peter England Running Shorts 2.0,Fashion,Peter England,652.0,3.5,Peter England Running Shorts 2.0. Quick dry running shorts with an elastic waistband and side pockets. Breathable weave keeps you cool through humid afternoons. Available in a regular fit that suits most Indian body types.,shorts running sports clothing quickdry peter england running shorts
PRD090,Biba Cotton Kurta Classic,Fashion,Biba,621.0,4.3,"Biba Cotton Kurta Classic. Breathable cotton kurta with a regular fit, ideal for daily wear and festive occasions. Skin friendly dye, free from harsh azo chemicals. Reinforced stitching at stress points for a longer life.",kurta cotton ethnic clothing comfortable biba cotton kurta
PRD091,Cello Insulated Coffee Mug,Home & Kitchen,Cello,349.0,4.0,"Double walled insulated travel mug with a leak proof lid, keeps coffee hot on the commute.",mug coffee travel insulated hot flask
PRD092,Maybelline Kajal Pencil Lite,Beauty,Maybelline,184.0,3.6,Maybelline Kajal Pencil Lite. Smudge proof kajal pencil with an intense matte black finish that lasts all day. Cruelty free and never tested on animals. Travel friendly pack that fits in a handbag.,kajal makeup eyes beauty smudgeproof maybelline kajal pencil
PRD093,Woodland Sports Sandals 2.0,Fashion,Woodland,562.0,3.5,Woodland Sports Sandals 2.0. Durable sports sandals with adjustable straps and a cushioned anti-skid sole. Reinforced stitching at stress points for a longer life. A staple piece that works from office desk to evening out.,sandals sports comfortable anti-skid outdoor woodland sports sandals
PRD094,Rupa Cookbook Classic,Books,Rupa,415.0,4.3,"Rupa Cookbook Classic. A regional Indian cookbook with 110 tested home style recipes and cooking tips. Written in clear, accessible language for the general reader. A thoughtful gift for a curious friend or a student.",book cookbook cooking recipes kitchen gift rupa cookbook
PRD095,Pigeon Stainless Kitchen Knife Set,Home & Kitchen,Pigeon,449.0,4.0,"Five piece stainless steel knife set for chopping, slicing and everyday kitchen cooking.",knife kitchen cooking steel set gift
PRD096,Mi USB-C Cable 2.0,Electronics,Mi,167.0,3.6,Mi USB-C Cable 2.0. Braided USB C fast charging cable rated for 100W with reinforced connectors. Environment noise cancellation makes voice calls clear on busy streets. Pairs instantly over Bluetooth 5.3 and remembers the last two devices.,cable usbc charging fast braided mi usb-c cable
PRD097,Plum Hair Serum Plus,Beauty,Plum,617.0,3.8,"Plum Hair Serum Plus. Anti frizz hair serum with argan oil for smooth, shiny and manageable hair. Travel friendly pack that fits in a handbag. A little goes a long way, so one pack lasts for months.",serum hair beauty frizz argan plum hair serum
PRD098,Peter England Running Shorts Pro,Fashion,Peter England,1499.0,3.6,Peter England Running Shorts Pro. Quick dry running shorts with an elastic waistband and side pockets. Pairs easily with both formal trousers and weekend denim. Available in a regular fit that suits most Indian body types.,shorts running sports clothing quickdry peter england running shorts
PRD099,Milton Pressure Cooker 2.0,Home & Kitchen,Milton,1207.0,3.3,Milton Pressure Cooker 2.0. Induction friendly pressure cooker with a 4 litre capacity and safety valve. Ergonomic handle stays cool while cooking. Works on gas stoves as well as induction cooktops.,cooker kitchen cooking induction steel milton pressure cooker
PRD100,Boat Bluetooth Mouse 2.0,Electronics,Boat,413.0,4.0,Boat Bluetooth Mouse 2.0. Silent click wireless mouse with adjustable DPI and 7 month battery life. Pairs instantly over Bluetooth 5.3 and remembers the last two devices. Lightweight build that slips easily into a laptop bag or jacket pocket.,mouse wireless bluetooth computer silent boat bluetooth mouse
PRD101,Boult Wired Earphones,Electronics,Boult,1168.0,3.2,"Boult Wired Earphones. In ear wired earphones with a moulded fit, tangle free cable and inline mic. Tuned for punchy bass with a clear mid range for podcasts and calls. Comes with a one year manufacturer warranty and free doorstep service.",earphones wired audio music mic boult wired earphones
PRD102,Cosco Football,Sports,Cosco,569.0,4.0,"Cosco Football. Machine stitched football with a durable rubber bladder, size 5. Comes with a carry bag for easy storage and transport. Durable materials that survive a full season of use.",football sports ball game outdoor cosco football
PRD103,Woodland Formal Shirt Classic,Fashion,Woodland,1106.0,3.7,Woodland Formal Shirt Classic. Wrinkle resistant formal shirt in a slim fit with a spread collar. Breathable weave keeps you cool through humid afternoons. Pairs easily with both formal trousers and weekend denim.,shirt formal office clothing slim woodland formal shirt
PRD104,Butterfly Bedsheet Set 2.0,Home & Kitchen,Butterfly,875.0,4.2,"Butterfly Bedsheet Set 2.0. Cotton double bedsheet with 2 pillow covers, soft weave and colourfast dye. Backed by a replacement guarantee against manufacturing defects. Compact enough to store on a regular kitchen shelf.",bedsheet cotton home bedroom butterfly bedsheet set
PRD105,Biotique Face Wash Pro,Beauty,Biotique,179.0,3.5,"Biotique Face Wash Pro. Gentle daily face wash with neem and aloe for oil control and clear skin. Travel friendly pack that fits in a handbag. Free from parabens, sulphates and mineral oil.",facewash skincare beauty cleanser daily biotique face wash
PRD106,Nike Yoga Mat Plus,Sports,Nike,1746.0,4.7,"Nike Yoga Mat Plus. Anti skid yoga mat, 10mm thick with a textured grip surface and carry strap. Suits beginners while still holding up for regular players. Tested for grip on both indoor courts and rough outdoor surfaces.",yoga mat fitness exercise antiskid nike yoga mat
PRD107,JBL Bluetooth Mouse Classic,Electronics,JBL,844.0,3.3,JBL Bluetooth Mouse Classic. Silent click wireless mouse with adjustable DPI and 18 month battery life. Lightweight build that slips easily into a laptop bag or jacket pocket. Comes with a one year manufacturer warranty and free doorstep service.,mouse wireless bluetooth computer silent jbl bluetooth mouse
PRD108,Yonex Skipping Rope Classic,Sports,Yonex,899.0,3.7,Yonex Skipping Rope Classic. Adjustable speed skipping rope with ball bearings and foam grips. Compact enough to carry to the gym or the park. Sweat resistant finish wipes clean after every session.,skipping rope fitness cardio exercise yonex skipping rope
PRD109,OnePlus USB-C Cable Lite,Electronics,OnePlus,160.0,4.2,OnePlus USB-C Cable Lite. Braided USB C fast charging cable rated for 50W with reinforced connectors. Lightweight build that slips easily into a laptop bag or jacket pocket. Comes with a one year manufacturer warranty and free doorstep service.,cable usbc charging fast braided oneplus usb-c cable
PRD110,Cello Electric Kettle Max,Home & Kitchen,Cello,1832.0,3.5,Cello Electric Kettle Max. Rapid boil electric kettle with a 2 litre capacity and auto shut off. Works on gas stoves as well as induction cooktops. Ergonomic handle stays cool while cooking.,kettle electric kitchen tea coffee boil cello electric kettle
PRD111,Nivea Moisturising Cream Pro,Beauty,Nivea,266.0,3.8,"Nivea Moisturising Cream Pro. Lightweight moisturising cream with vitamin E for 34 hour hydration. A little goes a long way, so one pack lasts for months. Formulated for Indian weather, from dry winters to humid monsoons.",cream moisturiser skincare beauty hydration nivea moisturising cream
PRD112,Lakme Sunscreen SPF 50 2.0 M213,Beauty,Lakme,628.0,4.1,"Lakme Sunscreen SPF 50 2.0 M213. Non greasy broad spectrum SPF 50 sunscreen suitable for daily Indian sun exposure. A little goes a long way, so one pack lasts for months. Free from parabens, sulphates and mineral oil.",sunscreen spf skincare beauty protection lakme sunscreen spf 50
PRD113,Levis Formal Shirt Max,Fashion,Levis,2999.0,3.6,Levis Formal Shirt Max. Wrinkle resistant formal shirt in a slim fit with a spread collar. Available in a regular fit that suits most Indian body types. Pairs easily with both formal trousers and weekend denim.,shirt formal office clothing slim levis formal shirt
PRD114,Bata Formal Shirt Pro,Fashion,Bata,1028.0,4.5,Bata Formal Shirt Pro. Wrinkle resistant formal shirt in a slim fit with a spread collar. Pairs easily with both formal trousers and weekend denim. Breathable weave keeps you cool through humid afternoons.,shirt formal office clothing slim bata formal shirt
PRD115,Woodland Sports Sandals M216,Fashion,Woodland,547.0,3.4,Woodland Sports Sandals M216. Durable sports sandals with adjustable straps and a cushioned anti-skid sole. Reinforced stitching at stress points for a longer life. A staple piece that works from office desk to evening out.,sandals sports comfortable anti-skid outdoor woodland sports sandals
PRD116,JBL Bluetooth Speaker Max,Electronics,JBL,1323.0,4.7,"JBL Bluetooth Speaker Max. Portable bluetooth speaker with 21 hour playback, deep bass and IPX6 splash resistance. Environment noise cancellation makes voice calls clear on busy streets. Comes with a one year manufacturer warranty and free doorstep service.",speaker bluetooth wireless audio bass portable jbl bluetooth speaker
PRD117,Boult Power Bank Pro,Electronics,Boult,831.0,3.3,Boult Power Bank Pro. Fast charging power bank with 11000mAh capacity and dual output ports. Pairs instantly over Bluetooth 5.3 and remembers the last two devices. Comes with a one year manufacturer warranty and free doorstep service.,powerbank charger battery portable fast boult power bank
PRD118,Hawkins Pressure Cooker Lite,Home & Kitchen,Hawkins,2389.0,4.3,Hawkins Pressure Cooker Lite. Induction friendly pressure cooker with a 5 litre capacity and safety valve. Works on gas stoves as well as induction cooktops. Backed by a replacement guarantee against manufacturing defects.,cooker kitchen cooking induction steel hawkins pressure cooker
PRD119,Allen Solly Cotton Kurta Classic,Fashion,Allen Solly,969.0,4.7,"Allen Solly Cotton Kurta Classic. Breathable cotton kurta with a regular fit, ideal for daily wear and festive occasions. Skin friendly dye, free from harsh azo chemicals. Breathable weave keeps you cool through humid afternoons.",kurta cotton ethnic clothing comfortable allen solly cotton kurta
PRD120,Biba Leather Belt Max,Fashion,Biba,650.0,4.4,"Biba Leather Belt Max. Genuine leather belt with a brushed metal buckle and reversible strap. Available in a regular fit that suits most Indian body types. Skin friendly dye, free from harsh azo chemicals.",belt leather accessory formal biba leather belt
PRD121,Biotique Hair Serum Lite,Beauty,Biotique,1199.0,3.3,"Biotique Hair Serum Lite. Anti frizz hair serum with argan oil for smooth, shiny and manageable hair. A little goes a long way, so one pack lasts for months. Dermatologically tested and suitable for sensitive skin.",serum hair beauty frizz argan biotique hair serum
PRD122,Yonex Yoga Mat 2.0,Sports,Yonex,2499.0,4.4,"Yonex Yoga Mat 2.0. Anti skid yoga mat, 6mm thick with a textured grip surface and carry strap. Suits beginners while still holding up for regular players. Built for daily training as well as weekend matches.",yoga mat fitness exercise antiskid yonex yoga mat
PRD123,Allen Solly Formal Shirt Classic,Fashion,Allen Solly,1816.0,4.0,Allen Solly Formal Shirt Classic. Wrinkle resistant formal shirt in a slim fit with a spread collar. Breathable weave keeps you cool through humid afternoons. Machine washable fabric that holds colour after repeated washes.,shirt formal office clothing slim allen solly formal shirt
PRD124,Maybelline Body Lotion 2.0,Beauty,Maybelline,221.0,4.1,"Maybelline Body Lotion 2.0. Deep nourishing body lotion with shea butter for 46 hour softness. Cruelty free and never tested on animals. Free from parabens, sulphates and mineral oil.",lotion body skincare beauty nourishing maybelline body lotion
PRD125,Allen Solly Leather Belt Lite,Fashion,Allen Solly,852.0,4.3,Allen Solly Leather Belt Lite. Genuine leather belt with a brushed metal buckle and reversible strap. Pairs easily with both formal trousers and weekend denim. Breathable weave keeps you cool through humid afternoons.,belt leather accessory formal allen solly leather belt
PRD126,Decathlon Cricket Bat Lite,Sports,Decathlon,1107.0,4.8,Decathlon Cricket Bat Lite. Kashmir willow cricket bat with a short handle and sturdy toe guard. Comes with a carry bag for easy storage and transport. Durable materials that survive a full season of use.,cricket bat sports willow game decathlon cricket bat
PRD127,Biotique Moisturising Cream,Beauty,Biotique,208.0,4.5,"Biotique Moisturising Cream. Lightweight moisturising cream with vitamin E for 26 hour hydration. Cruelty free and never tested on animals. A little goes a long way, so one pack lasts for months.",cream moisturiser skincare beauty hydration biotique moisturising cream
PRD128,Rupa Business Novel Classic,Books,Rupa,218.0,3.9,"Rupa Business Novel Classic. A gripping business novel about ambition and failure in modern India. Written in clear, accessible language for the general reader. A thoughtful gift for a curious friend or a student.",book fiction business reading novel rupa business novel
PRD129,Pigeon Steel Lunch Box,Home & Kitchen,Pigeon,728.0,4.0,Pigeon Steel Lunch Box. Leak proof stainless steel lunch box with 2 compartments and an insulated sleeve. Compact enough to store on a regular kitchen shelf. Food grade stainless steel with no plastic in contact with food.,lunchbox steel kitchen tiffin insulated pigeon steel lunch box
PRD130,Sony Bluetooth Mouse Plus,Electronics,Sony,897.0,3.8,Sony Bluetooth Mouse Plus. Silent click wireless mouse with adjustable DPI and 17 month battery life. Environment noise cancellation makes voice calls clear on busy streets. Lightweight build that slips easily into a laptop bag or jacket pocket.,mouse wireless bluetooth computer silent sony bluetooth mouse
PRD131,Plum Sunscreen SPF 50 Pro,Beauty,Plum,667.0,3.5,"Plum Sunscreen SPF 50 Pro. Non greasy broad spectrum SPF 50 sunscreen suitable for daily Indian sun exposure. A little goes a long way, so one pack lasts for months. Formulated for Indian weather, from dry winters to humid monsoons.",sunscreen spf skincare beauty protection plum sunscreen spf 50
PRD132,Milton Storage Container Set 2.0,Home & Kitchen,Milton,455.0,3.9,"Milton Storage Container Set 2.0. Airtight storage container set of 7, stackable and dishwasher safe. Works on gas stoves as well as induction cooktops. Ergonomic handle stays cool while cooking.",container storage kitchen airtight set milton storage container set
PRD133,Nike Badminton Racquet,Sports,Nike,1173.0,4.4,Nike Badminton Racquet. Lightweight graphite badminton racquet strung and ready to play. Comes with a carry bag for easy storage and transport. Sweat resistant finish wipes clean after every session.,badminton racquet sports graphite game nike badminton racquet
PRD134,OnePlus USB-C Cable Classic,Electronics,OnePlus,346.0,3.7,OnePlus USB-C Cable Classic. Braided USB C fast charging cable rated for 90W with reinforced connectors. Environment noise cancellation makes voice calls clear on busy streets. Tuned for punchy bass with a clear mid range for podcasts and calls.,cable usbc charging fast braided oneplus usb-c cable
PRD135,Westland Self-Help Book Max,Books,Westland,243.0,3.5,Westland Self-Help Book Max. A practical self help book on building habits that actually stick. Printed on quality paper with a durable perfect bound spine. Compact paperback edition that travels well.,book selfhelp habits reading motivation westland self-help book
PRD136,Adidas Dumbbell Set Plus,Sports,Adidas,3499.0,3.9,Adidas Dumbbell Set Plus. PVC coated dumbbell set of 7kg pairs with a knurled grip. Suits beginners while still holding up for regular players. Tested for grip on both indoor courts and rough outdoor surfaces.,dumbbell fitness gym weights exercise adidas dumbbell set
PRD137,Wonderchef Steel Lunch Box Plus,Home & Kitchen,Wonderchef,737.0,4.0,Wonderchef Steel Lunch Box Plus. Leak proof stainless steel lunch box with 3 compartments and an insulated sleeve. Dishwasher safe and easy to clean after heavy Indian cooking. A practical gift for a new home or a wedding.,lunchbox steel kitchen tiffin insulated wonderchef steel lunch box
PRD138,Himalaya Kajal Pencil Plus,Beauty,Himalaya,390.0,4.7,"Himalaya Kajal Pencil Plus. Smudge proof kajal pencil with an intense matte black finish that lasts all day. Formulated for Indian weather, from dry winters to humid monsoons. Cruelty free and never tested on animals.",kajal makeup eyes beauty smudgeproof himalaya kajal pencil
PRD139,Woodland Sports Sandals Lite M240,Fashion,Woodland,566.0,3.3,Woodland Sports Sandals Lite M240. Durable sports sandals with adjustable straps and a cushioned anti-skid sole. A staple piece that works from office desk to evening out. Breathable weave keeps you cool through humid afternoons.,sandals sports comfortable anti-skid outdoor woodland sports sandals
PRD140,Prestige Non-Stick Cookware Combo,Home & Kitchen,Prestige,2499.0,4.3,"Three piece non stick cookware set ideal for everyday Indian cooking, gas and induction safe.",cookware kitchen cooking nonstick pan gift
PRD141,Puma Cotton Kurta,Fashion,Puma,677.0,3.5,"Puma Cotton Kurta. Breathable cotton kurta with a regular fit, ideal for daily wear and festive occasions. Reinforced stitching at stress points for a longer life. Machine washable fabric that holds colour after repeated washes.",kurta cotton ethnic clothing comfortable puma cotton kurta
PRD142,Peter England Running Shorts,Fashion,Peter England,1499.0,3.7,Peter England Running Shorts. Quick dry running shorts with an elastic waistband and side pockets. Breathable weave keeps you cool through humid afternoons. Machine washable fabric that holds colour after repeated washes.,shorts running sports clothing quickdry peter england running shorts
PRD143,Rupa Cookbook,Books,Rupa,497.0,4.1,"Rupa Cookbook. A regional Indian cookbook with 90 tested home style recipes and cooking tips. Widely recommended by readers and reviewers alike. Written in clear, accessible language for the general reader.",book cookbook cooking recipes kitchen gift rupa cookbook
PRD144,Allen Solly Cotton T-Shirt Max,Fashion,Allen Solly,315.0,3.7,Allen Solly Cotton T-Shirt Max. Soft combed cotton t shirt with a round neck and colourfast print. Machine washable fabric that holds colour after repeated washes. Pairs easily with both formal trousers and weekend denim.,tshirt cotton casual clothing comfortable allen solly cotton t-shirt
PRD145,Boult USB-C Cable Lite,Electronics,Boult,241.0,4.2,Boult USB-C Cable Lite. Braided USB C fast charging cable rated for 90W with reinforced connectors. Environment noise cancellation makes voice calls clear on busy streets. Lightweight build that slips easily into a laptop bag or jacket pocket.,cable usbc charging fast braided boult usb-c cable
PRD146,Mi USB-C Cable Pro,Electronics,Mi,227.0,4.2,Mi USB-C Cable Pro. Braided USB C fast charging cable rated for 60W with reinforced connectors. Type C fast charging gives a full day of use from a ten minute top up. Tuned for punchy bass with a clear mid range for podcasts and calls.,cable usbc charging fast braided mi usb-c cable
PRD147,Borosil Non-Stick Tawa,Home & Kitchen,Borosil,615.0,4.6,"Borosil Non-Stick Tawa. Non stick tawa with a heat resistant handle, perfect for rotis and dosas. Ergonomic handle stays cool while cooking. Dishwasher safe and easy to clean after heavy Indian cooking.",tawa kitchen cooking nonstick pan borosil non-stick tawa
PRD148,Realme Wired Earphones Max,Electronics,Realme,455.0,4.2,"Realme Wired Earphones Max. In ear wired earphones with a moulded fit, tangle free cable and inline mic. Type C fast charging gives a full day of use from a ten minute top up. Comes with a one year manufacturer warranty and free doorstep service.",earphones wired audio music mic realme wired earphones
PRD149,Noise Bluetooth Speaker Max,Electronics,Noise,4288.0,4.1,"Noise Bluetooth Speaker Max. Portable bluetooth speaker with 8 hour playback, deep bass and IPX6 splash resistance. Environment noise cancellation makes voice calls clear on busy streets. Comes with a one year manufacturer warranty and free doorstep service.",speaker bluetooth wireless audio bass portable noise bluetooth speaker
PRD150,Maybelline Hair Serum Classic,Beauty,Maybelline,726.0,4.0,"Maybelline Hair Serum Classic. Anti frizz hair serum with argan oil for smooth, shiny and manageable hair. A little goes a long way, so one pack lasts for months. Travel friendly pack that fits in a handbag.",serum hair beauty frizz argan maybelline hair serum
PRD151,Realme Bluetooth Mouse Max,Electronics,Realme,620.0,3.3,Realme Bluetooth Mouse Max. Silent click wireless mouse with adjustable DPI and 11 month battery life. Designed and tested in India for daily commute use. Type C fast charging gives a full day of use from a ten minute top up.,mouse wireless bluetooth computer silent realme bluetooth mouse
PRD152,Sony Bluetooth Mouse Pro,Electronics,Sony,699.0,3.6,Sony Bluetooth Mouse Pro. Silent click wireless mouse with adjustable DPI and 7 month battery life. Environment noise cancellation makes voice calls clear on busy streets. Tuned for punchy bass with a clear mid range for podcasts and calls.,mouse wireless bluetooth computer silent sony bluetooth mouse
PRD153,Apple Power Bank 2.0,Electronics,Apple,1631.0,4.5,Apple Power Bank 2.0. Fast charging power bank with 10000mAh capacity and dual output ports. Comes with a one year manufacturer warranty and free doorstep service. Environment noise cancellation makes voice calls clear on busy streets.,powerbank charger battery portable fast apple power bank
PRD154,Lakme Face Wash Plus,Beauty,Lakme,404.0,4.1,"Lakme Face Wash Plus. Gentle daily face wash with neem and aloe for oil control and clear skin. Absorbs quickly without leaving a sticky residue. A little goes a long way, so one pack lasts for months.",facewash skincare beauty cleanser daily lakme face wash
PRD155,Cosco Football M256,Sports,Cosco,663.0,3.2,"Cosco Football M256. Machine stitched football with a durable rubber bladder, size 5. Compact enough to carry to the gym or the park. Built for daily training as well as weekend matches.",football sports ball game outdoor cosco football
PRD156,Lakme Absolute Matte Lipstick,Beauty,Lakme,399.0,4.1,Long wear matte lipstick with intense colour payoff and a lightweight non drying finish.,lipstick makeup matte beauty colour
PRD157,OnePlus Power Bank,Electronics,OnePlus,2785.0,3.6,OnePlus Power Bank. Fast charging power bank with 20000mAh capacity and dual output ports. Tuned for punchy bass with a clear mid range for podcasts and calls. Environment noise cancellation makes voice calls clear on busy streets.,powerbank charger battery portable fast oneplus power bank
PRD158,Bata Leather Belt Pro,Fashion,Bata,668.0,3.6,Bata Leather Belt Pro. Genuine leather belt with a brushed metal buckle and reversible strap. Machine washable fabric that holds colour after repeated washes. Reinforced stitching at stress points for a longer life.,belt leather accessory formal bata leather belt
PRD159,Borosil Non-Stick Tawa Plus,Home & Kitchen,Borosil,573.0,4.1,"Borosil Non-Stick Tawa Plus. Non stick tawa with a heat resistant handle, perfect for rotis and dosas. Food grade stainless steel with no plastic in contact with food. A practical gift for a new home or a wedding.",tawa kitchen cooking nonstick pan borosil non-stick tawa
PRD160,Borosil Glass Mixing Bowl Set,Home & Kitchen,Borosil,899.0,4.5,"Borosilicate glass mixing bowls, oven and microwave safe, perfect gift for someone who loves cooking.",bowls glass kitchen cooking baking gift
PRD161,Cello Bedsheet Set Plus,Home & Kitchen,Cello,1367.0,3.8,"Cello Bedsheet Set Plus. Cotton double bedsheet with 2 pillow covers, soft weave and colourfast dye. Dishwasher safe and easy to clean after heavy Indian cooking. Compact enough to store on a regular kitchen shelf.",bedsheet cotton home bedroom cello bedsheet set
PRD162,Nivea Kajal Pencil 2.0,Beauty,Nivea,177.0,4.1,"Nivea Kajal Pencil 2.0. Smudge proof kajal pencil with an intense matte black finish that lasts all day. Cruelty free and never tested on animals. Free from parabens, sulphates and mineral oil.",kajal makeup eyes beauty smudgeproof nivea kajal pencil
PRD163,Realme Smart Watch Plus,Electronics,Realme,1801.0,4.5,"Realme Smart Watch Plus. Smart watch with a 19 day battery, SpO2 tracking, heart rate monitor and call support. Lightweight build that slips easily into a laptop bag or jacket pocket. Tuned for punchy bass with a clear mid range for podcasts and calls.",watch smartwatch fitness tracker battery realme smart watch
PRD164,Biba Running Shorts Plus,Fashion,Biba,1226.0,4.0,Biba Running Shorts Plus. Quick dry running shorts with an elastic waistband and side pockets. Breathable weave keeps you cool through humid afternoons. A staple piece that works from office desk to evening out.,shorts running sports clothing quickdry biba running shorts
PRD165,Nivea Sunscreen SPF 50,Beauty,Nivea,321.0,3.7,Nivea Sunscreen SPF 50. Non greasy broad spectrum SPF 50 sunscreen suitable for daily Indian sun exposure. Travel friendly pack that fits in a handbag. Absorbs quickly without leaving a sticky residue.,sunscreen spf skincare beauty protection nivea sunscreen spf 50
PRD166,Boult Bluetooth Speaker,Electronics,Boult,1527.0,4.0,"Boult Bluetooth Speaker. Portable bluetooth speaker with 24 hour playback, deep bass and IPX6 splash resistance. Environment noise cancellation makes voice calls clear on busy streets. Tuned for punchy bass with a clear mid range for podcasts and calls.",speaker bluetooth wireless audio bass portable boult bluetooth speaker
PRD167,Biotique Moisturising Cream M268,Beauty,Biotique,522.0,4.0,Biotique Moisturising Cream M268. Lightweight moisturising cream with vitamin E for 40 hour hydration. Travel friendly pack that fits in a handbag. Cruelty free and never tested on animals.,cream moisturiser skincare beauty hydration biotique moisturising cream
PRD168,Prestige Pressure Cooker Max,Home & Kitchen,Prestige,1522.0,4.4,Prestige Pressure Cooker Max. Induction friendly pressure cooker with a 5 litre capacity and safety valve. Food grade stainless steel with no plastic in contact with food. Backed by a replacement guarantee against manufacturing defects.,cooker kitchen cooking induction steel prestige pressure cooker
PRD169,Milton Bedsheet Set Classic,Home & Kitchen,Milton,801.0,3.2,"Milton Bedsheet Set Classic. Cotton double bedsheet with 2 pillow covers, soft weave and colourfast dye. Works on gas stoves as well as induction cooktops. Backed by a replacement guarantee against manufacturing defects.",bedsheet cotton home bedroom milton bedsheet set
PRD170,Hawkins Non-Stick Tawa Lite,Home & Kitchen,Hawkins,493.0,3.7,"Hawkins Non-Stick Tawa Lite. Non stick tawa with a heat resistant handle, perfect for rotis and dosas. A practical gift for a new home or a wedding. Works on gas stoves as well as induction cooktops.",tawa kitchen cooking nonstick pan hawkins non-stick tawa
PRD171,Lakme Kajal Pencil Max,Beauty,Lakme,599.0,3.8,Lakme Kajal Pencil Max. Smudge proof kajal pencil with an intense matte black finish that lasts all day. Travel friendly pack that fits in a handbag. Absorbs quickly without leaving a sticky residue.,kajal makeup eyes beauty smudgeproof lakme kajal pencil
PRD172,Realme Wired Earphones Plus,Electronics,Realme,318.0,3.8,"Realme Wired Earphones Plus. In ear wired earphones with a moulded fit, tangle free cable and inline mic. Environment noise cancellation makes voice calls clear on busy streets. Designed and tested in India for daily commute use.",earphones wired audio music mic realme wired earphones
PRD173,Cosco Yoga Mat Lite,Sports,Cosco,555.0,4.2,"Cosco Yoga Mat Lite. Anti skid yoga mat, 5mm thick with a textured grip surface and carry strap. Durable materials that survive a full season of use. Suits beginners while still holding up for regular players.",yoga mat fitness exercise antiskid cosco yoga mat
PRD174,Bata Formal Shirt Pro M275,Fashion,Bata,1462.0,3.7,"Bata Formal Shirt Pro M275. Wrinkle resistant formal shirt in a slim fit with a spread collar. Pairs easily with both formal trousers and weekend denim. Skin friendly dye, free from harsh azo chemicals.",shirt formal office clothing slim bata formal shirt
PRD175,Biotique Hair Serum Plus,Beauty,Biotique,574.0,4.5,"Biotique Hair Serum Plus. Anti frizz hair serum with argan oil for smooth, shiny and manageable hair. Cruelty free and never tested on animals. Travel friendly pack that fits in a handbag.",serum hair beauty frizz argan biotique hair serum
PRD176,Borosil Steel Lunch Box Classic,Home & Kitchen,Borosil,459.0,4.7,Borosil Steel Lunch Box Classic. Leak proof stainless steel lunch box with 4 compartments and an insulated sleeve. Ergonomic handle stays cool while cooking. A practical gift for a new home or a wedding.,lunchbox steel kitchen tiffin insulated borosil steel lunch box
PRD177,Allen Solly Cotton Kurta 2.0,Fashion,Allen Solly,640.0,4.1,"Allen Solly Cotton Kurta 2.0. Breathable cotton kurta with a regular fit, ideal for daily wear and festive occasions. Breathable weave keeps you cool through humid afternoons. Skin friendly dye, free from harsh azo chemicals.",kurta cotton ethnic clothing comfortable allen solly cotton kurta
PRD178,Maybelline Sunscreen SPF 50 Classic,Beauty,Maybelline,1099.0,3.7,"Maybelline Sunscreen SPF 50 Classic. Non greasy broad spectrum SPF 50 sunscreen suitable for daily Indian sun exposure. Cruelty free and never tested on animals. A little goes a long way, so one pack lasts for months.",sunscreen spf skincare beauty protection maybelline sunscreen spf 50
PRD179,Noise Bluetooth Speaker Classic,Electronics,Noise,1044.0,3.2,"Noise Bluetooth Speaker Classic. Portable bluetooth speaker with 11 hour playback, deep bass and IPX6 splash resistance. Environment noise cancellation makes voice calls clear on busy streets. Tuned for punchy bass with a clear mid range for podcasts and calls.",speaker bluetooth wireless audio bass portable noise bluetooth speaker
PRD180,Cello Steel Lunch Box Lite,Home & Kitchen,Cello,835.0,3.9,Cello Steel Lunch Box Lite. Leak proof stainless steel lunch box with 2 compartments and an insulated sleeve. Dishwasher safe and easy to clean after heavy Indian cooking. Works on gas stoves as well as induction cooktops.,lunchbox steel kitchen tiffin insulated cello steel lunch box
PRD181,Wonderchef Storage Container Set 2.0 M282,Home & Kitchen,Wonderchef,1046.0,4.6,"Wonderchef Storage Container Set 2.0 M282. Airtight storage container set of 10, stackable and dishwasher safe. A practical gift for a new home or a wedding. Compact enough to store on a regular kitchen shelf.",container storage kitchen airtight set wonderchef storage container set
PRD182,Westland Children's Storybook Classic,Books,Westland,197.0,4.2,"Westland Children's Storybook Classic. An illustrated children's storybook with 20 short bedtime stories. Widely recommended by readers and reviewers alike. Written in clear, accessible language for the general reader.",book children stories illustrated reading westland children's storybook
PRD183,Aleph History Book Lite,Books,Aleph,566.0,3.6,Aleph History Book Lite. A readable history of modern India from independence to the present day. Compact paperback edition that travels well. Widely recommended by readers and reviewers alike.,book history india reading nonfiction aleph history book
PRD184,Sparx Cotton Kurta Max,Fashion,Sparx,745.0,4.1,"Sparx Cotton Kurta Max. Breathable cotton kurta with a regular fit, ideal for daily wear and festive occasions. Pairs easily with both formal trousers and weekend denim. Reinforced stitching at stress points for a longer life.",kurta cotton ethnic clothing comfortable sparx cotton kurta
PRD185,Woodland Running Shorts,Fashion,Woodland,444.0,3.5,Woodland Running Shorts. Quick dry running shorts with an elastic waistband and side pockets. Machine washable fabric that holds colour after repeated washes. Available in a regular fit that suits most Indian body types.,shorts running sports clothing quickdry woodland running shorts
PRD186,Himalaya Body Lotion 2.0,Beauty,Himalaya,288.0,4.5,"Himalaya Body Lotion 2.0. Deep nourishing body lotion with shea butter for 28 hour softness. A little goes a long way, so one pack lasts for months. Free from parabens, sulphates and mineral oil.",lotion body skincare beauty nourishing himalaya body lotion
PRD187,Butterfly Steel Lunch Box Max,Home & Kitchen,Butterfly,438.0,3.2,Butterfly Steel Lunch Box Max. Leak proof stainless steel lunch box with 4 compartments and an insulated sleeve. Food grade stainless steel with no plastic in contact with food. Backed by a replacement guarantee against manufacturing defects.,lunchbox steel kitchen tiffin insulated butterfly steel lunch box
PRD188,Bata Water Resistant Floaters,Fashion,Bata,799.0,3.9,"Water resistant floaters with cushioned footbed, comfortable for monsoon commutes.",floaters sandals water resistant monsoon comfortable
PRD189,Apple Smart Watch Classic,Electronics,Apple,2336.0,3.8,"Apple Smart Watch Classic. Smart watch with a 10 day battery, SpO2 tracking, heart rate monitor and call support. Pairs instantly over Bluetooth 5.3 and remembers the last two devices. Designed and tested in India for daily commute use.",watch smartwatch fitness tracker battery apple smart watch
PRD190,Cello Bedsheet Set Max,Home & Kitchen,Cello,701.0,3.5,"Cello Bedsheet Set Max. Cotton double bedsheet with 2 pillow covers, soft weave and colourfast dye. Works on gas stoves as well as induction cooktops. Food grade stainless steel with no plastic in contact with food.",bedsheet cotton home bedroom cello bedsheet set
PRD191,Levis Running Shorts Plus,Fashion,Levis,651.0,3.3,"Levis Running Shorts Plus. Quick dry running shorts with an elastic waistband and side pockets. Skin friendly dye, free from harsh azo chemicals. Breathable weave keeps you cool through humid afternoons.",shorts running sports clothing quickdry levis running shorts
PRD192,Mi Smart Watch Pro,Electronics,Mi,2555.0,4.2,"Mi Smart Watch Pro. Smart watch with a 17 day battery, SpO2 tracking, heart rate monitor and call support. Pairs instantly over Bluetooth 5.3 and remembers the last two devices. Environment noise cancellation makes voice calls clear on busy streets.",watch smartwatch fitness tracker battery mi smart watch
PRD193,Nivia Football Max M294,Sports,Nivia,1965.0,3.8,"Nivia Football Max M294. Machine stitched football with a durable rubber bladder, size 5. Built for daily training as well as weekend matches. Tested for grip on both indoor courts and rough outdoor surfaces.",football sports ball game outdoor nivia football
PRD194,Apple Power Bank Lite,Electronics,Apple,821.0,3.7,Apple Power Bank Lite. Fast charging power bank with 16000mAh capacity and dual output ports. Comes with a one year manufacturer warranty and free doorstep service. Type C fast charging gives a full day of use from a ten minute top up.,powerbank charger battery portable fast apple power bank
PRD195,Bloomsbury Children's Storybook Pro,Books,Bloomsbury,599.0,4.7,Bloomsbury Children's Storybook Pro. An illustrated children's storybook with 19 short bedtime stories. Compact paperback edition that travels well. Widely recommended by readers and reviewers alike.,book children stories illustrated reading bloomsbury children's storybook
PRD196,Bata Cotton T-Shirt Lite,Fashion,Bata,1293.0,4.8,Bata Cotton T-Shirt Lite. Soft combed cotton t shirt with a round neck and colourfast print. Pairs easily with both formal trousers and weekend denim. A staple piece that works from office desk to evening out.,tshirt cotton casual clothing comfortable bata cotton t-shirt
PRD197,Cosco Dumbbell Set Max,Sports,Cosco,3499.0,4.5,Cosco Dumbbell Set Max. PVC coated dumbbell set of 2kg pairs with a knurled grip. Comes with a carry bag for easy storage and transport. Compact enough to carry to the gym or the park.,dumbbell fitness gym weights exercise cosco dumbbell set
PRD198,Samsung USB-C Cable Plus,Electronics,Samsung,341.0,4.7,Samsung USB-C Cable Plus. Braided USB C fast charging cable rated for 100W with reinforced connectors. Type C fast charging gives a full day of use from a ten minute top up. Pairs instantly over Bluetooth 5.3 and remembers the last two devices.,cable usbc charging fast braided samsung usb-c cable
PRD199,Woodland Leather Trekking Boots,Fashion,Woodland,4299.0,4.3,Rugged leather trekking boots with waterproof finish and high ankle support.,boots leather waterproof trekking outdoor shoes
PRD200,Biotique Moisturising Cream Lite,Beauty,Biotique,209.0,3.5,Biotique Moisturising Cream Lite. Lightweight moisturising cream with vitamin E for 38 hour hydration. Travel friendly pack that fits in a handbag. Absorbs quickly without leaving a sticky residue.,cream moisturiser skincare beauty hydration biotique moisturising cream
PRD201,Puma Formal Shirt 2.0,Fashion,Puma,841.0,4.5,Puma Formal Shirt 2.0. Wrinkle resistant formal shirt in a slim fit with a spread collar. Available in a regular fit that suits most Indian body types. A staple piece that works from office desk to evening out.,shirt formal office clothing slim puma formal shirt
PRD202,Nike Football Lite,Sports,Nike,1517.0,4.0,"Nike Football Lite. Machine stitched football with a durable rubber bladder, size 5. Built for daily training as well as weekend matches. Suits beginners while still holding up for regular players.",football sports ball game outdoor nike football
PRD203,Campus Football Lite,Sports,Campus,720.0,4.2,"Campus Football Lite. Machine stitched football with a durable rubber bladder, size 5. Built for daily training as well as weekend matches. Tested for grip on both indoor courts and rough outdoor surfaces.",football sports ball game outdoor campus football
PRD204,boAt Airdopes 141 TWS Earbuds,Electronics,Boat,1299.0,4.1,"True wireless earbuds with 42 hour total playtime, low latency gaming mode and quad mics.",wireless bluetooth earbuds tws battery playback
PRD205,Plum Hair Serum Max,Beauty,Plum,497.0,4.1,"Plum Hair Serum Max. Anti frizz hair serum with argan oil for smooth, shiny and manageable hair. Cruelty free and never tested on animals. Formulated for Indian weather, from dry winters to humid monsoons.",serum hair beauty frizz argan plum hair serum
PRD206,Rupa Children's Storybook Pro,Books,Rupa,458.0,4.1,Rupa Children's Storybook Pro. An illustrated children's storybook with 21 short bedtime stories. A thoughtful gift for a curious friend or a student. Includes an index and suggestions for further reading.,book children stories illustrated reading rupa children's storybook
PRD207,Maybelline Hair Serum Max,Beauty,Maybelline,467.0,4.2,"Maybelline Hair Serum Max. Anti frizz hair serum with argan oil for smooth, shiny and manageable hair. Formulated for Indian weather, from dry winters to humid monsoons. Dermatologically tested and suitable for sensitive skin.",serum hair beauty frizz argan maybelline hair serum
PRD208,Boult Smart Watch Classic,Electronics,Boult,7315.0,4.8,"Boult Smart Watch Classic. Smart watch with a 13 day battery, SpO2 tracking, heart rate monitor and call support. Comes with a one year manufacturer warranty and free doorstep service. Environment noise cancellation makes voice calls clear on busy streets.",watch smartwatch fitness tracker battery boult smart watch
PRD209,Pigeon Non-Stick Tawa Lite,Home & Kitchen,Pigeon,503.0,4.6,"Pigeon Non-Stick Tawa Lite. Non stick tawa with a heat resistant handle, perfect for rotis and dosas. Ergonomic handle stays cool while cooking. Compact enough to store on a regular kitchen shelf.",tawa kitchen cooking nonstick pan pigeon non-stick tawa
PRD210,Sparx Anti-Skid Rain Sandals,Fashion,Sparx,599.0,4.0,"Lightweight rain sandals with an anti-skid sole, quick drying straps and all day comfort.",sandals rain monsoon waterproof anti-skid comfortable
PRD211,Adidas Cricket Bat 2.0,Sports,Adidas,1428.0,4.4,Adidas Cricket Bat 2.0. Kashmir willow cricket bat with a short handle and sturdy toe guard. Compact enough to carry to the gym or the park. Built for daily training as well as weekend matches.,cricket bat sports willow game adidas cricket bat
PRD212,Boult USB-C Cable,Electronics,Boult,149.0,4.7,Boult USB-C Cable. Braided USB C fast charging cable rated for 50W with reinforced connectors. Tuned for punchy bass with a clear mid range for podcasts and calls. Pairs instantly over Bluetooth 5.3 and remembers the last two devices.,cable usbc charging fast braided boult usb-c cable
PRD213,Butterfly Steel Lunch Box Pro,Home & Kitchen,Butterfly,482.0,4.6,Butterfly Steel Lunch Box Pro. Leak proof stainless steel lunch box with 2 compartments and an insulated sleeve. Food grade stainless steel with no plastic in contact with food. Ergonomic handle stays cool while cooking.,lunchbox steel kitchen tiffin insulated butterfly steel lunch box
PRD214,Bata Running Shorts Max,Fashion,Bata,650.0,3.9,"Bata Running Shorts Max. Quick dry running shorts with an elastic waistband and side pockets. Breathable weave keeps you cool through humid afternoons. Skin friendly dye, free from harsh azo chemicals.",shorts running sports clothing quickdry bata running shorts
PRD215,Campus Football Pro,Sports,Campus,638.0,4.1,"Campus Football Pro. Machine stitched football with a durable rubber bladder, size 5. Durable materials that survive a full season of use. Tested for grip on both indoor courts and rough outdoor surfaces.",football sports ball game outdoor campus football
PRD216,Campus Football Max,Sports,Campus,559.0,3.7,"Campus Football Max. Machine stitched football with a durable rubber bladder, size 5. Suits beginners while still holding up for regular players. Built for daily training as well as weekend matches.",football sports ball game outdoor campus football
PRD217,Maybelline Sunscreen SPF 50 Max,Beauty,Maybelline,1099.0,3.6,"Maybelline Sunscreen SPF 50 Max. Non greasy broad spectrum SPF 50 sunscreen suitable for daily Indian sun exposure. Free from parabens, sulphates and mineral oil. A little goes a long way, so one pack lasts for months.",sunscreen spf skincare beauty protection maybelline sunscreen spf 50
PRD218,Cosco Skipping Rope 2.0,Sports,Cosco,263.0,4.7,Cosco Skipping Rope 2.0. Adjustable speed skipping rope with ball bearings and foam grips. Suits beginners while still holding up for regular players. Built for daily training as well as weekend matches.,skipping rope fitness cardio exercise cosco skipping rope
PRD219,Nivea Hair Serum Classic,Beauty,Nivea,480.0,3.7,"Nivea Hair Serum Classic. Anti frizz hair serum with argan oil for smooth, shiny and manageable hair. Dermatologically tested and suitable for sensitive skin. Free from parabens, sulphates and mineral oil.",serum hair beauty frizz argan nivea hair serum
PRD220,Westland Cookbook Lite,Books,Westland,415.0,3.8,Westland Cookbook Lite. A regional Indian cookbook with 100 tested home style recipes and cooking tips. A thoughtful gift for a curious friend or a student. Printed on quality paper with a durable perfect bound spine.,book cookbook cooking recipes kitchen gift westland cookbook
PRD221,Levis 511 Slim Fit Jeans,Fashion,Levis,2199.0,4.2,Slim fit stretch denim jeans with a classic five pocket cut and durable stitching.,jeans denim slim fit clothing
PRD222,Cello Steel Lunch Box 2.0,Home & Kitchen,Cello,968.0,3.3,Cello Steel Lunch Box 2.0. Leak proof stainless steel lunch box with 2 compartments and an insulated sleeve. Food grade stainless steel with no plastic in contact with food. Works on gas stoves as well as induction cooktops.,lunchbox steel kitchen tiffin insulated cello steel lunch box
PRD223,Samsung Bluetooth Mouse Plus,Electronics,Samsung,450.0,4.3,Samsung Bluetooth Mouse Plus. Silent click wireless mouse with adjustable DPI and 10 month battery life. Tuned for punchy bass with a clear mid range for podcasts and calls. Pairs instantly over Bluetooth 5.3 and remembers the last two devices.,mouse wireless bluetooth computer silent samsung bluetooth mouse
PRD224,Nivia Yoga Mat Plus,Sports,Nivia,634.0,4.1,"Nivia Yoga Mat Plus. Anti skid yoga mat, 9mm thick with a textured grip surface and carry strap. Sweat resistant finish wipes clean after every session. Suits beginners while still holding up for regular players.",yoga mat fitness exercise antiskid nivia yoga mat
PRD225,Samsung Bluetooth Mouse,Electronics,Samsung,469.0,4.0,Samsung Bluetooth Mouse. Silent click wireless mouse with adjustable DPI and 6 month battery life. Pairs instantly over Bluetooth 5.3 and remembers the last two devices. Type C fast charging gives a full day of use from a ten minute top up.,mouse wireless bluetooth computer silent samsung bluetooth mouse
PRD226,Sony Wired Earphones Pro,Electronics,Sony,413.0,4.8,"Sony Wired Earphones Pro. In ear wired earphones with a moulded fit, tangle free cable and inline mic. Pairs instantly over Bluetooth 5.3 and remembers the last two devices. Comes with a one year manufacturer warranty and free doorstep service.",earphones wired audio music mic sony wired earphones
PRD227,Hawkins Steel Lunch Box Classic,Home & Kitchen,Hawkins,1799.0,3.3,Hawkins Steel Lunch Box Classic. Leak proof stainless steel lunch box with 2 compartments and an insulated sleeve. Works on gas stoves as well as induction cooktops. Food grade stainless steel with no plastic in contact with food.,lunchbox steel kitchen tiffin insulated hawkins steel lunch box
PRD228,Realme Smart Watch,Electronics,Realme,1737.0,3.4,"Realme Smart Watch. Smart watch with a 11 day battery, SpO2 tracking, heart rate monitor and call support. Type C fast charging gives a full day of use from a ten minute top up. Designed and tested in India for daily commute use.",watch smartwatch fitness tracker battery realme smart watch
PRD229,Boat Power Bank,Electronics,Boat,976.0,4.0,Boat Power Bank. Fast charging power bank with 16000mAh capacity and dual output ports. Designed and tested in India for daily commute use. Pairs instantly over Bluetooth 5.3 and remembers the last two devices.,powerbank charger battery portable fast boat power bank
PRD230,Apple Smart Watch Pro,Electronics,Apple,1596.0,4.8,"Apple Smart Watch Pro. Smart watch with a 16 day battery, SpO2 tracking, heart rate monitor and call support. Lightweight build that slips easily into a laptop bag or jacket pocket. Tuned for punchy bass with a clear mid range for podcasts and calls.",watch smartwatch fitness tracker battery apple smart watch
PRD231,Yonex Skipping Rope,Sports,Yonex,244.0,3.7,Yonex Skipping Rope. Adjustable speed skipping rope with ball bearings and foam grips. Built for daily training as well as weekend matches. Comes with a carry bag for easy storage and transport.,skipping rope fitness cardio exercise yonex skipping rope
PRD232,Biba Leather Belt Pro,Fashion,Biba,822.0,3.3,Biba Leather Belt Pro. Genuine leather belt with a brushed metal buckle and reversible strap. Available in a regular fit that suits most Indian body types. Breathable weave keeps you cool through humid afternoons.,belt leather accessory formal biba leather belt
PRD233,Campus Waterproof Running Shoes,Sports,Campus,1499.0,4.1,"Waterproof running shoes with anti-skid grip, built for wet monsoon roads and daily training.",shoes running waterproof monsoon rain grip sports
PRD234,Bata Running Shorts Max M335,Fashion,Bata,484.0,4.2,"Bata Running Shorts Max M335. Quick dry running shorts with an elastic waistband and side pockets. Skin friendly dye, free from harsh azo chemicals. A staple piece that works from office desk to evening out.",shorts running sports clothing quickdry bata running shorts
PRD235,Boult Bluetooth Speaker Plus,Electronics,Boult,1773.0,4.1,"Boult Bluetooth Speaker Plus. Portable bluetooth speaker with 22 hour playback, deep bass and IPX6 splash resistance. Comes with a one year manufacturer warranty and free doorstep service. Lightweight build that slips easily into a laptop bag or jacket pocket.",speaker bluetooth wireless audio bass portable boult bluetooth speaker
PRD236,Butterfly Pressure Cooker Max,Home & Kitchen,Butterfly,1329.0,4.8,Butterfly Pressure Cooker Max. Induction friendly pressure cooker with a 2 litre capacity and safety valve. Works on gas stoves as well as induction cooktops. Food grade stainless steel with no plastic in contact with food.,cooker kitchen cooking induction steel butterfly pressure cooker
PRD237,Mi Power Bank Max M338,Electronics,Mi,1210.0,3.9,Mi Power Bank Max M338. Fast charging power bank with 15000mAh capacity and dual output ports. Comes with a one year manufacturer warranty and free doorstep service. Pairs instantly over Bluetooth 5.3 and remembers the last two devices.,powerbank charger battery portable fast mi power bank
PRD238,Borosil Bedsheet Set,Home & Kitchen,Borosil,948.0,3.7,"Borosil Bedsheet Set. Cotton double bedsheet with 2 pillow covers, soft weave and colourfast dye. Compact enough to store on a regular kitchen shelf. Works on gas stoves as well as induction cooktops.",bedsheet cotton home bedroom borosil bedsheet set
PRD239,Levis Sports Sandals Pro,Fashion,Levis,644.0,3.2,Levis Sports Sandals Pro. Durable sports sandals with adjustable straps and a cushioned anti-skid sole. A staple piece that works from office desk to evening out. Reinforced stitching at stress points for a longer life.,sandals sports comfortable anti-skid outdoor levis sports sandals
PRD240,Pigeon Electric Kettle Pro,Home & Kitchen,Pigeon,1232.0,4.0,Pigeon Electric Kettle Pro. Rapid boil electric kettle with a 1 litre capacity and auto shut off. Works on gas stoves as well as induction cooktops. Compact enough to store on a regular kitchen shelf.,kettle electric kitchen tea coffee boil pigeon electric kettle
PRD241,Campus Badminton Racquet Pro,Sports,Campus,963.0,4.1,Campus Badminton Racquet Pro. Lightweight graphite badminton racquet strung and ready to play. Suits beginners while still holding up for regular players. Comes with a carry bag for easy storage and transport.,badminton racquet sports graphite game campus badminton racquet
PRD242,Cello Bedsheet Set Plus M343,Home & Kitchen,Cello,890.0,4.1,"Cello Bedsheet Set Plus M343. Cotton double bedsheet with 2 pillow covers, soft weave and colourfast dye. Dishwasher safe and easy to clean after heavy Indian cooking. Backed by a replacement guarantee against manufacturing defects.",bedsheet cotton home bedroom cello bedsheet set
PRD243,Borosil Storage Container Set 2.0,Home & Kitchen,Borosil,658.0,3.4,"Borosil Storage Container Set 2.0. Airtight storage container set of 9, stackable and dishwasher safe. A practical gift for a new home or a wedding. Ergonomic handle stays cool while cooking.",container storage kitchen airtight set borosil storage container set
PRD244,Westland Data Science Guide Classic,Books,Westland,441.0,4.4,"Westland Data Science Guide Classic. A practical guide to data science with Python, covering pandas and machine learning. A thoughtful gift for a curious friend or a student. Widely recommended by readers and reviewers alike.",book python data science learning reading westland data science guide
PRD245,Nike Revolution Cushioned Sneakers,Sports,Nike,3495.0,4.4,Cushioned running sneakers with breathable mesh upper and soft foam midsole.,shoes sneakers running cushioned comfortable sports
PRD246,Decathlon Skipping Rope Max,Sports,Decathlon,256.0,4.2,Decathlon Skipping Rope Max. Adjustable speed skipping rope with ball bearings and foam grips. Built for daily training as well as weekend matches. Tested for grip on both indoor courts and rough outdoor surfaces.,skipping rope fitness cardio exercise decathlon skipping rope
PRD247,Campus Yoga Mat Classic,Sports,Campus,1130.0,4.5,"Campus Yoga Mat Classic. Anti skid yoga mat, 5mm thick with a textured grip surface and carry strap. Comes with a carry bag for easy storage and transport. Built for daily training as well as weekend matches.",yoga mat fitness exercise antiskid campus yoga mat
PRD248,Wonderchef Electric Kettle Pro,Home & Kitchen,Wonderchef,980.0,3.7,Wonderchef Electric Kettle Pro. Rapid boil electric kettle with a 2 litre capacity and auto shut off. Backed by a replacement guarantee against manufacturing defects. Works on gas stoves as well as induction cooktops.,kettle electric kitchen tea coffee boil wonderchef electric kettle
PRD249,Levis Cotton T-Shirt Classic,Fashion,Levis,335.0,3.5,"Levis Cotton T-Shirt Classic. Soft combed cotton t shirt with a round neck and colourfast print. Reinforced stitching at stress points for a longer life. Skin friendly dye, free from harsh azo chemicals.",tshirt cotton casual clothing comfortable levis cotton t-shirt
PRD250,Pigeon Electric Kettle 2.0,Home & Kitchen,Pigeon,1541.0,4.7,Pigeon Electric Kettle 2.0. Rapid boil electric kettle with a 2 litre capacity and auto shut off. A practical gift for a new home or a wedding. Ergonomic handle stays cool while cooking.,kettle electric kitchen tea coffee boil pigeon electric kettle
PRD251,Puma Running Shorts Lite,Fashion,Puma,761.0,4.7,"Puma Running Shorts Lite. Quick dry running shorts with an elastic waistband and side pockets. Pairs easily with both formal trousers and weekend denim. Skin friendly dye, free from harsh azo chemicals.",shorts running sports clothing quickdry puma running shorts
PRD252,OnePlus USB-C Cable 2.0,Electronics,OnePlus,270.0,3.9,OnePlus USB-C Cable 2.0. Braided USB C fast charging cable rated for 60W with reinforced connectors. Tuned for punchy bass with a clear mid range for podcasts and calls. Pairs instantly over Bluetooth 5.3 and remembers the last two devices.,cable usbc charging fast braided oneplus usb-c cable
PRD253,Milton Steel Lunch Box Max,Home & Kitchen,Milton,1106.0,4.0,Milton Steel Lunch Box Max. Leak proof stainless steel lunch box with 3 compartments and an insulated sleeve. Backed by a replacement guarantee against manufacturing defects. Works on gas stoves as well as induction cooktops.,lunchbox steel kitchen tiffin insulated milton steel lunch box
PRD254,Mi Bluetooth Speaker Plus,Electronics,Mi,1014.0,4.2,"Mi Bluetooth Speaker Plus. Portable bluetooth speaker with 12 hour playback, deep bass and IPX6 splash resistance. Designed and tested in India for daily commute use. Environment noise cancellation makes voice calls clear on busy streets.",speaker bluetooth wireless audio bass portable mi bluetooth speaker
PRD255,Rupa Self-Help Book 2.0,Books,Rupa,223.0,3.9,Rupa Self-Help Book 2.0. A practical self help book on building habits that actually stick. Widely recommended by readers and reviewers alike. Includes an index and suggestions for further reading.,book selfhelp habits reading motivation rupa self-help book
PRD256,Biba Cotton T-Shirt 2.0,Fashion,Biba,546.0,4.2,Biba Cotton T-Shirt 2.0. Soft combed cotton t shirt with a round neck and colourfast print. Pairs easily with both formal trousers and weekend denim. Machine washable fabric that holds colour after repeated washes.,tshirt cotton casual clothing comfortable biba cotton t-shirt
PRD257,Noise Wired Earphones Max,Electronics,Noise,430.0,3.9,"Noise Wired Earphones Max. In ear wired earphones with a moulded fit, tangle free cable and inline mic. Environment noise cancellation makes voice calls clear on busy streets. Tuned for punchy bass with a clear mid range for podcasts and calls.",earphones wired audio music mic noise wired earphones
PRD258,Aleph Data Science Guide 2.0,Books,Aleph,364.0,4.1,"Aleph Data Science Guide 2.0. A practical guide to data science with Python, covering pandas and machine learning. Written in clear, accessible language for the general reader. Includes an index and suggestions for further reading.",book python data science learning reading aleph data science guide
PRD259,Realme Smart Watch Pro,Electronics,Realme,1941.0,3.2,"Realme Smart Watch Pro. Smart watch with a 11 day battery, SpO2 tracking, heart rate monitor and call support. Lightweight build that slips easily into a laptop bag or jacket pocket. Tuned for punchy bass with a clear mid range for podcasts and calls.",watch smartwatch fitness tracker battery realme smart watch
PRD260,Borosil Storage Container Set,Home & Kitchen,Borosil,352.0,3.3,"Borosil Storage Container Set. Airtight storage container set of 10, stackable and dishwasher safe. Backed by a replacement guarantee against manufacturing defects. Ergonomic handle stays cool while cooking.",container storage kitchen airtight set borosil storage container set
PRD261,Sparx Cotton T-Shirt Lite,Fashion,Sparx,324.0,3.8,Sparx Cotton T-Shirt Lite. Soft combed cotton t shirt with a round neck and colourfast print. Available in a regular fit that suits most Indian body types. A staple piece that works from office desk to evening out.,tshirt cotton casual clothing comfortable sparx cotton t-shirt
PRD262,Apple Smart Watch 2.0,Electronics,Apple,3501.0,3.6,"Apple Smart Watch 2.0. Smart watch with a 19 day battery, SpO2 tracking, heart rate monitor and call support. Type C fast charging gives a full day of use from a ten minute top up. Pairs instantly over Bluetooth 5.3 and remembers the last two devices.",watch smartwatch fitness tracker battery apple smart watch
PRD263,JBL Smart Watch,Electronics,JBL,1847.0,4.4,"JBL Smart Watch. Smart watch with a 9 day battery, SpO2 tracking, heart rate monitor and call support. Pairs instantly over Bluetooth 5.3 and remembers the last two devices. Comes with a one year manufacturer warranty and free doorstep service.",watch smartwatch fitness tracker battery jbl smart watch
PRD264,Prestige Storage Container Set Classic,Home & Kitchen,Prestige,518.0,4.6,"Prestige Storage Container Set Classic. Airtight storage container set of 8, stackable and dishwasher safe. Backed by a replacement guarantee against manufacturing defects. Food grade stainless steel with no plastic in contact with food.",container storage kitchen airtight set prestige storage container set
PRD265,HarperCollins Children's Storybook 2.0,Books,HarperCollins,599.0,3.8,HarperCollins Children's Storybook 2.0. An illustrated children's storybook with 15 short bedtime stories. Includes an index and suggestions for further reading. Draws on interviews and primary research throughout.,book children stories illustrated reading harpercollins children's storybook
PRD266,Himalaya Body Lotion 2.0 M367,Beauty,Himalaya,637.0,3.8,"Himalaya Body Lotion 2.0 M367. Deep nourishing body lotion with shea butter for 40 hour softness. Absorbs quickly without leaving a sticky residue. Free from parabens, sulphates and mineral oil.",lotion body skincare beauty nourishing himalaya body lotion
PRD267,Campus Yoga Mat Pro,Sports,Campus,1579.0,3.4,"Campus Yoga Mat Pro. Anti skid yoga mat, 4mm thick with a textured grip surface and carry strap. Tested for grip on both indoor courts and rough outdoor surfaces. Suits beginners while still holding up for regular players.",yoga mat fitness exercise antiskid campus yoga mat
PRD268,Levis Cotton T-Shirt Pro,Fashion,Levis,360.0,3.6,Levis Cotton T-Shirt Pro. Soft combed cotton t shirt with a round neck and colourfast print. Breathable weave keeps you cool through humid afternoons. Pairs easily with both formal trousers and weekend denim.,tshirt cotton casual clothing comfortable levis cotton t-shirt
PRD269,Apple Bluetooth Speaker Pro,Electronics,Apple,2092.0,4.3,"Apple Bluetooth Speaker Pro. Portable bluetooth speaker with 23 hour playback, deep bass and IPX6 splash resistance. Designed and tested in India for daily commute use. Comes with a one year manufacturer warranty and free doorstep service.",speaker bluetooth wireless audio bass portable apple bluetooth speaker
PRD270,Prestige Storage Container Set Pro,Home & Kitchen,Prestige,1377.0,4.7,"Prestige Storage Container Set Pro. Airtight storage container set of 9, stackable and dishwasher safe. Food grade stainless steel with no plastic in contact with food. Works on gas stoves as well as induction cooktops.",container storage kitchen airtight set prestige storage container set
PRD271,Cello Storage Container Set Lite,Home & Kitchen,Cello,404.0,4.5,"Cello Storage Container Set Lite. Airtight storage container set of 5, stackable and dishwasher safe. Backed by a replacement guarantee against manufacturing defects. Compact enough to store on a regular kitchen shelf.",container storage kitchen airtight set cello storage container set
PRD272,JBL USB-C Cable Pro,Electronics,JBL,188.0,4.7,JBL USB-C Cable Pro. Braided USB C fast charging cable rated for 60W with reinforced connectors. Designed and tested in India for daily commute use. Environment noise cancellation makes voice calls clear on busy streets.,cable usbc charging fast braided jbl usb-c cable
PRD273,Bloomsbury Cookbook Classic,Books,Bloomsbury,1199.0,4.6,Bloomsbury Cookbook Classic. A regional Indian cookbook with 50 tested home style recipes and cooking tips. Widely recommended by readers and reviewers alike. Includes an index and suggestions for further reading.,book cookbook cooking recipes kitchen gift bloomsbury cookbook
PRD274,Himalaya Kajal Pencil 2.0,Beauty,Himalaya,188.0,4.0,"Himalaya Kajal Pencil 2.0. Smudge proof kajal pencil with an intense matte black finish that lasts all day. Free from parabens, sulphates and mineral oil. Absorbs quickly without leaving a sticky residue.",kajal makeup eyes beauty smudgeproof himalaya kajal pencil
PRD275,JBL Bluetooth Mouse Classic M376,Electronics,JBL,464.0,4.4,JBL Bluetooth Mouse Classic M376. Silent click wireless mouse with adjustable DPI and 6 month battery life. Tuned for punchy bass with a clear mid range for podcasts and calls. Designed and tested in India for daily commute use.,mouse wireless bluetooth computer silent jbl bluetooth mouse
PRD276,Peter England Cotton Kurta Classic,Fashion,Peter England,1668.0,4.3,"Peter England Cotton Kurta Classic. Breathable cotton kurta with a regular fit, ideal for daily wear and festive occasions. Skin friendly dye, free from harsh azo chemicals. Breathable weave keeps you cool through humid afternoons.",kurta cotton ethnic clothing comfortable peter england cotton kurta
PRD277,Samsung Smart Watch,Electronics,Samsung,2013.0,3.9,"Samsung Smart Watch. Smart watch with a 15 day battery, SpO2 tracking, heart rate monitor and call support. Type C fast charging gives a full day of use from a ten minute top up. Lightweight build that slips easily into a laptop bag or jacket pocket.",watch smartwatch fitness tracker battery samsung smart watch
PRD278,Cello Storage Container Set,Home & Kitchen,Cello,1899.0,3.2,"Cello Storage Container Set. Airtight storage container set of 10, stackable and dishwasher safe. Works on gas stoves as well as induction cooktops. Food grade stainless steel with no plastic in contact with food.",container storage kitchen airtight set cello storage container set
PRD279,Peter England Running Shorts Max,Fashion,Peter England,462.0,4.6,Peter England Running Shorts Max. Quick dry running shorts with an elastic waistband and side pockets. Machine washable fabric that holds colour after repeated washes. Reinforced stitching at stress points for a longer life.,shorts running sports clothing quickdry peter england running shorts
PRD280,Apple Smart Watch Lite M381,Electronics,Apple,4376.0,4.5,"Apple Smart Watch Lite M381. Smart watch with a 15 day battery, SpO2 tracking, heart rate monitor and call support. Tuned for punchy bass with a clear mid range for podcasts and calls. Environment noise cancellation makes voice calls clear on busy streets.",watch smartwatch fitness tracker battery apple smart watch
PRD281,Levis Sports Sandals Classic,Fashion,Levis,604.0,3.7,Levis Sports Sandals Classic. Durable sports sandals with adjustable straps and a cushioned anti-skid sole. Breathable weave keeps you cool through humid afternoons. A staple piece that works from office desk to evening out.,sandals sports comfortable anti-skid outdoor levis sports sandals
PRD282,Levis Cotton Kurta Pro,Fashion,Levis,846.0,4.3,"Levis Cotton Kurta Pro. Breathable cotton kurta with a regular fit, ideal for daily wear and festive occasions. Pairs easily with both formal trousers and weekend denim. Reinforced stitching at stress points for a longer life.",kurta cotton ethnic clothing comfortable levis cotton kurta
PRD283,Himalaya Sunscreen SPF 50,Beauty,Himalaya,318.0,3.6,"Himalaya Sunscreen SPF 50. Non greasy broad spectrum SPF 50 sunscreen suitable for daily Indian sun exposure. Travel friendly pack that fits in a handbag. Formulated for Indian weather, from dry winters to humid monsoons.",sunscreen spf skincare beauty protection himalaya sunscreen spf 50
PRD284,OnePlus Bluetooth Speaker,Electronics,OnePlus,1929.0,4.7,"OnePlus Bluetooth Speaker. Portable bluetooth speaker with 13 hour playback, deep bass and IPX6 splash resistance. Type C fast charging gives a full day of use from a ten minute top up. Tuned for punchy bass with a clear mid range for podcasts and calls.",speaker bluetooth wireless audio bass portable oneplus bluetooth speaker
PRD285,Sony Wired Earphones Lite,Electronics,Sony,613.0,4.7,"Sony Wired Earphones Lite. In ear wired earphones with a moulded fit, tangle free cable and inline mic. Designed and tested in India for daily commute use. Type C fast charging gives a full day of use from a ten minute top up.",earphones wired audio music mic sony wired earphones
PRD286,Noise Bluetooth Mouse Classic,Electronics,Noise,437.0,4.0,Noise Bluetooth Mouse Classic. Silent click wireless mouse with adjustable DPI and 7 month battery life. Comes with a one year manufacturer warranty and free doorstep service. Lightweight build that slips easily into a laptop bag or jacket pocket.,mouse wireless bluetooth computer silent noise bluetooth mouse
PRD287,Plum Kajal Pencil,Beauty,Plum,178.0,4.4,"Plum Kajal Pencil. Smudge proof kajal pencil with an intense matte black finish that lasts all day. A little goes a long way, so one pack lasts for months. Dermatologically tested and suitable for sensitive skin.",kajal makeup eyes beauty smudgeproof plum kajal pencil
PRD288,Realme Bluetooth Mouse Lite,Electronics,Realme,472.0,4.7,Realme Bluetooth Mouse Lite. Silent click wireless mouse with adjustable DPI and 18 month battery life. Designed and tested in India for daily commute use. Environment noise cancellation makes voice calls clear on busy streets.,mouse wireless bluetooth computer silent realme bluetooth mouse
PRD289,Boult Power Bank Pro M390,Electronics,Boult,826.0,3.3,Boult Power Bank Pro M390. Fast charging power bank with 16000mAh capacity and dual output ports. Comes with a one year manufacturer warranty and free doorstep service. Type C fast charging gives a full day of use from a ten minute top up.,powerbank charger battery portable fast boult power bank
PRD290,Apple Bluetooth Mouse Plus,Electronics,Apple,504.0,3.5,Apple Bluetooth Mouse Plus. Silent click wireless mouse with adjustable DPI and 15 month battery life. Lightweight build that slips easily into a laptop bag or jacket pocket. Designed and tested in India for daily commute use.,mouse wireless bluetooth computer silent apple bluetooth mouse
PRD291,Woodland Leather Belt Plus,Fashion,Woodland,831.0,4.0,Woodland Leather Belt Plus. Genuine leather belt with a brushed metal buckle and reversible strap. Pairs easily with both formal trousers and weekend denim. Available in a regular fit that suits most Indian body types.,belt leather accessory formal woodland leather belt
PRD292,Cello Electric Kettle Plus,Home & Kitchen,Cello,2099.0,4.5,Cello Electric Kettle Plus. Rapid boil electric kettle with a 1 litre capacity and auto shut off. Works on gas stoves as well as induction cooktops. Backed by a replacement guarantee against manufacturing defects.,kettle electric kitchen tea coffee boil cello electric kettle
PRD293,Levis Leather Belt,Fashion,Levis,499.0,3.4,"Levis Leather Belt. Genuine leather belt with a brushed metal buckle and reversible strap. Skin friendly dye, free from harsh azo chemicals. Available in a regular fit that suits most Indian body types.",belt leather accessory formal levis leather belt
PRD294,Mi Bluetooth Mouse M395,Electronics,Mi,615.0,4.0,Mi Bluetooth Mouse M395. Silent click wireless mouse with adjustable DPI and 9 month battery life. Type C fast charging gives a full day of use from a ten minute top up. Tuned for punchy bass with a clear mid range for podcasts and calls.,mouse wireless bluetooth computer silent mi bluetooth mouse
PRD295,Rupa Self-Help Book Pro,Books,Rupa,420.0,4.8,"Rupa Self-Help Book Pro. A practical self help book on building habits that actually stick. Printed on quality paper with a durable perfect bound spine. Written in clear, accessible language for the general reader.",book selfhelp habits reading motivation rupa self-help book
PRD296,Biba Formal Shirt Pro,Fashion,Biba,976.0,4.3,Biba Formal Shirt Pro. Wrinkle resistant formal shirt in a slim fit with a spread collar. Reinforced stitching at stress points for a longer life. Pairs easily with both formal trousers and weekend denim.,shirt formal office clothing slim biba formal shirt
PRD297,Pigeon Electric Kettle 2.0 M398,Home & Kitchen,Pigeon,1081.0,3.8,Pigeon Electric Kettle 2.0 M398. Rapid boil electric kettle with a 1 litre capacity and auto shut off. Works on gas stoves as well as induction cooktops. Backed by a replacement guarantee against manufacturing defects.,kettle electric kitchen tea coffee boil pigeon electric kettle
PRD298,Borosil Pressure Cooker Classic,Home & Kitchen,Borosil,4499.0,3.8,Borosil Pressure Cooker Classic. Induction friendly pressure cooker with a 3 litre capacity and safety valve. Ergonomic handle stays cool while cooking. Compact enough to store on a regular kitchen shelf.,cooker kitchen cooking induction steel borosil pressure cooker
PRD299,Borosil Non-Stick Tawa Pro,Home & Kitchen,Borosil,457.0,4.4,"Borosil Non-Stick Tawa Pro. Non stick tawa with a heat resistant handle, perfect for rotis and dosas. Backed by a replacement guarantee against manufacturing defects. Dishwasher safe and easy to clean after heavy Indian cooking.",tawa kitchen cooking nonstick pan borosil non-stick tawa
PRD300,Butterfly Electric Kettle Max,Home & Kitchen,Butterfly,1761.0,4.5,Butterfly Electric Kettle Max. Rapid boil electric kettle with a 1 litre capacity and auto shut off. Dishwasher safe and easy to clean after heavy Indian cooking. Compact enough to store on a regular kitchen shelf.,kettle electric kitchen tea coffee boil butterfly electric kettle
PRD301,Boult Power Bank Classic,Electronics,Boult,813.0,3.3,Boult Power Bank Classic. Fast charging power bank with 16000mAh capacity and dual output ports. Tuned for punchy bass with a clear mid range for podcasts and calls. Type C fast charging gives a full day of use from a ten minute top up.,powerbank charger battery portable fast boult power bank
PRD302,Penguin Self-Help Book Max,Books,Penguin,361.0,4.3,Penguin Self-Help Book Max. A practical self help book on building habits that actually stick. Includes an index and suggestions for further reading. Printed on quality paper with a durable perfect bound spine.,book selfhelp habits reading motivation penguin self-help book
PRD303,Boult Wired Earphones M404,Electronics,Boult,392.0,3.7,"Boult Wired Earphones M404. In ear wired earphones with a moulded fit, tangle free cable and inline mic. Tuned for punchy bass with a clear mid range for podcasts and calls. Comes with a one year manufacturer warranty and free doorstep service.",earphones wired audio music mic boult wired earphones
PRD304,Campus Badminton Racquet 2.0,Sports,Campus,1385.0,4.5,Campus Badminton Racquet 2.0. Lightweight graphite badminton racquet strung and ready to play. Comes with a carry bag for easy storage and transport. Built for daily training as well as weekend matches.,badminton racquet sports graphite game campus badminton racquet
PRD305,Bloomsbury Cookbook,Books,Bloomsbury,1199.0,3.4,Bloomsbury Cookbook. A regional Indian cookbook with 80 tested home style recipes and cooking tips. Draws on interviews and primary research throughout. Compact paperback edition that travels well.,book cookbook cooking recipes kitchen gift bloomsbury cookbook
PRD306,Wonderchef Electric Kettle 2.0,Home & Kitchen,Wonderchef,732.0,3.8,Wonderchef Electric Kettle 2.0. Rapid boil electric kettle with a 1 litre capacity and auto shut off. Compact enough to store on a regular kitchen shelf. Backed by a replacement guarantee against manufacturing defects.,kettle electric kitchen tea coffee boil wonderchef electric kettle
PRD307,Rupa Cookbook Max,Books,Rupa,1199.0,3.6,"Rupa Cookbook Max. A regional Indian cookbook with 70 tested home style recipes and cooking tips. Widely recommended by readers and reviewers alike. Written in clear, accessible language for the general reader.",book cookbook cooking recipes kitchen gift rupa cookbook
PRD308,Decathlon Badminton Racquet Max,Sports,Decathlon,1488.0,3.2,Decathlon Badminton Racquet Max. Lightweight graphite badminton racquet strung and ready to play. Durable materials that survive a full season of use. Suits beginners while still holding up for regular players.,badminton racquet sports graphite game decathlon badminton racquet
PRD309,Boult Wired Earphones Max,Electronics,Boult,1127.0,3.7,"Boult Wired Earphones Max. In ear wired earphones with a moulded fit, tangle free cable and inline mic. Comes with a one year manufacturer warranty and free doorstep service. Designed and tested in India for daily commute use.",earphones wired audio music mic boult wired earphones
PRD310,Decathlon Yoga Mat Max,Sports,Decathlon,2499.0,4.4,"Decathlon Yoga Mat Max. Anti skid yoga mat, 7mm thick with a textured grip surface and carry strap. Comes with a carry bag for easy storage and transport. Sweat resistant finish wipes clean after every session.",yoga mat fitness exercise antiskid decathlon yoga mat
PRD311,Nike Yoga Mat 2.0,Sports,Nike,876.0,3.9,"Nike Yoga Mat 2.0. Anti skid yoga mat, 4mm thick with a textured grip surface and carry strap. Sweat resistant finish wipes clean after every session. Durable materials that survive a full season of use.",yoga mat fitness exercise antiskid nike yoga mat
PRD312,Nike Dumbbell Set 2.0,Sports,Nike,3499.0,4.6,Nike Dumbbell Set 2.0. PVC coated dumbbell set of 9kg pairs with a knurled grip. Sweat resistant finish wipes clean after every session. Suits beginners while still holding up for regular players.,dumbbell fitness gym weights exercise nike dumbbell set
PRD313,Milton Bedsheet Set Lite,Home & Kitchen,Milton,2090.0,4.3,"Milton Bedsheet Set Lite. Cotton double bedsheet with 2 pillow covers, soft weave and colourfast dye. A practical gift for a new home or a wedding. Dishwasher safe and easy to clean after heavy Indian cooking.",bedsheet cotton home bedroom milton bedsheet set
PRD314,Boult Wired Earphones M415,Electronics,Boult,422.0,4.8,"Boult Wired Earphones M415. In ear wired earphones with a moulded fit, tangle free cable and inline mic. Tuned for punchy bass with a clear mid range for podcasts and calls. Lightweight build that slips easily into a laptop bag or jacket pocket.",earphones wired audio music mic boult wired earphones
PRD315,Prestige Bedsheet Set 2.0,Home & Kitchen,Prestige,668.0,3.7,"Prestige Bedsheet Set 2.0. Cotton double bedsheet with 2 pillow covers, soft weave and colourfast dye. Dishwasher safe and easy to clean after heavy Indian cooking. Ergonomic handle stays cool while cooking.",bedsheet cotton home bedroom prestige bedsheet set
PRD316,Milton Non-Stick Tawa Classic,Home & Kitchen,Milton,458.0,4.1,"Milton Non-Stick Tawa Classic. Non stick tawa with a heat resistant handle, perfect for rotis and dosas. A practical gift for a new home or a wedding. Compact enough to store on a regular kitchen shelf.",tawa kitchen cooking nonstick pan milton non-stick tawa
PRD317,Butterfly Bedsheet Set 2.0 M418,Home & Kitchen,Butterfly,2280.0,4.7,"Butterfly Bedsheet Set 2.0 M418. Cotton double bedsheet with 2 pillow covers, soft weave and colourfast dye. Dishwasher safe and easy to clean after heavy Indian cooking. A practical gift for a new home or a wedding.",bedsheet cotton home bedroom butterfly bedsheet set
PRD318,Westland Self-Help Book Classic,Books,Westland,448.0,4.6,"Westland Self-Help Book Classic. A practical self help book on building habits that actually stick. Written in clear, accessible language for the general reader. A thoughtful gift for a curious friend or a student.",book selfhelp habits reading motivation westland self-help book
PRD319,Peter England Formal Shirt Pro,Fashion,Peter England,1416.0,3.4,Peter England Formal Shirt Pro. Wrinkle resistant formal shirt in a slim fit with a spread collar. Available in a regular fit that suits most Indian body types. Reinforced stitching at stress points for a longer life.,shirt formal office clothing slim peter england formal shirt
PRD320,Mi USB-C Cable Max,Electronics,Mi,313.0,3.5,Mi USB-C Cable Max. Braided USB C fast charging cable rated for 70W with reinforced connectors. Environment noise cancellation makes voice calls clear on busy streets. Comes with a one year manufacturer warranty and free doorstep service.,cable usbc charging fast braided mi usb-c cable
PRD321,Himalaya Face Wash Plus,Beauty,Himalaya,237.0,4.3,Himalaya Face Wash Plus. Gentle daily face wash with neem and aloe for oil control and clear skin. Travel friendly pack that fits in a handbag. Dermatologically tested and suitable for sensitive skin.,facewash skincare beauty cleanser daily himalaya face wash
PRD322,Puma Cricket Bat Pro,Sports,Puma,1255.0,4.0,Puma Cricket Bat Pro. Kashmir willow cricket bat with a short handle and sturdy toe guard. Sweat resistant finish wipes clean after every session. Tested for grip on both indoor courts and rough outdoor surfaces.,cricket bat sports willow game puma cricket bat
PRD323,Woodland Cotton T-Shirt Plus,Fashion,Woodland,312.0,3.5,"Woodland Cotton T-Shirt Plus. Soft combed cotton t shirt with a round neck and colourfast print. Skin friendly dye, free from harsh azo chemicals. Available in a regular fit that suits most Indian body types.",tshirt cotton casual clothing comfortable woodland cotton t-shirt
PRD324,Allen Solly Formal Shirt Classic M425,Fashion,Allen Solly,843.0,3.2,Allen Solly Formal Shirt Classic M425. Wrinkle resistant formal shirt in a slim fit with a spread collar. Breathable weave keeps you cool through humid afternoons. Pairs easily with both formal trousers and weekend denim.,shirt formal office clothing slim allen solly formal shirt
PRD325,Puma Badminton Racquet,Sports,Puma,827.0,4.3,Puma Badminton Racquet. Lightweight graphite badminton racquet strung and ready to play. Built for daily training as well as weekend matches. Tested for grip on both indoor courts and rough outdoor surfaces.,badminton racquet sports graphite game puma badminton racquet
PRD326,Bata Running Shorts Max M427,Fashion,Bata,547.0,4.5,Bata Running Shorts Max M427. Quick dry running shorts with an elastic waistband and side pockets. Machine washable fabric that holds colour after repeated washes. Available in a regular fit that suits most Indian body types.,shorts running sports clothing quickdry bata running shorts
PRD327,OnePlus Bluetooth Mouse,Electronics,OnePlus,457.0,4.0,OnePlus Bluetooth Mouse. Silent click wireless mouse with adjustable DPI and 7 month battery life. Designed and tested in India for daily commute use. Comes with a one year manufacturer warranty and free doorstep service.,mouse wireless bluetooth computer silent oneplus bluetooth mouse
PRD328,Westland Children's Storybook,Books,Westland,163.0,3.7,"Westland Children's Storybook. An illustrated children's storybook with 29 short bedtime stories. Compact paperback edition that travels well. Written in clear, accessible language for the general reader.",book children stories illustrated reading westland children's storybook
PRD329,OnePlus Bluetooth Speaker Max,Electronics,OnePlus,1419.0,4.6,"OnePlus Bluetooth Speaker Max. Portable bluetooth speaker with 17 hour playback, deep bass and IPX6 splash resistance. Comes with a one year manufacturer warranty and free doorstep service. Pairs instantly over Bluetooth 5.3 and remembers the last two devices.",speaker bluetooth wireless audio bass portable oneplus bluetooth speaker
PRD330,Noise Buds VS104 Earbuds,Electronics,Noise,999.0,4.0,Budget true wireless earbuds offering 45 hours of battery life and instant pairing.,wireless bluetooth earbuds cheap battery budget
PRD331,Allen Solly Sports Sandals Classic,Fashion,Allen Solly,801.0,4.3,Allen Solly Sports Sandals Classic. Durable sports sandals with adjustable straps and a cushioned anti-skid sole. A staple piece that works from office desk to evening out. Available in a regular fit that suits most Indian body types.,sandals sports comfortable anti-skid outdoor allen solly sports sandals
PRD332,Biba Running Shorts 2.0,Fashion,Biba,597.0,4.2,"Biba Running Shorts 2.0. Quick dry running shorts with an elastic waistband and side pockets. Skin friendly dye, free from harsh azo chemicals. Breathable weave keeps you cool through humid afternoons.",shorts running sports clothing quickdry biba running shorts
PRD333,Wonderchef Storage Container Set,Home & Kitchen,Wonderchef,422.0,4.2,"Wonderchef Storage Container Set. Airtight storage container set of 7, stackable and dishwasher safe. Dishwasher safe and easy to clean after heavy Indian cooking. Works on gas stoves as well as induction cooktops.",container storage kitchen airtight set wonderchef storage container set
PRD334,Maybelline Kajal Pencil 2.0,Beauty,Maybelline,599.0,3.7,"Maybelline Kajal Pencil 2.0. Smudge proof kajal pencil with an intense matte black finish that lasts all day. A little goes a long way, so one pack lasts for months. Dermatologically tested and suitable for sensitive skin.",kajal makeup eyes beauty smudgeproof maybelline kajal pencil
PRD335,Nivea Face Wash,Beauty,Nivea,305.0,4.1,"Nivea Face Wash. Gentle daily face wash with neem and aloe for oil control and clear skin. Free from parabens, sulphates and mineral oil. Formulated for Indian weather, from dry winters to humid monsoons.",facewash skincare beauty cleanser daily nivea face wash
PRD336,Mi USB-C Cable,Electronics,Mi,185.0,4.7,Mi USB-C Cable. Braided USB C fast charging cable rated for 70W with reinforced connectors. Pairs instantly over Bluetooth 5.3 and remembers the last two devices. Tuned for punchy bass with a clear mid range for podcasts and calls.,cable usbc charging fast braided mi usb-c cable
PRD337,Boult Bluetooth Mouse Max,Electronics,Boult,482.0,4.7,Boult Bluetooth Mouse Max. Silent click wireless mouse with adjustable DPI and 9 month battery life. Designed and tested in India for daily commute use. Tuned for punchy bass with a clear mid range for podcasts and calls.,mouse wireless bluetooth computer silent boult bluetooth mouse
PRD338,Sparx Leather Belt Classic,Fashion,Sparx,711.0,4.8,Sparx Leather Belt Classic. Genuine leather belt with a brushed metal buckle and reversible strap. Available in a regular fit that suits most Indian body types. Machine washable fabric that holds colour after repeated washes.,belt leather accessory formal sparx leather belt
PRD339,OnePlus Power Bank Classic,Electronics,OnePlus,1061.0,4.7,OnePlus Power Bank Classic. Fast charging power bank with 20000mAh capacity and dual output ports. Pairs instantly over Bluetooth 5.3 and remembers the last two devices. Tuned for punchy bass with a clear mid range for podcasts and calls.,powerbank charger battery portable fast oneplus power bank
PRD340,Peter England Running Shorts 2.0 M441,Fashion,Peter England,1499.0,4.0,Peter England Running Shorts 2.0 M441. Quick dry running shorts with an elastic waistband and side pockets. Pairs easily with both formal trousers and weekend denim. Available in a regular fit that suits most Indian body types.,shorts running sports clothing quickdry peter england running shorts
PRD341,Noise USB-C Cable 2.0,Electronics,Noise,196.0,3.7,Noise USB-C Cable 2.0. Braided USB C fast charging cable rated for 90W with reinforced connectors. Environment noise cancellation makes voice calls clear on busy streets. Comes with a one year manufacturer warranty and free doorstep service.,cable usbc charging fast braided noise usb-c cable
PRD342,Westland Business Novel,Books,Westland,462.0,4.5,Westland Business Novel. A gripping business novel about ambition and failure in modern India. Compact paperback edition that travels well. Printed on quality paper with a durable perfect bound spine.,book fiction business reading novel westland business novel
PRD343,Hawkins Storage Container Set Pro,Home & Kitchen,Hawkins,805.0,3.9,"Hawkins Storage Container Set Pro. Airtight storage container set of 8, stackable and dishwasher safe. Compact enough to store on a regular kitchen shelf. Ergonomic handle stays cool while cooking.",container storage kitchen airtight set hawkins storage container set
PRD344,Lakme Face Wash Lite,Beauty,Lakme,222.0,4.2,Lakme Face Wash Lite. Gentle daily face wash with neem and aloe for oil control and clear skin. Travel friendly pack that fits in a handbag. Absorbs quickly without leaving a sticky residue.,facewash skincare beauty cleanser daily lakme face wash
PRD345,Prestige Pressure Cooker,Home & Kitchen,Prestige,4499.0,3.9,Prestige Pressure Cooker. Induction friendly pressure cooker with a 6 litre capacity and safety valve. A practical gift for a new home or a wedding. Compact enough to store on a regular kitchen shelf.,cooker kitchen cooking induction steel prestige pressure cooker
PRD346,Mi Smart Watch Plus,Electronics,Mi,2922.0,4.4,"Mi Smart Watch Plus. Smart watch with a 10 day battery, SpO2 tracking, heart rate monitor and call support. Comes with a one year manufacturer warranty and free doorstep service. Lightweight build that slips easily into a laptop bag or jacket pocket.",watch smartwatch fitness tracker battery mi smart watch
PRD347,Sparx Sports Sandals Plus,Fashion,Sparx,873.0,3.6,"Sparx Sports Sandals Plus. Durable sports sandals with adjustable straps and a cushioned anti-skid sole. Pairs easily with both formal trousers and weekend denim. Skin friendly dye, free from harsh azo chemicals.",sandals sports comfortable anti-skid outdoor sparx sports sandals
PRD348,Apple Bluetooth Speaker Classic,Electronics,Apple,2298.0,3.3,"Apple Bluetooth Speaker Classic. Portable bluetooth speaker with 23 hour playback, deep bass and IPX6 splash resistance. Designed and tested in India for daily commute use. Lightweight build that slips easily into a laptop bag or jacket pocket.",speaker bluetooth wireless audio bass portable apple bluetooth speaker
PRD349,Bloomsbury Data Science Guide,Books,Bloomsbury,864.0,4.5,"Bloomsbury Data Science Guide. A practical guide to data science with Python, covering pandas and machine learning. A thoughtful gift for a curious friend or a student. Includes an index and suggestions for further reading.",book python data science learning reading bloomsbury data science guide
PRD350,Borosil Pressure Cooker Pro,Home & Kitchen,Borosil,4499.0,3.7,Borosil Pressure Cooker Pro. Induction friendly pressure cooker with a 6 litre capacity and safety valve. Food grade stainless steel with no plastic in contact with food. A practical gift for a new home or a wedding.,cooker kitchen cooking induction steel borosil pressure cooker
PRD351,Noise Wired Earphones Plus,Electronics,Noise,344.0,4.3,"Noise Wired Earphones Plus. In ear wired earphones with a moulded fit, tangle free cable and inline mic. Environment noise cancellation makes voice calls clear on busy streets. Lightweight build that slips easily into a laptop bag or jacket pocket.",earphones wired audio music mic noise wired earphones
PRD352,Prestige Non-Stick Tawa Plus,Home & Kitchen,Prestige,460.0,4.1,"Prestige Non-Stick Tawa Plus. Non stick tawa with a heat resistant handle, perfect for rotis and dosas. Works on gas stoves as well as induction cooktops. Dishwasher safe and easy to clean after heavy Indian cooking.",tawa kitchen cooking nonstick pan prestige non-stick tawa
PRD353,Nivea Face Wash Plus,Beauty,Nivea,228.0,3.8,"Nivea Face Wash Plus. Gentle daily face wash with neem and aloe for oil control and clear skin. A little goes a long way, so one pack lasts for months. Dermatologically tested and suitable for sensitive skin.",facewash skincare beauty cleanser daily nivea face wash
PRD354,Apple Bluetooth Mouse Classic,Electronics,Apple,474.0,3.6,Apple Bluetooth Mouse Classic. Silent click wireless mouse with adjustable DPI and 7 month battery life. Tuned for punchy bass with a clear mid range for podcasts and calls. Designed and tested in India for daily commute use.,mouse wireless bluetooth computer silent apple bluetooth mouse
PRD355,Plum Hair Serum 2.0,Beauty,Plum,366.0,3.3,"Plum Hair Serum 2.0. Anti frizz hair serum with argan oil for smooth, shiny and manageable hair. Dermatologically tested and suitable for sensitive skin. Travel friendly pack that fits in a handbag.",serum hair beauty frizz argan plum hair serum
PRD356,Samsung USB-C Cable Plus M457,Electronics,Samsung,211.0,3.6,Samsung USB-C Cable Plus M457. Braided USB C fast charging cable rated for 40W with reinforced connectors. Designed and tested in India for daily commute use. Lightweight build that slips easily into a laptop bag or jacket pocket.,cable usbc charging fast braided samsung usb-c cable
PRD357,Milton Non-Stick Tawa Plus,Home & Kitchen,Milton,918.0,3.2,"Milton Non-Stick Tawa Plus. Non stick tawa with a heat resistant handle, perfect for rotis and dosas. Compact enough to store on a regular kitchen shelf. A practical gift for a new home or a wedding.",tawa kitchen cooking nonstick pan milton non-stick tawa
PRD358,Apple USB-C Cable Classic,Electronics,Apple,205.0,4.8,Apple USB-C Cable Classic. Braided USB C fast charging cable rated for 30W with reinforced connectors. Tuned for punchy bass with a clear mid range for podcasts and calls. Type C fast charging gives a full day of use from a ten minute top up.,cable usbc charging fast braided apple usb-c cable
PRD359,Milton Electric Kettle 2.0,Home & Kitchen,Milton,1125.0,3.4,Milton Electric Kettle 2.0. Rapid boil electric kettle with a 2 litre capacity and auto shut off. Backed by a replacement guarantee against manufacturing defects. Ergonomic handle stays cool while cooking.,kettle electric kitchen tea coffee boil milton electric kettle
PRD360,Decathlon Football Pro,Sports,Decathlon,2199.0,4.1,"Decathlon Football Pro. Machine stitched football with a durable rubber bladder, size 5. Built for daily training as well as weekend matches. Tested for grip on both indoor courts and rough outdoor surfaces.",football sports ball game outdoor decathlon football
PRD361,Allen Solly Leather Belt Pro,Fashion,Allen Solly,1073.0,4.7,Allen Solly Leather Belt Pro. Genuine leather belt with a brushed metal buckle and reversible strap. Available in a regular fit that suits most Indian body types. Pairs easily with both formal trousers and weekend denim.,belt leather accessory formal allen solly leather belt
PRD362,Wonderchef Storage Container Set M463,Home & Kitchen,Wonderchef,564.0,3.4,"Wonderchef Storage Container Set M463. Airtight storage container set of 9, stackable and dishwasher safe. Works on gas stoves as well as induction cooktops. A practical gift for a new home or a wedding.",container storage kitchen airtight set wonderchef storage container set
PRD363,Milton Steel Lunch Box Plus M464,Home & Kitchen,Milton,399.0,3.6,Milton Steel Lunch Box Plus M464. Leak proof stainless steel lunch box with 4 compartments and an insulated sleeve. Backed by a replacement guarantee against manufacturing defects. Compact enough to store on a regular kitchen shelf.,lunchbox steel kitchen tiffin insulated milton steel lunch box
PRD364,Realme Wired Earphones Pro,Electronics,Realme,769.0,4.5,"Realme Wired Earphones Pro. In ear wired earphones with a moulded fit, tangle free cable and inline mic. Tuned for punchy bass with a clear mid range for podcasts and calls. Pairs instantly over Bluetooth 5.3 and remembers the last two devices.",earphones wired audio music mic realme wired earphones
PRD365,Butterfly Electric Kettle Max M466,Home & Kitchen,Butterfly,960.0,3.4,Butterfly Electric Kettle Max M466. Rapid boil electric kettle with a 2 litre capacity and auto shut off. Food grade stainless steel with no plastic in contact with food. Works on gas stoves as well as induction cooktops.,kettle electric kitchen tea coffee boil butterfly electric kettle
PRD366,Sony Bluetooth Mouse Max,Electronics,Sony,1638.0,3.4,Sony Bluetooth Mouse Max. Silent click wireless mouse with adjustable DPI and 16 month battery life. Lightweight build that slips easily into a laptop bag or jacket pocket. Designed and tested in India for daily commute use.,mouse wireless bluetooth computer silent sony bluetooth mouse
PRD367,Realme Bluetooth Mouse Lite M468,Electronics,Realme,505.0,3.7,Realme Bluetooth Mouse Lite M468. Silent click wireless mouse with adjustable DPI and 13 month battery life. Pairs instantly over Bluetooth 5.3 and remembers the last two devices. Type C fast charging gives a full day of use from a ten minute top up.,mouse wireless bluetooth computer silent realme bluetooth mouse
PRD368,JBL Bluetooth Speaker,Electronics,JBL,955.0,4.3,"JBL Bluetooth Speaker. Portable bluetooth speaker with 18 hour playback, deep bass and IPX6 splash resistance. Tuned for punchy bass with a clear mid range for podcasts and calls. Lightweight build that slips easily into a laptop bag or jacket pocket.",speaker bluetooth wireless audio bass portable jbl bluetooth speaker
PRD369,Decathlon Skipping Rope Plus,Sports,Decathlon,237.0,4.1,Decathlon Skipping Rope Plus. Adjustable speed skipping rope with ball bearings and foam grips. Built for daily training as well as weekend matches. Sweat resistant finish wipes clean after every session.,skipping rope fitness cardio exercise decathlon skipping rope
PRD370,Biba Formal Shirt Plus,Fashion,Biba,1058.0,3.5,Biba Formal Shirt Plus. Wrinkle resistant formal shirt in a slim fit with a spread collar. Machine washable fabric that holds colour after repeated washes. Reinforced stitching at stress points for a longer life.,shirt formal office clothing slim biba formal shirt
PRD371,Lakme Body Lotion Max,Beauty,Lakme,268.0,4.7,"Lakme Body Lotion Max. Deep nourishing body lotion with shea butter for 40 hour softness. Formulated for Indian weather, from dry winters to humid monsoons. A little goes a long way, so one pack lasts for months.",lotion body skincare beauty nourishing lakme body lotion
PRD372,Biotique Hair Serum Lite M473,Beauty,Biotique,415.0,4.5,"Biotique Hair Serum Lite M473. Anti frizz hair serum with argan oil for smooth, shiny and manageable hair. Dermatologically tested and suitable for sensitive skin. Formulated for Indian weather, from dry winters to humid monsoons.",serum hair beauty frizz argan biotique hair serum
PRD373,Peter England Running Shorts 2.0 M474,Fashion,Peter England,527.0,3.6,"Peter England Running Shorts 2.0 M474. Quick dry running shorts with an elastic waistband and side pockets. Skin friendly dye, free from harsh azo chemicals. Reinforced stitching at stress points for a longer life.",shorts running sports clothing quickdry peter england running shorts
PRD374,Samsung Power Bank Max,Electronics,Samsung,1706.0,4.3,Samsung Power Bank Max. Fast charging power bank with 19000mAh capacity and dual output ports. Designed and tested in India for daily commute use. Tuned for punchy bass with a clear mid range for podcasts and calls.,powerbank charger battery portable fast samsung power bank
PRD375,Borosil Storage Container Set Lite,Home & Kitchen,Borosil,633.0,3.5,"Borosil Storage Container Set Lite. Airtight storage container set of 3, stackable and dishwasher safe. Food grade stainless steel with no plastic in contact with food. A practical gift for a new home or a wedding.",container storage kitchen airtight set borosil storage container set
PRD376,Sparx Formal Shirt M477,Fashion,Sparx,1189.0,4.7,Sparx Formal Shirt M477. Wrinkle resistant formal shirt in a slim fit with a spread collar. A staple piece that works from office desk to evening out. Pairs easily with both formal trousers and weekend denim.,shirt formal office clothing slim sparx formal shirt
PRD377,Adidas Skipping Rope Classic,Sports,Adidas,558.0,4.6,Adidas Skipping Rope Classic. Adjustable speed skipping rope with ball bearings and foam grips. Comes with a carry bag for easy storage and transport. Built for daily training as well as weekend matches.,skipping rope fitness cardio exercise adidas skipping rope
PRD378,Campus Dumbbell Set Max,Sports,Campus,2214.0,4.7,Campus Dumbbell Set Max. PVC coated dumbbell set of 5kg pairs with a knurled grip. Suits beginners while still holding up for regular players. Compact enough to carry to the gym or the park.,dumbbell fitness gym weights exercise campus dumbbell set
PRD379,Realme Smart Watch Lite,Electronics,Realme,3493.0,3.9,"Realme Smart Watch Lite. Smart watch with a 8 day battery, SpO2 tracking, heart rate monitor and call support. Comes with a one year manufacturer warranty and free doorstep service. Designed and tested in India for daily commute use.",watch smartwatch fitness tracker battery realme smart watch
PRD380,Cello Pressure Cooker Classic M481,Home & Kitchen,Cello,1074.0,4.7,Cello Pressure Cooker Classic M481. Induction friendly pressure cooker with a 4 litre capacity and safety valve. Compact enough to store on a regular kitchen shelf. Ergonomic handle stays cool while cooking.,cooker kitchen cooking induction steel cello pressure cooker
PRD381,Peter England Running Shorts Max M482,Fashion,Peter England,406.0,4.1,"Peter England Running Shorts Max M482. Quick dry running shorts with an elastic waistband and side pockets. Pairs easily with both formal trousers and weekend denim. Skin friendly dye, free from harsh azo chemicals.",shorts running sports clothing quickdry peter england running shorts
PRD382,Realme USB-C Cable Pro,Electronics,Realme,247.0,3.3,Realme USB-C Cable Pro. Braided USB C fast charging cable rated for 80W with reinforced connectors. Comes with a one year manufacturer warranty and free doorstep service. Type C fast charging gives a full day of use from a ten minute top up.,cable usbc charging fast braided realme usb-c cable
PRD383,Apple USB-C Cable Lite,Electronics,Apple,199.0,4.6,Apple USB-C Cable Lite. Braided USB C fast charging cable rated for 30W with reinforced connectors. Designed and tested in India for daily commute use. Lightweight build that slips easily into a laptop bag or jacket pocket.,cable usbc charging fast braided apple usb-c cable
PRD384,Puma Cotton Kurta Pro,Fashion,Puma,701.0,4.8,"Puma Cotton Kurta Pro. Breathable cotton kurta with a regular fit, ideal for daily wear and festive occasions. Machine washable fabric that holds colour after repeated washes. Pairs easily with both formal trousers and weekend denim.",kurta cotton ethnic clothing comfortable puma cotton kurta
PRD385,OnePlus Smart Watch 2.0,Electronics,OnePlus,2378.0,3.3,"OnePlus Smart Watch 2.0. Smart watch with a 7 day battery, SpO2 tracking, heart rate monitor and call support. Lightweight build that slips easily into a laptop bag or jacket pocket. Comes with a one year manufacturer warranty and free doorstep service.",watch smartwatch fitness tracker battery oneplus smart watch
PRD386,Bata Cotton Kurta 2.0,Fashion,Bata,1023.0,3.6,"Bata Cotton Kurta 2.0. Breathable cotton kurta with a regular fit, ideal for daily wear and festive occasions. Pairs easily with both formal trousers and weekend denim. A staple piece that works from office desk to evening out.",kurta cotton ethnic clothing comfortable bata cotton kurta
PRD387,Realme Wired Earphones Max M488,Electronics,Realme,315.0,3.6,"Realme Wired Earphones Max M488. In ear wired earphones with a moulded fit, tangle free cable and inline mic. Pairs instantly over Bluetooth 5.3 and remembers the last two devices. Lightweight build that slips easily into a laptop bag or jacket pocket.",earphones wired audio music mic realme wired earphones
PRD388,Rupa Data Science Guide,Books,Rupa,437.0,3.2,"Rupa Data Science Guide. A practical guide to data science with Python, covering pandas and machine learning. Printed on quality paper with a durable perfect bound spine. Includes an index and suggestions for further reading.",book python data science learning reading rupa data science guide
PRD389,Biba Cotton Kurta 2.0 M490,Fashion,Biba,1746.0,3.3,"Biba Cotton Kurta 2.0 M490. Breathable cotton kurta with a regular fit, ideal for daily wear and festive occasions. Machine washable fabric that holds colour after repeated washes. Skin friendly dye, free from harsh azo chemicals.",kurta cotton ethnic clothing comfortable biba cotton kurta
PRD390,Apple Bluetooth Speaker Classic M491,Electronics,Apple,1322.0,4.7,"Apple Bluetooth Speaker Classic M491. Portable bluetooth speaker with 16 hour playback, deep bass and IPX6 splash resistance. Environment noise cancellation makes voice calls clear on busy streets. Lightweight build that slips easily into a laptop bag or jacket pocket.",speaker bluetooth wireless audio bass portable apple bluetooth speaker
PRD391,Bata Sports Sandals 2.0,Fashion,Bata,1999.0,3.3,"Bata Sports Sandals 2.0. Durable sports sandals with adjustable straps and a cushioned anti-skid sole. Skin friendly dye, free from harsh azo chemicals. Available in a regular fit that suits most Indian body types.",sandals sports comfortable anti-skid outdoor bata sports sandals
PRD392,Pigeon Non-Stick Tawa Plus,Home & Kitchen,Pigeon,1205.0,3.6,"Pigeon Non-Stick Tawa Plus. Non stick tawa with a heat resistant handle, perfect for rotis and dosas. Compact enough to store on a regular kitchen shelf. Food grade stainless steel with no plastic in contact with food.",tawa kitchen cooking nonstick pan pigeon non-stick tawa
PRD393,Allen Solly Running Shorts Max,Fashion,Allen Solly,521.0,4.5,"Allen Solly Running Shorts Max. Quick dry running shorts with an elastic waistband and side pockets. Machine washable fabric that holds colour after repeated washes. Skin friendly dye, free from harsh azo chemicals.",shorts running sports clothing quickdry allen solly running shorts
PRD394,Butterfly Steel Lunch Box,Home & Kitchen,Butterfly,1799.0,3.7,Butterfly Steel Lunch Box. Leak proof stainless steel lunch box with 3 compartments and an insulated sleeve. Food grade stainless steel with no plastic in contact with food. Dishwasher safe and easy to clean after heavy Indian cooking.,lunchbox steel kitchen tiffin insulated butterfly steel lunch box
PRD395,Maybelline Body Lotion Lite,Beauty,Maybelline,618.0,4.3,Maybelline Body Lotion Lite. Deep nourishing body lotion with shea butter for 35 hour softness. Travel friendly pack that fits in a handbag. Cruelty free and never tested on animals.,lotion body skincare beauty nourishing maybelline body lotion
PRD396,OnePlus Power Bank Max,Electronics,OnePlus,887.0,4.2,OnePlus Power Bank Max. Fast charging power bank with 19000mAh capacity and dual output ports. Tuned for punchy bass with a clear mid range for podcasts and calls. Pairs instantly over Bluetooth 5.3 and remembers the last two devices.,powerbank charger battery portable fast oneplus power bank
PRD397,Decathlon Dumbbell Set Pro,Sports,Decathlon,1292.0,4.3,Decathlon Dumbbell Set Pro. PVC coated dumbbell set of 7kg pairs with a knurled grip. Durable materials that survive a full season of use. Sweat resistant finish wipes clean after every session.,dumbbell fitness gym weights exercise decathlon dumbbell set
PRD398,Biba Sports Sandals Classic,Fashion,Biba,591.0,4.0,Biba Sports Sandals Classic. Durable sports sandals with adjustable straps and a cushioned anti-skid sole. Reinforced stitching at stress points for a longer life. Machine washable fabric that holds colour after repeated washes.,sandals sports comfortable anti-skid outdoor biba sports sandals
PRD399,Noise Smart Watch Classic,Electronics,Noise,1564.0,4.4,"Noise Smart Watch Classic. Smart watch with a 19 day battery, SpO2 tracking, heart rate monitor and call support. Environment noise cancellation makes voice calls clear on busy streets. Tuned for punchy bass with a clear mid range for podcasts and calls.",watch smartwatch fitness tracker battery noise smart watch
PRD400,Sparx Formal Shirt M501,Fashion,Sparx,1492.0,4.0,"Sparx Formal Shirt M501. Wrinkle resistant formal shirt in a slim fit with a spread collar. Reinforced stitching at stress points for a longer life. Skin friendly dye, free from harsh azo chemicals.",shirt formal office clothing slim sparx formal shirt
PRD401,Realme Smart Watch Pro M502,Electronics,Realme,1790.0,3.8,"Realme Smart Watch Pro M502. Smart watch with a 5 day battery, SpO2 tracking, heart rate monitor and call support. Type C fast charging gives a full day of use from a ten minute top up. Designed and tested in India for daily commute use.",watch smartwatch fitness tracker battery realme smart watch
PRD402,Peter England Sports Sandals Plus,Fashion,Peter England,637.0,4.5,Peter England Sports Sandals Plus. Durable sports sandals with adjustable straps and a cushioned anti-skid sole. A staple piece that works from office desk to evening out. Pairs easily with both formal trousers and weekend denim.,sandals sports comfortable anti-skid outdoor peter england sports sandals
PRD403,Rupa Business Novel 2.0,Books,Rupa,201.0,4.3,Rupa Business Novel 2.0. A gripping business novel about ambition and failure in modern India. Printed on quality paper with a durable perfect bound spine. Draws on interviews and primary research throughout.,book fiction business reading novel rupa business novel
PRD404,Nivea Hair Serum Classic M505,Beauty,Nivea,493.0,4.1,"Nivea Hair Serum Classic M505. Anti frizz hair serum with argan oil for smooth, shiny and manageable hair. Absorbs quickly without leaving a sticky residue. Free from parabens, sulphates and mineral oil.",serum hair beauty frizz argan nivea hair serum
PRD405,Maybelline Moisturising Cream Max,Beauty,Maybelline,227.0,3.6,"Maybelline Moisturising Cream Max. Lightweight moisturising cream with vitamin E for 43 hour hydration. Free from parabens, sulphates and mineral oil. Dermatologically tested and suitable for sensitive skin.",cream moisturiser skincare beauty hydration maybelline moisturising cream
PRD406,Levis Cotton T-Shirt Max,Fashion,Levis,1299.0,3.9,Levis Cotton T-Shirt Max. Soft combed cotton t shirt with a round neck and colourfast print. Machine washable fabric that holds colour after repeated washes. Reinforced stitching at stress points for a longer life.,tshirt cotton casual clothing comfortable levis cotton t-shirt
PRD407,Puma Skipping Rope Max,Sports,Puma,235.0,3.5,Puma Skipping Rope Max. Adjustable speed skipping rope with ball bearings and foam grips. Sweat resistant finish wipes clean after every session. Durable materials that survive a full season of use.,skipping rope fitness cardio exercise puma skipping rope
PRD408,Noise USB-C Cable 2.0 M509,Electronics,Noise,286.0,4.5,Noise USB-C Cable 2.0 M509. Braided USB C fast charging cable rated for 40W with reinforced connectors. Lightweight build that slips easily into a laptop bag or jacket pocket. Type C fast charging gives a full day of use from a ten minute top up.,cable usbc charging fast braided noise usb-c cable
PRD409,Yonex Cricket Bat,Sports,Yonex,1739.0,4.4,Yonex Cricket Bat. Kashmir willow cricket bat with a short handle and sturdy toe guard. Suits beginners while still holding up for regular players. Tested for grip on both indoor courts and rough outdoor surfaces.,cricket bat sports willow game yonex cricket bat
PRD410,OnePlus Smart Watch,Electronics,OnePlus,4071.0,3.9,"OnePlus Smart Watch. Smart watch with a 11 day battery, SpO2 tracking, heart rate monitor and call support. Lightweight build that slips easily into a laptop bag or jacket pocket. Comes with a one year manufacturer warranty and free doorstep service.",watch smartwatch fitness tracker battery oneplus smart watch
PRD411,Bata Formal Shirt Plus,Fashion,Bata,815.0,4.8,Bata Formal Shirt Plus. Wrinkle resistant formal shirt in a slim fit with a spread collar. Available in a regular fit that suits most Indian body types. Pairs easily with both formal trousers and weekend denim.,shirt formal office clothing slim bata formal shirt
PRD412,Boult AirBass Z20 Earbuds,Electronics,Boult,1199.0,4.2,"Compact wireless earbuds with deep bass drivers, 32 hour playback and IPX5 rating.",wireless bluetooth earbuds bass battery
PRD413,Woodland Cotton T-Shirt Pro,Fashion,Woodland,304.0,3.8,Woodland Cotton T-Shirt Pro. Soft combed cotton t shirt with a round neck and colourfast print. Available in a regular fit that suits most Indian body types. Breathable weave keeps you cool through humid afternoons.,tshirt cotton casual clothing comfortable woodland cotton t-shirt
PRD414,Mamaearth Body Lotion Classic,Beauty,Mamaearth,733.0,3.9,"Mamaearth Body Lotion Classic. Deep nourishing body lotion with shea butter for 47 hour softness. Formulated for Indian weather, from dry winters to humid monsoons. Travel friendly pack that fits in a handbag.",lotion body skincare beauty nourishing mamaearth body lotion
PRD415,Woodland Cotton Kurta Lite,Fashion,Woodland,2499.0,4.7,"Woodland Cotton Kurta Lite. Breathable cotton kurta with a regular fit, ideal for daily wear and festive occasions. Machine washable fabric that holds colour after repeated washes. A staple piece that works from office desk to evening out.",kurta cotton ethnic clothing comfortable woodland cotton kurta
PRD416,Boat Bluetooth Mouse,Electronics,Boat,1236.0,4.5,Boat Bluetooth Mouse. Silent click wireless mouse with adjustable DPI and 13 month battery life. Designed and tested in India for daily commute use. Lightweight build that slips easily into a laptop bag or jacket pocket.,mouse wireless bluetooth computer silent boat bluetooth mouse
PRD417,Boult Bluetooth Mouse Pro,Electronics,Boult,467.0,3.5,Boult Bluetooth Mouse Pro. Silent click wireless mouse with adjustable DPI and 11 month battery life. Tuned for punchy bass with a clear mid range for podcasts and calls. Pairs instantly over Bluetooth 5.3 and remembers the last two devices.,mouse wireless bluetooth computer silent boult bluetooth mouse
PRD418,Borosil Steel Lunch Box 2.0,Home & Kitchen,Borosil,473.0,4.4,Borosil Steel Lunch Box 2.0. Leak proof stainless steel lunch box with 3 compartments and an insulated sleeve. A practical gift for a new home or a wedding. Compact enough to store on a regular kitchen shelf.,lunchbox steel kitchen tiffin insulated borosil steel lunch box
PRD419,Boat Power Bank Plus,Electronics,Boat,849.0,3.7,Boat Power Bank Plus. Fast charging power bank with 20000mAh capacity and dual output ports. Tuned for punchy bass with a clear mid range for podcasts and calls. Comes with a one year manufacturer warranty and free doorstep service.,powerbank charger battery portable fast boat power bank
PRD420,Campus Football 2.0,Sports,Campus,624.0,4.2,"Campus Football 2.0. Machine stitched football with a durable rubber bladder, size 5. Compact enough to carry to the gym or the park. Sweat resistant finish wipes clean after every session.",football sports ball game outdoor campus football
PRD421,Realme Bluetooth Mouse Classic,Electronics,Realme,507.0,4.7,Realme Bluetooth Mouse Classic. Silent click wireless mouse with adjustable DPI and 8 month battery life. Type C fast charging gives a full day of use from a ten minute top up. Designed and tested in India for daily commute use.,mouse wireless bluetooth computer silent realme bluetooth mouse
PRD422,Cosco Football Max,Sports,Cosco,864.0,4.0,"Cosco Football Max. Machine stitched football with a durable rubber bladder, size 5. Durable materials that survive a full season of use. Sweat resistant finish wipes clean after every session.",football sports ball game outdoor cosco football
PRD423,Pigeon Non-Stick Tawa Max,Home & Kitchen,Pigeon,623.0,4.0,"Pigeon Non-Stick Tawa Max. Non stick tawa with a heat resistant handle, perfect for rotis and dosas. Food grade stainless steel with no plastic in contact with food. Backed by a replacement guarantee against manufacturing defects.",tawa kitchen cooking nonstick pan pigeon non-stick tawa
PRD424,Himalaya Hair Serum 2.0,Beauty,Himalaya,526.0,3.5,"Himalaya Hair Serum 2.0. Anti frizz hair serum with argan oil for smooth, shiny and manageable hair. A little goes a long way, so one pack lasts for months. Absorbs quickly without leaving a sticky residue.",serum hair beauty frizz argan himalaya hair serum
PRD425,Realme Bluetooth Speaker,Electronics,Realme,1566.0,3.5,"Realme Bluetooth Speaker. Portable bluetooth speaker with 22 hour playback, deep bass and IPX6 splash resistance. Designed and tested in India for daily commute use. Pairs instantly over Bluetooth 5.3 and remembers the last two devices.",speaker bluetooth wireless audio bass portable realme bluetooth speaker
PRD426,Biotique Body Lotion,Beauty,Biotique,492.0,4.1,Biotique Body Lotion. Deep nourishing body lotion with shea butter for 44 hour softness. Dermatologically tested and suitable for sensitive skin. Absorbs quickly without leaving a sticky residue.,lotion body skincare beauty nourishing biotique body lotion
PRD427,Biotique Moisturising Cream 2.0,Beauty,Biotique,217.0,3.8,"Biotique Moisturising Cream 2.0. Lightweight moisturising cream with vitamin E for 26 hour hydration. Formulated for Indian weather, from dry winters to humid monsoons. Free from parabens, sulphates and mineral oil.",cream moisturiser skincare beauty hydration biotique moisturising cream
PRD428,OnePlus Bluetooth Mouse M529,Electronics,OnePlus,921.0,4.0,OnePlus Bluetooth Mouse M529. Silent click wireless mouse with adjustable DPI and 13 month battery life. Environment noise cancellation makes voice calls clear on busy streets. Type C fast charging gives a full day of use from a ten minute top up.,mouse wireless bluetooth computer silent oneplus bluetooth mouse
PRD429,Boult Bluetooth Mouse Pro M530,Electronics,Boult,577.0,4.8,Boult Bluetooth Mouse Pro M530. Silent click wireless mouse with adjustable DPI and 16 month battery life. Lightweight build that slips easily into a laptop bag or jacket pocket. Comes with a one year manufacturer warranty and free doorstep service.,mouse wireless bluetooth computer silent boult bluetooth mouse
PRD430,Biba Leather Belt Classic,Fashion,Biba,527.0,4.5,"Biba Leather Belt Classic. Genuine leather belt with a brushed metal buckle and reversible strap. Skin friendly dye, free from harsh azo chemicals. Available in a regular fit that suits most Indian body types.",belt leather accessory formal biba leather belt
PRD431,Wonderchef Electric Kettle Pro M532,Home & Kitchen,Wonderchef,798.0,4.3,Wonderchef Electric Kettle Pro M532. Rapid boil electric kettle with a 1 litre capacity and auto shut off. Ergonomic handle stays cool while cooking. A practical gift for a new home or a wedding.,kettle electric kitchen tea coffee boil wonderchef electric kettle
PRD432,Pigeon Steel Lunch Box Classic,Home & Kitchen,Pigeon,1110.0,4.2,Pigeon Steel Lunch Box Classic. Leak proof stainless steel lunch box with 3 compartments and an insulated sleeve. A practical gift for a new home or a wedding. Backed by a replacement guarantee against manufacturing defects.,lunchbox steel kitchen tiffin insulated pigeon steel lunch box
PRD433,Pigeon Electric Kettle Lite,Home & Kitchen,Pigeon,755.0,3.9,Pigeon Electric Kettle Lite. Rapid boil electric kettle with a 1 litre capacity and auto shut off. Food grade stainless steel with no plastic in contact with food. A practical gift for a new home or a wedding.,kettle electric kitchen tea coffee boil pigeon electric kettle
PRD434,Cello Pressure Cooker,Home & Kitchen,Cello,2260.0,3.6,Cello Pressure Cooker. Induction friendly pressure cooker with a 5 litre capacity and safety valve. Compact enough to store on a regular kitchen shelf. Backed by a replacement guarantee against manufacturing defects.,cooker kitchen cooking induction steel cello pressure cooker
PRD435,Wonderchef Steel Lunch Box,Home & Kitchen,Wonderchef,523.0,4.2,Wonderchef Steel Lunch Box. Leak proof stainless steel lunch box with 3 compartments and an insulated sleeve. A practical gift for a new home or a wedding. Backed by a replacement guarantee against manufacturing defects.,lunchbox steel kitchen tiffin insulated wonderchef steel lunch box
PRD436,Nivia Football Plus,Sports,Nivia,2199.0,4.1,"Nivia Football Plus. Machine stitched football with a durable rubber bladder, size 5. Tested for grip on both indoor courts and rough outdoor surfaces. Comes with a carry bag for easy storage and transport.",football sports ball game outdoor nivia football
PRD437,Himalaya Body Lotion 2.0 M538,Beauty,Himalaya,333.0,3.7,"Himalaya Body Lotion 2.0 M538. Deep nourishing body lotion with shea butter for 26 hour softness. Formulated for Indian weather, from dry winters to humid monsoons. Cruelty free and never tested on animals.",lotion body skincare beauty nourishing himalaya body lotion
PRD438,Realme Bluetooth Speaker 2.0,Electronics,Realme,1087.0,4.1,"Realme Bluetooth Speaker 2.0. Portable bluetooth speaker with 7 hour playback, deep bass and IPX6 splash resistance. Type C fast charging gives a full day of use from a ten minute top up. Designed and tested in India for daily commute use.",speaker bluetooth wireless audio bass portable realme bluetooth speaker
PRD439,Boat Wired Earphones Classic,Electronics,Boat,394.0,3.9,"Boat Wired Earphones Classic. In ear wired earphones with a moulded fit, tangle free cable and inline mic. Environment noise cancellation makes voice calls clear on busy streets. Pairs instantly over Bluetooth 5.3 and remembers the last two devices.",earphones wired audio music mic boat wired earphones
PRD440,Maybelline Kajal Pencil Classic,Beauty,Maybelline,250.0,4.1,"Maybelline Kajal Pencil Classic. Smudge proof kajal pencil with an intense matte black finish that lasts all day. Formulated for Indian weather, from dry winters to humid monsoons. Absorbs quickly without leaving a sticky residue.",kajal makeup eyes beauty smudgeproof maybelline kajal pencil
PRD441,Sony Smart Watch 2.0,Electronics,Sony,8613.0,3.6,"Sony Smart Watch 2.0. Smart watch with a 5 day battery, SpO2 tracking, heart rate monitor and call support. Comes with a one year manufacturer warranty and free doorstep service. Environment noise cancellation makes voice calls clear on busy streets.",watch smartwatch fitness tracker battery sony smart watch
PRD442,Apple Power Bank Max,Electronics,Apple,1029.0,3.2,Apple Power Bank Max. Fast charging power bank with 17000mAh capacity and dual output ports. Lightweight build that slips easily into a laptop bag or jacket pocket. Comes with a one year manufacturer warranty and free doorstep service.,powerbank charger battery portable fast apple power bank
PRD443,Puma Cotton T-Shirt Max M544,Fashion,Puma,437.0,3.8,"Puma Cotton T-Shirt Max M544. Soft combed cotton t shirt with a round neck and colourfast print. Skin friendly dye, free from harsh azo chemicals. Machine washable fabric that holds colour after repeated washes.",tshirt cotton casual clothing comfortable puma cotton t-shirt
PRD444,Samsung Wired Earphones Max,Electronics,Samsung,346.0,3.9,"Samsung Wired Earphones Max. In ear wired earphones with a moulded fit, tangle free cable and inline mic. Tuned for punchy bass with a clear mid range for podcasts and calls. Designed and tested in India for daily commute use.",earphones wired audio music mic samsung wired earphones
PRD445,Samsung USB-C Cable,Electronics,Samsung,236.0,4.7,Samsung USB-C Cable. Braided USB C fast charging cable rated for 90W with reinforced connectors. Tuned for punchy bass with a clear mid range for podcasts and calls. Pairs instantly over Bluetooth 5.3 and remembers the last two devices.,cable usbc charging fast braided samsung usb-c cable
PRD446,Plum Kajal Pencil M547,Beauty,Plum,155.0,4.8,"Plum Kajal Pencil M547. Smudge proof kajal pencil with an intense matte black finish that lasts all day. Free from parabens, sulphates and mineral oil. Absorbs quickly without leaving a sticky residue.",kajal makeup eyes beauty smudgeproof plum kajal pencil
PRD447,Sparx Cotton Kurta 2.0,Fashion,Sparx,974.0,4.3,"Sparx Cotton Kurta 2.0. Breathable cotton kurta with a regular fit, ideal for daily wear and festive occasions. Reinforced stitching at stress points for a longer life. Available in a regular fit that suits most Indian body types.",kurta cotton ethnic clothing comfortable sparx cotton kurta
PRD448,Biba Cotton Kurta Classic M549,Fashion,Biba,920.0,4.2,"Biba Cotton Kurta Classic M549. Breathable cotton kurta with a regular fit, ideal for daily wear and festive occasions. Reinforced stitching at stress points for a longer life. Breathable weave keeps you cool through humid afternoons.",kurta cotton ethnic clothing comfortable biba cotton kurta
PRD449,Decathlon Cricket Bat Pro,Sports,Decathlon,1146.0,4.3,Decathlon Cricket Bat Pro. Kashmir willow cricket bat with a short handle and sturdy toe guard. Compact enough to carry to the gym or the park. Tested for grip on both indoor courts and rough outdoor surfaces.,cricket bat sports willow game decathlon cricket bat
PRD450,Adidas Skipping Rope Classic M551,Sports,Adidas,413.0,4.1,Adidas Skipping Rope Classic M551. Adjustable speed skipping rope with ball bearings and foam grips. Suits beginners while still holding up for regular players. Tested for grip on both indoor courts and rough outdoor surfaces.,skipping rope fitness cardio exercise adidas skipping rope
PRD451,Hawkins Non-Stick Tawa 2.0,Home & Kitchen,Hawkins,1999.0,3.5,"Hawkins Non-Stick Tawa 2.0. Non stick tawa with a heat resistant handle, perfect for rotis and dosas. Compact enough to store on a regular kitchen shelf. Backed by a replacement guarantee against manufacturing defects.",tawa kitchen cooking nonstick pan hawkins non-stick tawa
PRD452,Wonderchef Steel Lunch Box M553,Home & Kitchen,Wonderchef,462.0,3.9,Wonderchef Steel Lunch Box M553. Leak proof stainless steel lunch box with 4 compartments and an insulated sleeve. Ergonomic handle stays cool while cooking. A practical gift for a new home or a wedding.,lunchbox steel kitchen tiffin insulated wonderchef steel lunch box
PRD453,Milton Pressure Cooker Lite,Home & Kitchen,Milton,1220.0,4.0,Milton Pressure Cooker Lite. Induction friendly pressure cooker with a 5 litre capacity and safety valve. Food grade stainless steel with no plastic in contact with food. Compact enough to store on a regular kitchen shelf.,cooker kitchen cooking induction steel milton pressure cooker
PRD454,Milton Storage Container Set,Home & Kitchen,Milton,385.0,4.7,"Milton Storage Container Set. Airtight storage container set of 3, stackable and dishwasher safe. Works on gas stoves as well as induction cooktops. Dishwasher safe and easy to clean after heavy Indian cooking.",container storage kitchen airtight set milton storage container set
PRD455,Noise Bluetooth Speaker Max M556,Electronics,Noise,1484.0,4.5,"Noise Bluetooth Speaker Max M556. Portable bluetooth speaker with 7 hour playback, deep bass and IPX6 splash resistance. Type C fast charging gives a full day of use from a ten minute top up. Comes with a one year manufacturer warranty and free doorstep service.",speaker bluetooth wireless audio bass portable noise bluetooth speaker
PRD456,Sparx Running Shorts Lite,Fashion,Sparx,519.0,4.3,"Sparx Running Shorts Lite. Quick dry running shorts with an elastic waistband and side pockets. Breathable weave keeps you cool through humid afternoons. Skin friendly dye, free from harsh azo chemicals.",shorts running sports clothing quickdry sparx running shorts
PRD457,Himalaya Sunscreen SPF 50 Max,Beauty,Himalaya,385.0,3.8,"Himalaya Sunscreen SPF 50 Max. Non greasy broad spectrum SPF 50 sunscreen suitable for daily Indian sun exposure. Formulated for Indian weather, from dry winters to humid monsoons. Cruelty free and never tested on animals.",sunscreen spf skincare beauty protection himalaya sunscreen spf 50
PRD458,Woodland Cotton T-Shirt Plus M559,Fashion,Woodland,614.0,4.0,"Woodland Cotton T-Shirt Plus M559. Soft combed cotton t shirt with a round neck and colourfast print. Available in a regular fit that suits most Indian body types. Skin friendly dye, free from harsh azo chemicals.",tshirt cotton casual clothing comfortable woodland cotton t-shirt
PRD459,Cello Storage Container Set M560,Home & Kitchen,Cello,1548.0,3.8,"Cello Storage Container Set M560. Airtight storage container set of 4, stackable and dishwasher safe. A practical gift for a new home or a wedding. Compact enough to store on a regular kitchen shelf.",container storage kitchen airtight set cello storage container set
PRD460,Lakme Hair Serum Max,Beauty,Lakme,252.0,3.6,"Lakme Hair Serum Max. Anti frizz hair serum with argan oil for smooth, shiny and manageable hair. Dermatologically tested and suitable for sensitive skin. Formulated for Indian weather, from dry winters to humid monsoons.",serum hair beauty frizz argan lakme hair serum
PRD461,Peter England Running Shorts Classic,Fashion,Peter England,1071.0,3.8,"Peter England Running Shorts Classic. Quick dry running shorts with an elastic waistband and side pockets. Pairs easily with both formal trousers and weekend denim. Skin friendly dye, free from harsh azo chemicals.",shorts running sports clothing quickdry peter england running shorts
PRD462,Noise Power Bank Classic,Electronics,Noise,2358.0,4.4,Noise Power Bank Classic. Fast charging power bank with 16000mAh capacity and dual output ports. Comes with a one year manufacturer warranty and free doorstep service. Designed and tested in India for daily commute use.,powerbank charger battery portable fast noise power bank
PRD463,Plum Face Wash Max,Beauty,Plum,432.0,4.5,Plum Face Wash Max. Gentle daily face wash with neem and aloe for oil control and clear skin. Dermatologically tested and suitable for sensitive skin. Cruelty free and never tested on animals.,facewash skincare beauty cleanser daily plum face wash
PRD464,Bloomsbury Data Science Guide Pro,Books,Bloomsbury,502.0,3.3,"Bloomsbury Data Science Guide Pro. A practical guide to data science with Python, covering pandas and machine learning. Draws on interviews and primary research throughout. Printed on quality paper with a durable perfect bound spine.",book python data science learning reading bloomsbury data science guide
PRD465,Allen Solly Sports Sandals,Fashion,Allen Solly,715.0,3.3,Allen Solly Sports Sandals. Durable sports sandals with adjustable straps and a cushioned anti-skid sole. Available in a regular fit that suits most Indian body types. Breathable weave keeps you cool through humid afternoons.,sandals sports comfortable anti-skid outdoor allen solly sports sandals
PRD466,Westland Data Science Guide,Books,Westland,1261.0,4.3,"Westland Data Science Guide. A practical guide to data science with Python, covering pandas and machine learning. Printed on quality paper with a durable perfect bound spine. A thoughtful gift for a curious friend or a student.",book python data science learning reading westland data science guide
PRD467,Prestige Non-Stick Tawa Plus M568,Home & Kitchen,Prestige,845.0,4.4,"Prestige Non-Stick Tawa Plus M568. Non stick tawa with a heat resistant handle, perfect for rotis and dosas. Works on gas stoves as well as induction cooktops. Compact enough to store on a regular kitchen shelf.",tawa kitchen cooking nonstick pan prestige non-stick tawa
PRD468,Mi Smart Watch Classic,Electronics,Mi,1890.0,3.8,"Mi Smart Watch Classic. Smart watch with a 14 day battery, SpO2 tracking, heart rate monitor and call support. Lightweight build that slips easily into a laptop bag or jacket pocket. Environment noise cancellation makes voice calls clear on busy streets.",watch smartwatch fitness tracker battery mi smart watch
PRD469,Puma Cotton Kurta Classic,Fashion,Puma,616.0,4.0,"Puma Cotton Kurta Classic. Breathable cotton kurta with a regular fit, ideal for daily wear and festive occasions. Breathable weave keeps you cool through humid afternoons. Machine washable fabric that holds colour after repeated washes.",kurta cotton ethnic clothing comfortable puma cotton kurta
PRD470,Plum Face Wash Pro,Beauty,Plum,397.0,3.7,"Plum Face Wash Pro. Gentle daily face wash with neem and aloe for oil control and clear skin. A little goes a long way, so one pack lasts for months. Formulated for Indian weather, from dry winters to humid monsoons.",facewash skincare beauty cleanser daily plum face wash
PRD471,Pigeon Pressure Cooker,Home & Kitchen,Pigeon,1156.0,3.8,Pigeon Pressure Cooker. Induction friendly pressure cooker with a 4 litre capacity and safety valve. Dishwasher safe and easy to clean after heavy Indian cooking. Ergonomic handle stays cool while cooking.,cooker kitchen cooking induction steel pigeon pressure cooker
PRD472,Nivia Football Classic,Sports,Nivia,824.0,4.4,"Nivia Football Classic. Machine stitched football with a durable rubber bladder, size 5. Tested for grip on both indoor courts and rough outdoor surfaces. Sweat resistant finish wipes clean after every session.",football sports ball game outdoor nivia football
PRD473,Realme Smart Watch Max,Electronics,Realme,6236.0,4.0,"Realme Smart Watch Max. Smart watch with a 6 day battery, SpO2 tracking, heart rate monitor and call support. Comes with a one year manufacturer warranty and free doorstep service. Type C fast charging gives a full day of use from a ten minute top up.",watch smartwatch fitness tracker battery realme smart watch
PRD474,Noise Wired Earphones Classic,Electronics,Noise,355.0,4.1,"Noise Wired Earphones Classic. In ear wired earphones with a moulded fit, tangle free cable and inline mic. Tuned for punchy bass with a clear mid range for podcasts and calls. Environment noise cancellation makes voice calls clear on busy streets.",earphones wired audio music mic noise wired earphones
PRD475,Peter England Formal Shirt Plus,Fashion,Peter England,1447.0,4.4,Peter England Formal Shirt Plus. Wrinkle resistant formal shirt in a slim fit with a spread collar. Pairs easily with both formal trousers and weekend denim. Available in a regular fit that suits most Indian body types.,shirt formal office clothing slim peter england formal shirt
PRD476,Wonderchef Electric Kettle Lite,Home & Kitchen,Wonderchef,1186.0,4.1,Wonderchef Electric Kettle Lite. Rapid boil electric kettle with a 1 litre capacity and auto shut off. Compact enough to store on a regular kitchen shelf. Backed by a replacement guarantee against manufacturing defects.,kettle electric kitchen tea coffee boil wonderchef electric kettle
PRD477,Levis Sports Sandals Pro M578,Fashion,Levis,678.0,4.6,"Levis Sports Sandals Pro M578. Durable sports sandals with adjustable straps and a cushioned anti-skid sole. Skin friendly dye, free from harsh azo chemicals. Pairs easily with both formal trousers and weekend denim.",sandals sports comfortable anti-skid outdoor levis sports sandals
PRD478,OnePlus Bluetooth Speaker Classic,Electronics,OnePlus,1494.0,3.4,"OnePlus Bluetooth Speaker Classic. Portable bluetooth speaker with 8 hour playback, deep bass and IPX6 splash resistance. Comes with a one year manufacturer warranty and free doorstep service. Environment noise cancellation makes voice calls clear on busy streets.",speaker bluetooth wireless audio bass portable oneplus bluetooth speaker
PRD479,JBL USB-C Cable,Electronics,JBL,180.0,3.9,JBL USB-C Cable. Braided USB C fast charging cable rated for 50W with reinforced connectors. Pairs instantly over Bluetooth 5.3 and remembers the last two devices. Designed and tested in India for daily commute use.,cable usbc charging fast braided jbl usb-c cable
PRD480,Nike Football Lite M581,Sports,Nike,942.0,3.7,"Nike Football Lite M581. Machine stitched football with a durable rubber bladder, size 5. Durable materials that survive a full season of use. Compact enough to carry to the gym or the park.",football sports ball game outdoor nike football
PRD481,Butterfly Pressure Cooker,Home & Kitchen,Butterfly,1864.0,4.1,Butterfly Pressure Cooker. Induction friendly pressure cooker with a 5 litre capacity and safety valve. Ergonomic handle stays cool while cooking. Works on gas stoves as well as induction cooktops.,cooker kitchen cooking induction steel butterfly pressure cooker
PRD482,Mi Wired Earphones Lite,Electronics,Mi,1499.0,4.1,"Mi Wired Earphones Lite. In ear wired earphones with a moulded fit, tangle free cable and inline mic. Comes with a one year manufacturer warranty and free doorstep service. Type C fast charging gives a full day of use from a ten minute top up.",earphones wired audio music mic mi wired earphones
PRD483,Lakme Face Wash Classic,Beauty,Lakme,162.0,3.3,"Lakme Face Wash Classic. Gentle daily face wash with neem and aloe for oil control and clear skin. Travel friendly pack that fits in a handbag. Formulated for Indian weather, from dry winters to humid monsoons.",facewash skincare beauty cleanser daily lakme face wash
PRD484,Himalaya Kajal Pencil Max,Beauty,Himalaya,150.0,3.5,Himalaya Kajal Pencil Max. Smudge proof kajal pencil with an intense matte black finish that lasts all day. Absorbs quickly without leaving a sticky residue. Cruelty free and never tested on animals.,kajal makeup eyes beauty smudgeproof himalaya kajal pencil
PRD485,Apple Bluetooth Mouse,Electronics,Apple,420.0,4.5,Apple Bluetooth Mouse. Silent click wireless mouse with adjustable DPI and 13 month battery life. Pairs instantly over Bluetooth 5.3 and remembers the last two devices. Lightweight build that slips easily into a laptop bag or jacket pocket.,mouse wireless bluetooth computer silent apple bluetooth mouse
PRD486,Sony Power Bank Pro,Electronics,Sony,907.0,4.3,Sony Power Bank Pro. Fast charging power bank with 10000mAh capacity and dual output ports. Designed and tested in India for daily commute use. Environment noise cancellation makes voice calls clear on busy streets.,powerbank charger battery portable fast sony power bank
PRD487,Nike Football 2.0,Sports,Nike,721.0,3.4,"Nike Football 2.0. Machine stitched football with a durable rubber bladder, size 5. Sweat resistant finish wipes clean after every session. Comes with a carry bag for easy storage and transport.",football sports ball game outdoor nike football
PRD488,Maybelline Body Lotion,Beauty,Maybelline,409.0,4.6,"Maybelline Body Lotion. Deep nourishing body lotion with shea butter for 30 hour softness. Free from parabens, sulphates and mineral oil. Cruelty free and never tested on animals.",lotion body skincare beauty nourishing maybelline body lotion
PRD489,Apple AirPods 3rd Generation,Electronics,Apple,9999.0,4.6,"True wireless earbuds with spatial audio, adaptive EQ and up to 30 hours with the case.",wireless bluetooth earbuds apple audio premium
PRD490,Mi Wired Earphones Max,Electronics,Mi,1499.0,3.6,"Mi Wired Earphones Max. In ear wired earphones with a moulded fit, tangle free cable and inline mic. Comes with a one year manufacturer warranty and free doorstep service. Lightweight build that slips easily into a laptop bag or jacket pocket.",earphones wired audio music mic mi wired earphones
PRD491,Boat Wired Earphones Lite,Electronics,Boat,1154.0,4.5,"Boat Wired Earphones Lite. In ear wired earphones with a moulded fit, tangle free cable and inline mic. Environment noise cancellation makes voice calls clear on busy streets. Tuned for punchy bass with a clear mid range for podcasts and calls.",earphones wired audio music mic boat wired earphones
PRD492,Biba Cotton T-Shirt Pro,Fashion,Biba,452.0,3.6,Biba Cotton T-Shirt Pro. Soft combed cotton t shirt with a round neck and colourfast print. Machine washable fabric that holds colour after repeated washes. Available in a regular fit that suits most Indian body types.,tshirt cotton casual clothing comfortable biba cotton t-shirt
PRD493,Milton Bedsheet Set Max,Home & Kitchen,Milton,722.0,3.2,"Milton Bedsheet Set Max. Cotton double bedsheet with 2 pillow covers, soft weave and colourfast dye. Dishwasher safe and easy to clean after heavy Indian cooking. Compact enough to store on a regular kitchen shelf.",bedsheet cotton home bedroom milton bedsheet set
PRD494,Sparx Leather Belt Classic M595,Fashion,Sparx,605.0,3.6,Sparx Leather Belt Classic M595. Genuine leather belt with a brushed metal buckle and reversible strap. Available in a regular fit that suits most Indian body types. Reinforced stitching at stress points for a longer life.,belt leather accessory formal sparx leather belt
PRD495,Woodland Leather Belt Plus M596,Fashion,Woodland,1999.0,4.6,Woodland Leather Belt Plus M596. Genuine leather belt with a brushed metal buckle and reversible strap. Available in a regular fit that suits most Indian body types. Pairs easily with both formal trousers and weekend denim.,belt leather accessory formal woodland leather belt
PRD496,Yonex Cricket Bat Plus M597,Sports,Yonex,1064.0,4.5,Yonex Cricket Bat Plus M597. Kashmir willow cricket bat with a short handle and sturdy toe guard. Compact enough to carry to the gym or the park. Tested for grip on both indoor courts and rough outdoor surfaces.,cricket bat sports willow game yonex cricket bat
PRD497,Borosil Bedsheet Set Classic,Home & Kitchen,Borosil,776.0,3.5,"Borosil Bedsheet Set Classic. Cotton double bedsheet with 2 pillow covers, soft weave and colourfast dye. A practical gift for a new home or a wedding. Food grade stainless steel with no plastic in contact with food.",bedsheet cotton home bedroom borosil bedsheet set
PRD498,Levis Formal Shirt Max M599,Fashion,Levis,2999.0,4.1,Levis Formal Shirt Max M599. Wrinkle resistant formal shirt in a slim fit with a spread collar. Pairs easily with both formal trousers and weekend denim. Available in a regular fit that suits most Indian body types.,shirt formal office clothing slim levis formal shirt
PRD499,Milton Storage Container Set M600,Home & Kitchen,Milton,1157.0,4.7,"Milton Storage Container Set M600. Airtight storage container set of 4, stackable and dishwasher safe. A practical gift for a new home or a wedding. Ergonomic handle stays cool while cooking.",container storage kitchen airtight set milton storage container set
PRD500,Samsung Galaxy M35 5G Smartphone,Electronics,Samsung,18999.0,4.3,"5G smartphone with a 6.6 inch AMOLED display, 6000mAh battery and 50MP triple camera.",smartphone mobile 5g android camera battery
PRD501,Realme Buds Wireless 2,Electronics,Realme,1499.0,3.9,Neckband style wireless earphones with active noise cancellation and 22 hour battery.,wireless bluetooth earphones anc neckband battery
PRD502,Boult Power Bank Pro M603,Electronics,Boult,1312.0,4.5,Boult Power Bank Pro M603. Fast charging power bank with 15000mAh capacity and dual output ports. Type C fast charging gives a full day of use from a ten minute top up. Comes with a one year manufacturer warranty and free doorstep service.,powerbank charger battery portable fast boult power bank
PRD503,Sparx Sports Sandals M604,Fashion,Sparx,561.0,4.2,Sparx Sports Sandals M604. Durable sports sandals with adjustable straps and a cushioned anti-skid sole. Reinforced stitching at stress points for a longer life. Machine washable fabric that holds colour after repeated washes.,sandals sports comfortable anti-skid outdoor sparx sports sandals
PRD504,Mi USB-C Cable Pro M605,Electronics,Mi,155.0,4.6,Mi USB-C Cable Pro M605. Braided USB C fast charging cable rated for 40W with reinforced connectors. Type C fast charging gives a full day of use from a ten minute top up. Tuned for punchy bass with a clear mid range for podcasts and calls.,cable usbc charging fast braided mi usb-c cable
PRD505,Nivea Hair Serum Lite,Beauty,Nivea,307.0,4.3,"Nivea Hair Serum Lite. Anti frizz hair serum with argan oil for smooth, shiny and manageable hair. Travel friendly pack that fits in a handbag. Formulated for Indian weather, from dry winters to humid monsoons.",serum hair beauty frizz argan nivea hair serum
PRD506,Allen Solly Sports Sandals Pro,Fashion,Allen Solly,745.0,3.2,Allen Solly Sports Sandals Pro. Durable sports sandals with adjustable straps and a cushioned anti-skid sole. Pairs easily with both formal trousers and weekend denim. Breathable weave keeps you cool through humid afternoons.,sandals sports comfortable anti-skid outdoor allen solly sports sandals
PRD507,Aleph Cookbook Pro,Books,Aleph,640.0,3.8,Aleph Cookbook Pro. A regional Indian cookbook with 140 tested home style recipes and cooking tips. A thoughtful gift for a curious friend or a student. Includes an index and suggestions for further reading.,book cookbook cooking recipes kitchen gift aleph cookbook
PRD508,Sony Bluetooth Speaker Max,Electronics,Sony,1978.0,4.1,"Sony Bluetooth Speaker Max. Portable bluetooth speaker with 22 hour playback, deep bass and IPX6 splash resistance. Tuned for punchy bass with a clear mid range for podcasts and calls. Designed and tested in India for daily commute use.",speaker bluetooth wireless audio bass portable sony bluetooth speaker
PRD509,Noise Smart Watch Lite M610,Electronics,Noise,1956.0,3.3,"Noise Smart Watch Lite M610. Smart watch with a 5 day battery, SpO2 tracking, heart rate monitor and call support. Tuned for punchy bass with a clear mid range for podcasts and calls. Comes with a one year manufacturer warranty and free doorstep service.",watch smartwatch fitness tracker battery noise smart watch
PRD510,Cosco Football Max M611,Sports,Cosco,583.0,3.5,"Cosco Football Max M611. Machine stitched football with a durable rubber bladder, size 5. Compact enough to carry to the gym or the park. Sweat resistant finish wipes clean after every session.",football sports ball game outdoor cosco football
PRD511,Boult Smart Watch Plus,Electronics,Boult,1972.0,3.6,"Boult Smart Watch Plus. Smart watch with a 18 day battery, SpO2 tracking, heart rate monitor and call support. Designed and tested in India for daily commute use. Type C fast charging gives a full day of use from a ten minute top up.",watch smartwatch fitness tracker battery boult smart watch
PRD512,Westland Data Science Guide Lite,Books,Westland,374.0,3.7,"Westland Data Science Guide Lite. A practical guide to data science with Python, covering pandas and machine learning. Printed on quality paper with a durable perfect bound spine. Compact paperback edition that travels well.",book python data science learning reading westland data science guide
PRD513,Decathlon Badminton Racquet Pro,Sports,Decathlon,3680.0,4.8,Decathlon Badminton Racquet Pro. Lightweight graphite badminton racquet strung and ready to play. Comes with a carry bag for easy storage and transport. Sweat resistant finish wipes clean after every session.,badminton racquet sports graphite game decathlon badminton racquet
PRD514,Samsung USB-C Cable Classic,Electronics,Samsung,170.0,4.7,Samsung USB-C Cable Classic. Braided USB C fast charging cable rated for 90W with reinforced connectors. Pairs instantly over Bluetooth 5.3 and remembers the last two devices. Tuned for punchy bass with a clear mid range for podcasts and calls.,cable usbc charging fast braided samsung usb-c cable
PRD515,Allen Solly Leather Belt Pro M616,Fashion,Allen Solly,589.0,4.5,"Allen Solly Leather Belt Pro M616. Genuine leather belt with a brushed metal buckle and reversible strap. Skin friendly dye, free from harsh azo chemicals. A staple piece that works from office desk to evening out.",belt leather accessory formal allen solly leather belt
PRD516,Lakme Kajal Pencil,Beauty,Lakme,469.0,3.9,Lakme Kajal Pencil. Smudge proof kajal pencil with an intense matte black finish that lasts all day. Absorbs quickly without leaving a sticky residue. Cruelty free and never tested on animals.,kajal makeup eyes beauty smudgeproof lakme kajal pencil
PRD517,Biba Sports Sandals Lite,Fashion,Biba,1273.0,4.5,"Biba Sports Sandals Lite. Durable sports sandals with adjustable straps and a cushioned anti-skid sole. Skin friendly dye, free from harsh azo chemicals. Reinforced stitching at stress points for a longer life.",sandals sports comfortable anti-skid outdoor biba sports sandals
PRD518,Mi Smart Watch,Electronics,Mi,4469.0,4.2,"Mi Smart Watch. Smart watch with a 11 day battery, SpO2 tracking, heart rate monitor and call support. Environment noise cancellation makes voice calls clear on busy streets. Tuned for punchy bass with a clear mid range for podcasts and calls.",watch smartwatch fitness tracker battery mi smart watch
PRD519,Adidas Dumbbell Set Lite,Sports,Adidas,826.0,3.4,Adidas Dumbbell Set Lite. PVC coated dumbbell set of 9kg pairs with a knurled grip. Comes with a carry bag for easy storage and transport. Compact enough to carry to the gym or the park.,dumbbell fitness gym weights exercise adidas dumbbell set
PRD520,Bloomsbury History Book Classic,Books,Bloomsbury,739.0,3.7,"Bloomsbury History Book Classic. A readable history of modern India from independence to the present day. Written in clear, accessible language for the general reader. Printed on quality paper with a durable perfect bound spine.",book history india reading nonfiction bloomsbury history book
PRD521,Plum Hair Serum Max M622,Beauty,Plum,303.0,3.7,"Plum Hair Serum Max M622. Anti frizz hair serum with argan oil for smooth, shiny and manageable hair. Formulated for Indian weather, from dry winters to humid monsoons. Absorbs quickly without leaving a sticky residue.",serum hair beauty frizz argan plum hair serum
PRD522,Woodland Cotton T-Shirt Classic,Fashion,Woodland,302.0,4.4,Woodland Cotton T-Shirt Classic. Soft combed cotton t shirt with a round neck and colourfast print. Breathable weave keeps you cool through humid afternoons. Available in a regular fit that suits most Indian body types.,tshirt cotton casual clothing comfortable woodland cotton t-shirt
PRD523,Apple Bluetooth Speaker Max,Electronics,Apple,1042.0,4.4,"Apple Bluetooth Speaker Max. Portable bluetooth speaker with 6 hour playback, deep bass and IPX6 splash resistance. Pairs instantly over Bluetooth 5.3 and remembers the last two devices. Lightweight build that slips easily into a laptop bag or jacket pocket.",speaker bluetooth wireless audio bass portable apple bluetooth speaker
PRD524,Himalaya Face Wash Max,Beauty,Himalaya,249.0,3.6,"Himalaya Face Wash Max. Gentle daily face wash with neem and aloe for oil control and clear skin. Dermatologically tested and suitable for sensitive skin. A little goes a long way, so one pack lasts for months.",facewash skincare beauty cleanser daily himalaya face wash
PRD525,Bloomsbury Self-Help Book Classic,Books,Bloomsbury,699.0,4.0,Bloomsbury Self-Help Book Classic. A practical self help book on building habits that actually stick. A thoughtful gift for a curious friend or a student. Compact paperback edition that travels well.,book selfhelp habits reading motivation bloomsbury self-help book
PRD526,Plum Hair Serum Max M627,Beauty,Plum,712.0,4.3,"Plum Hair Serum Max M627. Anti frizz hair serum with argan oil for smooth, shiny and manageable hair. Travel friendly pack that fits in a handbag. Free from parabens, sulphates and mineral oil.",serum hair beauty frizz argan plum hair serum
PRD527,Borosil Electric Kettle,Home & Kitchen,Borosil,731.0,3.5,Borosil Electric Kettle. Rapid boil electric kettle with a 2 litre capacity and auto shut off. Dishwasher safe and easy to clean after heavy Indian cooking. Backed by a replacement guarantee against manufacturing defects.,kettle electric kitchen tea coffee boil borosil electric kettle
PRD528,Bloomsbury Data Science Guide M629,Books,Bloomsbury,1299.0,4.4,"Bloomsbury Data Science Guide M629. A practical guide to data science with Python, covering pandas and machine learning. Includes an index and suggestions for further reading. Compact paperback edition that travels well.",book python data science learning reading bloomsbury data science guide
PRD529,Biotique Body Lotion Lite,Beauty,Biotique,234.0,3.2,"Biotique Body Lotion Lite. Deep nourishing body lotion with shea butter for 29 hour softness. Dermatologically tested and suitable for sensitive skin. A little goes a long way, so one pack lasts for months.",lotion body skincare beauty nourishing biotique body lotion
PRD530,Prestige Pressure Cooker Classic,Home & Kitchen,Prestige,1101.0,4.4,Prestige Pressure Cooker Classic. Induction friendly pressure cooker with a 7 litre capacity and safety valve. Food grade stainless steel with no plastic in contact with food. Ergonomic handle stays cool while cooking.,cooker kitchen cooking induction steel prestige pressure cooker
PRD531,Boat Bluetooth Speaker Lite,Electronics,Boat,2084.0,4.3,"Boat Bluetooth Speaker Lite. Portable bluetooth speaker with 8 hour playback, deep bass and IPX6 splash resistance. Tuned for punchy bass with a clear mid range for podcasts and calls. Lightweight build that slips easily into a laptop bag or jacket pocket.",speaker bluetooth wireless audio bass portable boat bluetooth speaker
PRD532,Noise Bluetooth Mouse Pro,Electronics,Noise,719.0,4.7,Noise Bluetooth Mouse Pro. Silent click wireless mouse with adjustable DPI and 10 month battery life. Tuned for punchy bass with a clear mid range for podcasts and calls. Designed and tested in India for daily commute use.,mouse wireless bluetooth computer silent noise bluetooth mouse
PRD533,Plum Moisturising Cream M634,Beauty,Plum,379.0,3.2,"Plum Moisturising Cream M634. Lightweight moisturising cream with vitamin E for 27 hour hydration. Cruelty free and never tested on animals. A little goes a long way, so one pack lasts for months.",cream moisturiser skincare beauty hydration plum moisturising cream
PRD534,Biba Sports Sandals Pro,Fashion,Biba,1872.0,3.3,Biba Sports Sandals Pro. Durable sports sandals with adjustable straps and a cushioned anti-skid sole. Machine washable fabric that holds colour after repeated washes. Available in a regular fit that suits most Indian body types.,sandals sports comfortable anti-skid outdoor biba sports sandals
PRD535,Bata Leather Belt Plus,Fashion,Bata,670.0,4.7,Bata Leather Belt Plus. Genuine leather belt with a brushed metal buckle and reversible strap. Breathable weave keeps you cool through humid afternoons. Machine washable fabric that holds colour after repeated washes.,belt leather accessory formal bata leather belt
PRD536,Butterfly Pressure Cooker Lite,Home & Kitchen,Butterfly,4499.0,4.5,Butterfly Pressure Cooker Lite. Induction friendly pressure cooker with a 7 litre capacity and safety valve. A practical gift for a new home or a wedding. Compact enough to store on a regular kitchen shelf.,cooker kitchen cooking induction steel butterfly pressure cooker
PRD537,Biotique Moisturising Cream Max,Beauty,Biotique,235.0,4.2,Biotique Moisturising Cream Max. Lightweight moisturising cream with vitamin E for 30 hour hydration. Cruelty free and never tested on animals. Absorbs quickly without leaving a sticky residue.,cream moisturiser skincare beauty hydration biotique moisturising cream
PRD538,Nivia Skipping Rope Classic,Sports,Nivia,347.0,3.7,Nivia Skipping Rope Classic. Adjustable speed skipping rope with ball bearings and foam grips. Sweat resistant finish wipes clean after every session. Built for daily training as well as weekend matches.,skipping rope fitness cardio exercise nivia skipping rope
PRD539,Realme Bluetooth Speaker 2.0 M640,Electronics,Realme,956.0,3.3,"Realme Bluetooth Speaker 2.0 M640. Portable bluetooth speaker with 13 hour playback, deep bass and IPX6 splash resistance. Environment noise cancellation makes voice calls clear on busy streets. Tuned for punchy bass with a clear mid range for podcasts and calls.",speaker bluetooth wireless audio bass portable realme bluetooth speaker
PRD540,Cello Electric Kettle,Home & Kitchen,Cello,2999.0,4.5,Cello Electric Kettle. Rapid boil electric kettle with a 2 litre capacity and auto shut off. Backed by a replacement guarantee against manufacturing defects. Works on gas stoves as well as induction cooktops.,kettle electric kitchen tea coffee boil cello electric kettle
PRD541,Biba Cotton T-Shirt Lite,Fashion,Biba,418.0,3.3,"Biba Cotton T-Shirt Lite. Soft combed cotton t shirt with a round neck and colourfast print. Skin friendly dye, free from harsh azo chemicals. A staple piece that works from office desk to evening out.",tshirt cotton casual clothing comfortable biba cotton t-shirt
PRD542,Noise Bluetooth Speaker Lite,Electronics,Noise,1190.0,4.5,"Noise Bluetooth Speaker Lite. Portable bluetooth speaker with 23 hour playback, deep bass and IPX6 splash resistance. Pairs instantly over Bluetooth 5.3 and remembers the last two devices. Environment noise cancellation makes voice calls clear on busy streets.",speaker bluetooth wireless audio bass portable noise bluetooth speaker
PRD543,Woodland Leather Belt Max,Fashion,Woodland,511.0,3.8,Woodland Leather Belt Max. Genuine leather belt with a brushed metal buckle and reversible strap. Machine washable fabric that holds colour after repeated washes. Breathable weave keeps you cool through humid afternoons.,belt leather accessory formal woodland leather belt
PRD544,Butterfly Non-Stick Tawa Max,Home & Kitchen,Butterfly,1694.0,4.7,"Butterfly Non-Stick Tawa Max. Non stick tawa with a heat resistant handle, perfect for rotis and dosas. Backed by a replacement guarantee against manufacturing defects. Food grade stainless steel with no plastic in contact with food.",tawa kitchen cooking nonstick pan butterfly non-stick tawa
PRD545,Sony Smart Watch Max,Electronics,Sony,1990.0,4.4,"Sony Smart Watch Max. Smart watch with a 7 day battery, SpO2 tracking, heart rate monitor and call support. Comes with a one year manufacturer warranty and free doorstep service. Environment noise cancellation makes voice calls clear on busy streets.",watch smartwatch fitness tracker battery sony smart watch
PRD546,Cosco Dumbbell Set Lite,Sports,Cosco,1784.0,3.3,Cosco Dumbbell Set Lite. PVC coated dumbbell set of 3kg pairs with a knurled grip. Durable materials that survive a full season of use. Built for daily training as well as weekend matches.,dumbbell fitness gym weights exercise cosco dumbbell set
PRD547,JBL Bluetooth Mouse Lite,Electronics,JBL,812.0,3.8,JBL Bluetooth Mouse Lite. Silent click wireless mouse with adjustable DPI and 12 month battery life. Comes with a one year manufacturer warranty and free doorstep service. Tuned for punchy bass with a clear mid range for podcasts and calls.,mouse wireless bluetooth computer silent jbl bluetooth mouse
PRD548,Boult Bluetooth Speaker 2.0,Electronics,Boult,2691.0,4.7,"Boult Bluetooth Speaker 2.0. Portable bluetooth speaker with 8 hour playback, deep bass and IPX6 splash resistance. Pairs instantly over Bluetooth 5.3 and remembers the last two devices. Comes with a one year manufacturer warranty and free doorstep service.",speaker bluetooth wireless audio bass portable boult bluetooth speaker
PRD549,Biba Leather Belt Pro M650,Fashion,Biba,767.0,3.8,Biba Leather Belt Pro M650. Genuine leather belt with a brushed metal buckle and reversible strap. Available in a regular fit that suits most Indian body types. A staple piece that works from office desk to evening out.,belt leather accessory formal biba leather belt
PRD550,Biba Formal Shirt Lite,Fashion,Biba,2786.0,3.7,Biba Formal Shirt Lite. Wrinkle resistant formal shirt in a slim fit with a spread collar. Machine washable fabric that holds colour after repeated washes. Pairs easily with both formal trousers and weekend denim.,shirt formal office clothing slim biba formal shirt
PRD551,Nivea Moisturising Cream Max,Beauty,Nivea,535.0,3.8,"Nivea Moisturising Cream Max. Lightweight moisturising cream with vitamin E for 33 hour hydration. A little goes a long way, so one pack lasts for months. Dermatologically tested and suitable for sensitive skin.",cream moisturiser skincare beauty hydration nivea moisturising cream
PRD552,Nivea Kajal Pencil Pro,Beauty,Nivea,154.0,3.4,"Nivea Kajal Pencil Pro. Smudge proof kajal pencil with an intense matte black finish that lasts all day. Free from parabens, sulphates and mineral oil. Dermatologically tested and suitable for sensitive skin.",kajal makeup eyes beauty smudgeproof nivea kajal pencil
PRD553,Rupa Children's Storybook Plus,Books,Rupa,163.0,3.5,"Rupa Children's Storybook Plus. An illustrated children's storybook with 19 short bedtime stories. Printed on quality paper with a durable perfect bound spine. Written in clear, accessible language for the general reader.",book children stories illustrated reading rupa children's storybook
PRD554,Borosil Steel Lunch Box Plus,Home & Kitchen,Borosil,403.0,3.3,Borosil Steel Lunch Box Plus. Leak proof stainless steel lunch box with 2 compartments and an insulated sleeve. Compact enough to store on a regular kitchen shelf. Backed by a replacement guarantee against manufacturing defects.,lunchbox steel kitchen tiffin insulated borosil steel lunch box
PRD555,Boult Bluetooth Speaker Pro,Electronics,Boult,2277.0,4.2,"Boult Bluetooth Speaker Pro. Portable bluetooth speaker with 15 hour playback, deep bass and IPX6 splash resistance. Comes with a one year manufacturer warranty and free doorstep service. Lightweight build that slips easily into a laptop bag or jacket pocket.",speaker bluetooth wireless audio bass portable boult bluetooth speaker
PRD556,Woodland Formal Shirt Plus,Fashion,Woodland,1340.0,4.6,Woodland Formal Shirt Plus. Wrinkle resistant formal shirt in a slim fit with a spread collar. Available in a regular fit that suits most Indian body types. Reinforced stitching at stress points for a longer life.,shirt formal office clothing slim woodland formal shirt
PRD557,Biba Cotton Kurta Classic M658,Fashion,Biba,1680.0,4.7,"Biba Cotton Kurta Classic M658. Breathable cotton kurta with a regular fit, ideal for daily wear and festive occasions. A staple piece that works from office desk to evening out. Pairs easily with both formal trousers and weekend denim.",kurta cotton ethnic clothing comfortable biba cotton kurta
PRD558,Adidas Yoga Mat 2.0,Sports,Adidas,858.0,4.2,"Adidas Yoga Mat 2.0. Anti skid yoga mat, 8mm thick with a textured grip surface and carry strap. Sweat resistant finish wipes clean after every session. Comes with a carry bag for easy storage and transport.",yoga mat fitness exercise antiskid adidas yoga mat
PRD559,Nivia Skipping Rope Max,Sports,Nivia,899.0,4.4,Nivia Skipping Rope Max. Adjustable speed skipping rope with ball bearings and foam grips. Sweat resistant finish wipes clean after every session. Tested for grip on both indoor courts and rough outdoor surfaces.,skipping rope fitness cardio exercise nivia skipping rope
PRD560,Samsung Smart Watch M661,Electronics,Samsung,2449.0,3.7,"Samsung Smart Watch M661. Smart watch with a 10 day battery, SpO2 tracking, heart rate monitor and call support. Tuned for punchy bass with a clear mid range for podcasts and calls. Lightweight build that slips easily into a laptop bag or jacket pocket.",watch smartwatch fitness tracker battery samsung smart watch
PRD561,Hawkins Storage Container Set,Home & Kitchen,Hawkins,1136.0,4.5,"Hawkins Storage Container Set. Airtight storage container set of 10, stackable and dishwasher safe. Food grade stainless steel with no plastic in contact with food. Compact enough to store on a regular kitchen shelf.",container storage kitchen airtight set hawkins storage container set
PRD562,Westland History Book Classic,Books,Westland,999.0,4.5,"Westland History Book Classic. A readable history of modern India from independence to the present day. Compact paperback edition that travels well. Written in clear, accessible language for the general reader.",book history india reading nonfiction westland history book
PRD563,Samsung Wired Earphones Pro,Electronics,Samsung,443.0,4.2,"Samsung Wired Earphones Pro. In ear wired earphones with a moulded fit, tangle free cable and inline mic. Environment noise cancellation makes voice calls clear on busy streets. Lightweight build that slips easily into a laptop bag or jacket pocket.",earphones wired audio music mic samsung wired earphones
PRD564,Peter England Sports Sandals Classic,Fashion,Peter England,647.0,4.1,Peter England Sports Sandals Classic. Durable sports sandals with adjustable straps and a cushioned anti-skid sole. Reinforced stitching at stress points for a longer life. Available in a regular fit that suits most Indian body types.,sandals sports comfortable anti-skid outdoor peter england sports sandals
PRD565,Samsung Bluetooth Speaker,Electronics,Samsung,941.0,4.4,"Samsung Bluetooth Speaker. Portable bluetooth speaker with 11 hour playback, deep bass and IPX6 splash resistance. Type C fast charging gives a full day of use from a ten minute top up. Environment noise cancellation makes voice calls clear on busy streets.",speaker bluetooth wireless audio bass portable samsung bluetooth speaker
PRD566,Boat Power Bank Lite,Electronics,Boat,2710.0,3.6,Boat Power Bank Lite. Fast charging power bank with 16000mAh capacity and dual output ports. Comes with a one year manufacturer warranty and free doorstep service. Designed and tested in India for daily commute use.,powerbank charger battery portable fast boat power bank
PRD567,Realme Smart Watch M668,Electronics,Realme,5695.0,4.1,"Realme Smart Watch M668. Smart watch with a 11 day battery, SpO2 tracking, heart rate monitor and call support. Comes with a one year manufacturer warranty and free doorstep service. Designed and tested in India for daily commute use.",watch smartwatch fitness tracker battery realme smart watch
PRD568,Sparx Formal Shirt Plus,Fashion,Sparx,1466.0,4.5,Sparx Formal Shirt Plus. Wrinkle resistant formal shirt in a slim fit with a spread collar. A staple piece that works from office desk to evening out. Breathable weave keeps you cool through humid afternoons.,shirt formal office clothing slim sparx formal shirt
PRD569,Peter England Running Shorts M670,Fashion,Peter England,765.0,4.6,Peter England Running Shorts M670. Quick dry running shorts with an elastic waistband and side pockets. A staple piece that works from office desk to evening out. Machine washable fabric that holds colour after repeated washes.,shorts running sports clothing quickdry peter england running shorts
PRD570,HarperCollins Self-Help Book 2.0,Books,HarperCollins,310.0,3.5,"HarperCollins Self-Help Book 2.0. A practical self help book on building habits that actually stick. Includes an index and suggestions for further reading. Written in clear, accessible language for the general reader.",book selfhelp habits reading motivation harpercollins self-help book
PRD571,Hawkins Electric Kettle Classic,Home & Kitchen,Hawkins,1757.0,3.5,Hawkins Electric Kettle Classic. Rapid boil electric kettle with a 2 litre capacity and auto shut off. Backed by a replacement guarantee against manufacturing defects. Works on gas stoves as well as induction cooktops.,kettle electric kitchen tea coffee boil hawkins electric kettle
PRD572,Apple Smart Watch Lite M673,Electronics,Apple,1534.0,3.2,"Apple Smart Watch Lite M673. Smart watch with a 7 day battery, SpO2 tracking, heart rate monitor and call support. Environment noise cancellation makes voice calls clear on busy streets. Pairs instantly over Bluetooth 5.3 and remembers the last two devices.",watch smartwatch fitness tracker battery apple smart watch
PRD573,Peter England Sports Sandals,Fashion,Peter England,652.0,3.5,Peter England Sports Sandals. Durable sports sandals with adjustable straps and a cushioned anti-skid sole. Available in a regular fit that suits most Indian body types. Pairs easily with both formal trousers and weekend denim.,sandals sports comfortable anti-skid outdoor peter england sports sandals
PRD574,Mi Wired Earphones,Electronics,Mi,318.0,3.8,"Mi Wired Earphones. In ear wired earphones with a moulded fit, tangle free cable and inline mic. Lightweight build that slips easily into a laptop bag or jacket pocket. Tuned for punchy bass with a clear mid range for podcasts and calls.",earphones wired audio music mic mi wired earphones
PRD575,Cosco Football 2.0,Sports,Cosco,2199.0,4.1,"Cosco Football 2.0. Machine stitched football with a durable rubber bladder, size 5. Comes with a carry bag for easy storage and transport. Built for daily training as well as weekend matches.",football sports ball game outdoor cosco football
PRD576,Plum Face Wash Pro M677,Beauty,Plum,177.0,3.4,"Plum Face Wash Pro M677. Gentle daily face wash with neem and aloe for oil control and clear skin. Absorbs quickly without leaving a sticky residue. Formulated for Indian weather, from dry winters to humid monsoons.",facewash skincare beauty cleanser daily plum face wash
PRD577,Mi Smart Watch Plus M678,Electronics,Mi,1502.0,3.7,"Mi Smart Watch Plus M678. Smart watch with a 10 day battery, SpO2 tracking, heart rate monitor and call support. Type C fast charging gives a full day of use from a ten minute top up. Comes with a one year manufacturer warranty and free doorstep service.",watch smartwatch fitness tracker battery mi smart watch
PRD578,Aleph Cookbook Classic,Books,Aleph,974.0,4.4,Aleph Cookbook Classic. A regional Indian cookbook with 80 tested home style recipes and cooking tips. Draws on interviews and primary research throughout. Compact paperback edition that travels well.,book cookbook cooking recipes kitchen gift aleph cookbook
PRD579,Plum Hair Serum 2.0 M680,Beauty,Plum,661.0,4.1,"Plum Hair Serum 2.0 M680. Anti frizz hair serum with argan oil for smooth, shiny and manageable hair. Dermatologically tested and suitable for sensitive skin. Travel friendly pack that fits in a handbag.",serum hair beauty frizz argan plum hair serum
PRD580,Nivia Yoga Mat Classic,Sports,Nivia,762.0,4.1,"Nivia Yoga Mat Classic. Anti skid yoga mat, 4mm thick with a textured grip surface and carry strap. Suits beginners while still holding up for regular players. Comes with a carry bag for easy storage and transport.",yoga mat fitness exercise antiskid nivia yoga mat
PRD581,Woodland Leather Belt Pro,Fashion,Woodland,637.0,4.4,Woodland Leather Belt Pro. Genuine leather belt with a brushed metal buckle and reversible strap. Pairs easily with both formal trousers and weekend denim. A staple piece that works from office desk to evening out.,belt leather accessory formal woodland leather belt
PRD582,Decathlon Yoga Mat Classic,Sports,Decathlon,1095.0,3.3,"Decathlon Yoga Mat Classic. Anti skid yoga mat, 8mm thick with a textured grip surface and carry strap. Built for daily training as well as weekend matches. Suits beginners while still holding up for regular players.",yoga mat fitness exercise antiskid decathlon yoga mat
PRD583,Biba Leather Belt Plus,Fashion,Biba,735.0,4.6,Biba Leather Belt Plus. Genuine leather belt with a brushed metal buckle and reversible strap. A staple piece that works from office desk to evening out. Reinforced stitching at stress points for a longer life.,belt leather accessory formal biba leather belt
PRD584,Nike Skipping Rope,Sports,Nike,202.0,3.7,Nike Skipping Rope. Adjustable speed skipping rope with ball bearings and foam grips. Suits beginners while still holding up for regular players. Comes with a carry bag for easy storage and transport.,skipping rope fitness cardio exercise nike skipping rope
PRD585,Nivea Face Wash Plus M686,Beauty,Nivea,192.0,3.2,"Nivea Face Wash Plus M686. Gentle daily face wash with neem and aloe for oil control and clear skin. Free from parabens, sulphates and mineral oil. Absorbs quickly without leaving a sticky residue.",facewash skincare beauty cleanser daily nivea face wash
PRD586,Biba Running Shorts Pro,Fashion,Biba,738.0,3.4,"Biba Running Shorts Pro. Quick dry running shorts with an elastic waistband and side pockets. Skin friendly dye, free from harsh azo chemicals. Breathable weave keeps you cool through humid afternoons.",shorts running sports clothing quickdry biba running shorts
PRD587,Yonex Football Classic,Sports,Yonex,1709.0,3.5,"Yonex Football Classic. Machine stitched football with a durable rubber bladder, size 5. Built for daily training as well as weekend matches. Comes with a carry bag for easy storage and transport.",football sports ball game outdoor yonex football
PRD588,JBL Smart Watch M689,Electronics,JBL,3249.0,3.7,"JBL Smart Watch M689. Smart watch with a 5 day battery, SpO2 tracking, heart rate monitor and call support. Environment noise cancellation makes voice calls clear on busy streets. Lightweight build that slips easily into a laptop bag or jacket pocket.",watch smartwatch fitness tracker battery jbl smart watch
PRD589,Allen Solly Sports Sandals M690,Fashion,Allen Solly,661.0,4.1,Allen Solly Sports Sandals M690. Durable sports sandals with adjustable straps and a cushioned anti-skid sole. Pairs easily with both formal trousers and weekend denim. A staple piece that works from office desk to evening out.,sandals sports comfortable anti-skid outdoor allen solly sports sandals
PRD590,Sparx Cotton T-Shirt 2.0,Fashion,Sparx,389.0,4.5,Sparx Cotton T-Shirt 2.0. Soft combed cotton t shirt with a round neck and colourfast print. Machine washable fabric that holds colour after repeated washes. A staple piece that works from office desk to evening out.,tshirt cotton casual clothing comfortable sparx cotton t-shirt
PRD591,Bloomsbury Self-Help Book,Books,Bloomsbury,258.0,4.1,"Bloomsbury Self-Help Book. A practical self help book on building habits that actually stick. Widely recommended by readers and reviewers alike. Written in clear, accessible language for the general reader.",book selfhelp habits reading motivation bloomsbury self-help book
PRD592,Levis Cotton T-Shirt 2.0,Fashion,Levis,555.0,4.8,Levis Cotton T-Shirt 2.0. Soft combed cotton t shirt with a round neck and colourfast print. A staple piece that works from office desk to evening out. Available in a regular fit that suits most Indian body types.,tshirt cotton casual clothing comfortable levis cotton t-shirt
PRD593,Himalaya Kajal Pencil,Beauty,Himalaya,289.0,4.3,Himalaya Kajal Pencil. Smudge proof kajal pencil with an intense matte black finish that lasts all day. Dermatologically tested and suitable for sensitive skin. Cruelty free and never tested on animals.,kajal makeup eyes beauty smudgeproof himalaya kajal pencil
PRD594,JBL Bluetooth Speaker Lite M695,Electronics,JBL,3866.0,3.6,"JBL Bluetooth Speaker Lite M695. Portable bluetooth speaker with 9 hour playback, deep bass and IPX6 splash resistance. Type C fast charging gives a full day of use from a ten minute top up. Designed and tested in India for daily commute use.",speaker bluetooth wireless audio bass portable jbl bluetooth speaker
PRD595,Sparx Sports Sandals Max,Fashion,Sparx,934.0,4.7,"Sparx Sports Sandals Max. Durable sports sandals with adjustable straps and a cushioned anti-skid sole. Pairs easily with both formal trousers and weekend denim. Skin friendly dye, free from harsh azo chemicals.",sandals sports comfortable anti-skid outdoor sparx sports sandals
PRD596,Sony Wired Earphones Max,Electronics,Sony,440.0,3.4,"Sony Wired Earphones Max. In ear wired earphones with a moulded fit, tangle free cable and inline mic. Type C fast charging gives a full day of use from a ten minute top up. Tuned for punchy bass with a clear mid range for podcasts and calls.",earphones wired audio music mic sony wired earphones
PRD597,Mi Wired Earphones 2.0,Electronics,Mi,541.0,4.7,"Mi Wired Earphones 2.0. In ear wired earphones with a moulded fit, tangle free cable and inline mic. Pairs instantly over Bluetooth 5.3 and remembers the last two devices. Lightweight build that slips easily into a laptop bag or jacket pocket.",earphones wired audio music mic mi wired earphones
PRD598,Boult Bluetooth Speaker M699,Electronics,Boult,1275.0,4.0,"Boult Bluetooth Speaker M699. Portable bluetooth speaker with 16 hour playback, deep bass and IPX6 splash resistance. Designed and tested in India for daily commute use. Lightweight build that slips easily into a laptop bag or jacket pocket.",speaker bluetooth wireless audio bass portable boult bluetooth speaker
PRD599,Samsung Power Bank Lite,Electronics,Samsung,1030.0,4.3,Samsung Power Bank Lite. Fast charging power bank with 19000mAh capacity and dual output ports. Type C fast charging gives a full day of use from a ten minute top up. Environment noise cancellation makes voice calls clear on busy streets.,powerbank charger battery portable fast samsung power bank
PRD600,Allen Solly Cotton T-Shirt M701,Fashion,Allen Solly,763.0,4.2,"Allen Solly Cotton T-Shirt M701. Soft combed cotton t shirt with a round neck and colourfast print. Pairs easily with both formal trousers and weekend denim. Skin friendly dye, free from harsh azo chemicals.",tshirt cotton casual clothing comfortable allen solly cotton t-shirt
